259;55;А.;0;initiaal
661;55;А.А.;0;initiaal
660;55;А.Б.;0;initiaal
659;55;А.В.;0;initiaal
662;55;А.Г.;0;initiaal
665;55;А.Д.;0;initiaal
664;55;А.Е.;0;initiaal
658;55;А.Ж.;0;initiaal
653;55;А.З.;0;initiaal
652;55;А.И.;0;initiaal
651;55;А.Й.;0;initiaal
654;55;А.К.;0;initiaal
657;55;А.Л.;0;initiaal
656;55;А.М.;0;initiaal
655;55;А.Н.;0;initiaal
676;55;А.О.;0;initiaal
675;55;А.П.;0;initiaal
674;55;А.Р.;0;initiaal
677;55;А.С.;0;initiaal
680;55;А.Т.;0;initiaal
679;55;А.У.;0;initiaal
678;55;А.Ф.;0;initiaal
673;55;А.Х.;0;initiaal
668;55;А.Ц.;0;initiaal
667;55;А.Ч.;0;initiaal
666;55;А.Ш.;0;initiaal
669;55;А.Щ.;0;initiaal
672;55;А.Э.;0;initiaal
671;55;А.Ю.;0;initiaal
670;55;А.Я.;0;initiaal
349;55;авт.;0;автор
355;55;англ.;0;английский
262;55;Б.;0;initiaal
650;55;Б.А.;0;initiaal
630;55;Б.Б.;0;initiaal
629;55;Б.В.;0;initiaal
628;55;Б.Г.;0;initiaal
631;55;Б.Д.;0;initiaal
634;55;Б.Е.;0;initiaal
632;55;Б.Ж.;0;initiaal
627;55;Б.З.;0;initiaal
622;55;Б.И.;0;initiaal
621;55;Б.Й.;0;initiaal
620;55;Б.К.;0;initiaal
623;55;Б.Л.;0;initiaal
626;55;Б.М.;0;initiaal
625;55;Б.Н.;0;initiaal
624;55;Б.О.;0;initiaal
645;55;Б.П.;0;initiaal
644;55;Б.Р.;0;initiaal
643;55;Б.С.;0;initiaal
646;55;Б.Т.;0;initiaal
649;55;Б.У.;0;initiaal
648;55;Б.Ф.;0;initiaal
647;55;Б.Х.;0;initiaal
642;55;Б.Ц.;0;initiaal
637;55;Б.Ч.;0;initiaal
636;55;Б.Ш.;0;initiaal
635;55;Б.Щ.;0;initiaal
638;55;Б.Э.;0;initiaal
641;55;Б.Ю.;0;initiaal
640;55;Б.Я.;0;initiaal
261;55;В.;0;initiaal
1061;55;в.;0;в (том числе), век
639;55;В.А.;0;initiaal
681;55;В.Б.;0;initiaal
723;55;В.В.;0;initiaal
722;55;В.Г.;0;initiaal
721;55;В.Д.;0;initiaal
724;55;В.Е.;0;initiaal
726;55;В.Ж.;0;initiaal
725;55;В.З.;0;initiaal
720;55;В.И.;0;initiaal
715;55;В.Й.;0;initiaal
714;55;В.К.;0;initiaal
713;55;В.Л.;0;initiaal
716;55;В.М.;0;initiaal
719;55;В.Н.;0;initiaal
718;55;В.О.;0;initiaal
717;55;В.П.;0;initiaal
738;55;В.Р.;0;initiaal
737;55;В.С.;0;initiaal
736;55;В.Т.;0;initiaal
739;55;В.У.;0;initiaal
742;55;В.Ф.;0;initiaal
741;55;В.Х.;0;initiaal
740;55;В.Ц.;0;initiaal
735;55;В.Ч.;0;initiaal
730;55;В.Ш.;0;initiaal
729;55;В.Щ.;0;initiaal
728;55;В.Э.;0;initiaal
731;55;В.Ю.;0;initiaal
734;55;В.Я.;0;initiaal
353;55;вв.;0;века
348;55;внутр.;0;внутренный
260;55;Г.;0;initiaal
1068;55;г.;0;год
733;55;Г.А.;0;initiaal
732;55;Г.Б.;0;initiaal
712;55;Г.В.;0;initiaal
692;55;Г.Г.;0;initiaal
691;55;Г.Д.;0;initiaal
690;55;Г.Е.;0;initiaal
696;55;Г.Ж.;0;initiaal
695;55;Г.З.;0;initiaal
694;55;Г.И.;0;initiaal
689;55;Г.Й.;0;initiaal
684;55;Г.К.;0;initiaal
683;55;Г.Л.;0;initiaal
682;55;Г.М.;0;initiaal
685;55;Г.Н.;0;initiaal
688;55;Г.О.;0;initiaal
687;55;Г.П.;0;initiaal
686;55;Г.Р.;0;initiaal
707;55;Г.С.;0;initiaal
706;55;Г.Т.;0;initiaal
705;55;Г.У.;0;initiaal
708;55;Г.Ф.;0;initiaal
711;55;Г.Х.;0;initiaal
710;55;Г.Ц.;0;initiaal
709;55;Г.Ч.;0;initiaal
704;55;Г.Ш.;0;initiaal
699;55;Г.Щ.;0;initiaal
698;55;Г.Э.;0;initiaal
697;55;Г.Ю.;0;initiaal
700;55;Г.Я.;0;initiaal
342;55;гг.;0;года
255;55;Д.;0;initiaal
703;55;Д.А.;0;initiaal
702;55;Д.Б.;0;initiaal
701;55;Д.В.;0;initiaal
619;55;Д.Г.;0;initiaal
537;55;Д.Д.;0;initiaal
536;55;Д.Е.;0;initiaal
538;55;Д.Ж.;0;initiaal
541;55;Д.З.;0;initiaal
540;55;Д.И.;0;initiaal
539;55;Д.Й.;0;initiaal
534;55;Д.К.;0;initiaal
529;55;Д.Л.;0;initiaal
528;55;Д.М.;0;initiaal
344;55;д.м.н.;0;доктор медицинских наук
527;55;Д.Н.;0;initiaal
530;55;Д.О.;0;initiaal
533;55;Д.П.;0;initiaal
347;55;д.п.н.;0;доктор психологических наук
532;55;Д.Р.;0;initiaal
531;55;Д.С.;0;initiaal
552;55;Д.Т.;0;initiaal
551;55;Д.У.;0;initiaal
550;55;Д.Ф.;0;initiaal
553;55;Д.Х.;0;initiaal
556;55;Д.Ц.;0;initiaal
555;55;Д.Ч.;0;initiaal
554;55;Д.Ш.;0;initiaal
549;55;Д.Щ.;0;initiaal
544;55;Д.Э.;0;initiaal
543;55;Д.Ю.;0;initiaal
542;55;Д.Я.;0;initiaal
1080;55;Дж.;0;initiaal
1082;55;Дж.Б.;0;initiaal
1081;55;Дж.К.;0;initiaal
1079;55;Дж.Л.;0;initiaal
1076;55;Дж.М.;0;initiaal
1077;55;Дж.Н.;0;initiaal
1078;55;Дж.П.;0;initiaal
1083;55;Дж.Р.;0;initiaal
1088;55;Дж.С.;0;initiaal
346;55;Дж.Ст.;0;initiaal
1089;55;Дж.Т.;0;initiaal
1090;55;Дж.Ф.;0;initiaal
1087;55;Дж.Х.;0;initiaal
345;55;долл.;0;доллар
250;55;Е.;0;initiaal
1074;55;е.;0;(то) есть
511;55;Е.А.;0;initiaal
548;55;Е.Б.;0;initiaal
547;55;Е.В.;0;initiaal
546;55;Е.Г.;0;initiaal
526;55;Е.Д.;0;initiaal
506;55;Е.Е.;0;initiaal
504;55;Е.Ж.;0;initiaal
507;55;Е.З.;0;initiaal
510;55;Е.И.;0;initiaal
509;55;Е.Й.;0;initiaal
508;55;Е.К.;0;initiaal
503;55;Е.Л.;0;initiaal
498;55;Е.М.;0;initiaal
497;55;Е.Н.;0;initiaal
496;55;Е.О.;0;initiaal
499;55;Е.П.;0;initiaal
502;55;Е.Р.;0;initiaal
501;55;Е.С.;0;initiaal
500;55;Е.Т.;0;initiaal
521;55;Е.У.;0;initiaal
520;55;Е.Ф.;0;initiaal
519;55;Е.Х.;0;initiaal
522;55;Е.Ц.;0;initiaal
525;55;Е.Ч.;0;initiaal
524;55;Е.Ш.;0;initiaal
523;55;Е.Щ.;0;initiaal
518;55;Е.Э.;0;initiaal
513;55;Е.Ю.;0;initiaal
512;55;Е.Я.;0;initiaal
248;55;Ж.;0;initiaal
1085;55;Ж.-Л.;0;initiaal
1086;55;Ж.-М.;0;initiaal
1084;55;Ж.-П.;0;initiaal
365;55;Ж.-ф.;0;initiaal
605;55;Ж.А.;0;initiaal
604;55;Ж.Б.;0;initiaal
607;55;Ж.В.;0;initiaal
610;55;Ж.Г.;0;initiaal
609;55;Ж.Д.;0;initiaal
608;55;Ж.Е.;0;initiaal
568;55;Ж.Ж.;0;initiaal
567;55;Ж.З.;0;initiaal
566;55;Ж.И.;0;initiaal
569;55;Ж.Й.;0;initiaal
572;55;Ж.К.;0;initiaal
571;55;Ж.Л.;0;initiaal
570;55;Ж.М.;0;initiaal
565;55;Ж.Н.;0;initiaal
560;55;Ж.О.;0;initiaal
559;55;Ж.П.;0;initiaal
558;55;Ж.Р.;0;initiaal
561;55;Ж.С.;0;initiaal
564;55;Ж.Т.;0;initiaal
563;55;Ж.У.;0;initiaal
562;55;Ж.Ф.;0;initiaal
583;55;Ж.Х.;0;initiaal
582;55;Ж.Ц.;0;initiaal
581;55;Ж.Ч.;0;initiaal
584;55;Ж.Ш.;0;initiaal
587;55;Ж.Щ.;0;initiaal
586;55;Ж.Э.;0;initiaal
585;55;Ж.Ю.;0;initiaal
580;55;Ж.Я.;0;initiaal
251;55;З.;0;initiaal
575;55;З.А.;0;initiaal
574;55;З.Б.;0;initiaal
573;55;З.В.;0;initiaal
576;55;З.Г.;0;initiaal
579;55;З.Д.;0;initiaal
578;55;З.Е.;0;initiaal
908;55;З.Ж.;0;initiaal
907;55;З.З.;0;initiaal
906;55;З.И.;0;initiaal
909;55;З.Й.;0;initiaal
912;55;З.К.;0;initiaal
911;55;З.Л.;0;initiaal
910;55;З.М.;0;initiaal
905;55;З.Н.;0;initiaal
900;55;З.О.;0;initiaal
899;55;З.П.;0;initiaal
898;55;З.Р.;0;initiaal
901;55;З.С.;0;initiaal
904;55;З.Т.;0;initiaal
903;55;З.У.;0;initiaal
902;55;З.Ф.;0;initiaal
923;55;З.Х.;0;initiaal
922;55;З.Ц.;0;initiaal
921;55;З.Ч.;0;initiaal
924;55;З.Ш.;0;initiaal
927;55;З.Щ.;0;initiaal
926;55;З.Э.;0;initiaal
925;55;З.Ю.;0;initiaal
920;55;З.Я.;0;initiaal
254;55;И.;0;initiaal
1091;55;и.;0;и (тому подобнее), и (так далее)
915;55;И.А.;0;initiaal
914;55;И.Б.;0;initiaal
913;55;И.В.;0;initiaal
916;55;И.Г.;0;initiaal
919;55;И.Д.;0;initiaal
918;55;И.Е.;0;initiaal
897;55;И.Ж.;0;initiaal
877;55;И.З.;0;initiaal
876;55;И.И.;0;initiaal
875;55;И.Й.;0;initiaal
878;55;И.К.;0;initiaal
881;55;И.Л.;0;initiaal
880;55;И.М.;0;initiaal
879;55;И.Н.;0;initiaal
874;55;И.О.;0;initiaal
869;55;И.П.;0;initiaal
868;55;И.Р.;0;initiaal
867;55;И.С.;0;initiaal
870;55;И.Т.;0;initiaal
873;55;И.У.;0;initiaal
872;55;И.Ф.;0;initiaal
871;55;И.Х.;0;initiaal
892;55;И.Ц.;0;initiaal
891;55;И.Ч.;0;initiaal
890;55;И.Ш.;0;initiaal
893;55;И.Щ.;0;initiaal
896;55;И.Э.;0;initiaal
895;55;И.Ю.;0;initiaal
894;55;И.Я.;0;initiaal
253;55;Й.;0;initiaal
889;55;Й.А.;0;initiaal
884;55;Й.Б.;0;initiaal
883;55;Й.В.;0;initiaal
882;55;Й.Г.;0;initiaal
885;55;Й.Д.;0;initiaal
888;55;Й.Е.;0;initiaal
886;55;Й.Ж.;0;initiaal
928;55;Й.З.;0;initiaal
970;55;Й.И.;0;initiaal
969;55;Й.Й.;0;initiaal
968;55;Й.К.;0;initiaal
971;55;Й.Л.;0;initiaal
974;55;Й.М.;0;initiaal
973;55;Й.Н.;0;initiaal
972;55;Й.О.;0;initiaal
967;55;Й.П.;0;initiaal
962;55;Й.Р.;0;initiaal
961;55;Й.С.;0;initiaal
960;55;Й.Т.;0;initiaal
963;55;Й.У.;0;initiaal
966;55;Й.Ф.;0;initiaal
965;55;Й.Х.;0;initiaal
964;55;Й.Ц.;0;initiaal
985;55;Й.Ч.;0;initiaal
984;55;Й.Ш.;0;initiaal
983;55;Й.Щ.;0;initiaal
986;55;Й.Э.;0;initiaal
989;55;Й.Ю.;0;initiaal
988;55;Й.Я.;0;initiaal
252;55;К.;0;initiaal
1075;55;к.;0;(так) как
987;55;К.А.;0;initiaal
982;55;К.Б.;0;initiaal
977;55;К.В.;0;initiaal
976;55;К.Г.;0;initiaal
975;55;К.Д.;0;initiaal
978;55;К.Е.;0;initiaal
980;55;К.Ж.;0;initiaal
979;55;К.З.;0;initiaal
959;55;К.И.;0;initiaal
939;55;К.Й.;0;initiaal
938;55;К.К.;0;initiaal
937;55;К.Л.;0;initiaal
940;55;К.М.;0;initiaal
943;55;К.Н.;0;initiaal
942;55;К.О.;0;initiaal
941;55;К.П.;0;initiaal
936;55;К.Р.;0;initiaal
931;55;К.С.;0;initiaal
930;55;К.Т.;0;initiaal
929;55;К.У.;0;initiaal
932;55;К.Ф.;0;initiaal
935;55;К.Х.;0;initiaal
934;55;К.Ц.;0;initiaal
933;55;К.Ч.;0;initiaal
954;55;К.Ш.;0;initiaal
953;55;К.Щ.;0;initiaal
952;55;К.Э.;0;initiaal
955;55;К.Ю.;0;initiaal
958;55;К.Я.;0;initiaal
1015;55;какая-л.;0;какая-либо   
1016;55;какая-н.;0;какая-нибудь  
995;55;какие-л.;0;какие-либо   
996;55;какие-н.;0;какие-нибудь  
1009;55;каким-л.;0;каким-либо    
1010;55;каким-н.;0;каким-нибудь  
991;55;какими-л.;0;какими-либо 
992;55;какими-н.;0;какими-нибудь
998;55;каких-л.;0;каких-либо    
997;55;каких-н.;0;каких-нибудь  
1013;55;какого-л.;0;какого-либо 
1014;55;какого-н.;0;какого-нибудь
1021;55;какое-л.;0;какое-либо   
1022;55;какое-н.;0;какое-нибудь  
1011;55;какой-л.;0;какой-либо   
1012;55;какой-н.;0;какой-нибудь
1020;55;каком-л.;0;каком-либо   
1019;55;каком-н.;0;каком-нибудь  
1007;55;какому-л.;0;какому-либо 
1008;55;какому-н.;0;какому-нибудь
1017;55;какую-л.;0;какую-либо   
1018;55;какую-н.;0;какую-нибудь  
1060;55;кв.;0;квадратный
1002;55;кем-л.;0;кем-либо       
1005;55;кем-н.;0;кем-нибудь     
1004;55;кого-л.;0;кого-либо      
1003;55;кого-н.;0;кого-нибудь    
1000;55;ком-л.;0;ком-либо       
999;55;ком-н.;0;ком-нибудь     
1001;55;кому-л.;0;кому-либо      
1006;55;кому-н.;0;кому-нибудь    
994;55;кто-л.;0;кто-либо      
993;55;кто-н.;0;кто-нибудь      
1055;55;куб.;0;кубический
273;55;Л.;0;initiaal
957;55;Л.А.;0;initiaal
956;55;Л.Б.;0;initiaal
951;55;Л.В.;0;initiaal
946;55;Л.Г.;0;initiaal
945;55;Л.Д.;0;initiaal
944;55;Л.Е.;0;initiaal
950;55;Л.Ж.;0;initiaal
949;55;Л.З.;0;initiaal
948;55;Л.И.;0;initiaal
866;55;Л.Й.;0;initiaal
784;55;Л.К.;0;initiaal
783;55;Л.Л.;0;initiaal
782;55;Л.М.;0;initiaal
785;55;Л.Н.;0;initiaal
788;55;Л.О.;0;initiaal
787;55;Л.П.;0;initiaal
786;55;Л.Р.;0;initiaal
781;55;Л.С.;0;initiaal
1070;55;л.с.;0;лошадная сила
776;55;Л.Т.;0;initiaal
775;55;Л.У.;0;initiaal
774;55;Л.Ф.;0;initiaal
777;55;Л.Х.;0;initiaal
780;55;Л.Ц.;0;initiaal
779;55;Л.Ч.;0;initiaal
778;55;Л.Ш.;0;initiaal
799;55;Л.Щ.;0;initiaal
798;55;Л.Э.;0;initiaal
797;55;Л.Ю.;0;initiaal
800;55;Л.Я.;0;initiaal
340;55;лит.;0;литературный
272;55;М.;0;initiaal
1058;55;м.;0;метр
320;55;М.-Л.;0;Москва-Ленинград
803;55;М.А.;0;initiaal
802;55;М.Б.;0;initiaal
801;55;М.В.;0;initiaal
796;55;М.Г.;0;initiaal
791;55;М.Д.;0;initiaal
790;55;М.Е.;0;initiaal
792;55;М.Ж.;0;initiaal
795;55;М.З.;0;initiaal
794;55;М.И.;0;initiaal
793;55;М.Й.;0;initiaal
773;55;М.К.;0;initiaal
753;55;М.Л.;0;initiaal
752;55;М.М.;0;initiaal
751;55;М.Н.;0;initiaal
754;55;М.О.;0;initiaal
757;55;М.П.;0;initiaal
756;55;М.Р.;0;initiaal
755;55;М.С.;0;initiaal
750;55;М.Т.;0;initiaal
745;55;М.У.;0;initiaal
744;55;М.Ф.;0;initiaal
743;55;М.Х.;0;initiaal
746;55;М.Ц.;0;initiaal
749;55;М.Ч.;0;initiaal
748;55;М.Ш.;0;initiaal
747;55;М.Щ.;0;initiaal
768;55;М.Э.;0;initiaal
767;55;М.Ю.;0;initiaal
766;55;М.Я.;0;initiaal
319;55;мес.;0;месяц
1072;55;мин.;0;министр, минута
321;55;млн.;0;миллион
324;55;млрд.;0;миллиард
271;55;Н.;0;initiaal
1069;55;н.;0;(до) нашей (эры), (так) называемый
769;55;Н.А.;0;initiaal
772;55;Н.Б.;0;initiaal
771;55;Н.В.;0;initiaal
770;55;Н.Г.;0;initiaal
765;55;Н.Д.;0;initiaal
760;55;Н.Е.;0;initiaal
758;55;Н.Ж.;0;initiaal
761;55;Н.З.;0;initiaal
764;55;Н.И.;0;initiaal
763;55;Н.Й.;0;initiaal
762;55;Н.К.;0;initiaal
804;55;Н.Л.;0;initiaal
846;55;Н.М.;0;initiaal
845;55;Н.Н.;0;initiaal
844;55;Н.О.;0;initiaal
847;55;Н.П.;0;initiaal
850;55;Н.Р.;0;initiaal
849;55;Н.С.;0;initiaal
848;55;Н.Т.;0;initiaal
843;55;Н.У.;0;initiaal
838;55;Н.Ф.;0;initiaal
837;55;Н.Х.;0;initiaal
836;55;Н.Ц.;0;initiaal
839;55;Н.Ч.;0;initiaal
842;55;Н.Ш.;0;initiaal
841;55;Н.Щ.;0;initiaal
840;55;Н.Э.;0;initiaal
861;55;Н.Ю.;0;initiaal
860;55;Н.Я.;0;initiaal
990;55;нем.;0;немецкий
274;55;О.;0;initiaal
1092;55;о.;0;область, отдел, оператор, очество
859;55;О.А.;0;initiaal
862;55;О.Б.;0;initiaal
865;55;О.В.;0;initiaal
864;55;О.Г.;0;initiaal
863;55;О.Д.;0;initiaal
858;55;О.Е.;0;initiaal
852;55;О.Ж.;0;initiaal
851;55;О.З.;0;initiaal
854;55;О.И.;0;initiaal
857;55;О.Й.;0;initiaal
856;55;О.К.;0;initiaal
855;55;О.Л.;0;initiaal
835;55;О.М.;0;initiaal
815;55;О.Н.;0;initiaal
814;55;О.О.;0;initiaal
813;55;О.П.;0;initiaal
816;55;О.Р.;0;initiaal
819;55;О.С.;0;initiaal
818;55;О.Т.;0;initiaal
817;55;О.У.;0;initiaal
812;55;О.Ф.;0;initiaal
807;55;О.Х.;0;initiaal
806;55;О.Ц.;0;initiaal
805;55;О.Ч.;0;initiaal
808;55;О.Ш.;0;initiaal
811;55;О.Щ.;0;initiaal
810;55;О.Э.;0;initiaal
809;55;О.Ю.;0;initiaal
830;55;О.Я.;0;initiaal
322;55;обл.;0;область
277;55;П.;0;initiaal
829;55;П.А.;0;initiaal
828;55;П.Б.;0;initiaal
831;55;П.В.;0;initiaal
834;55;П.Г.;0;initiaal
833;55;П.Д.;0;initiaal
832;55;П.Е.;0;initiaal
822;55;П.Ж.;0;initiaal
821;55;П.З.;0;initiaal
820;55;П.И.;0;initiaal
823;55;П.Й.;0;initiaal
826;55;П.К.;0;initiaal
825;55;П.Л.;0;initiaal
824;55;П.М.;0;initiaal
495;55;П.Н.;0;initiaal
166;55;П.О.;0;initiaal
165;55;П.П.;0;initiaal
164;55;П.Р.;0;initiaal
167;55;П.С.;0;initiaal
170;55;П.Т.;0;initiaal
169;55;П.У.;0;initiaal
168;55;П.Ф.;0;initiaal
163;55;П.Х.;0;initiaal
158;55;П.Ц.;0;initiaal
157;55;П.Ч.;0;initiaal
156;55;П.Ш.;0;initiaal
159;55;П.Щ.;0;initiaal
162;55;П.Э.;0;initiaal
161;55;П.Ю.;0;initiaal
160;55;П.Я.;0;initiaal
312;55;патр.;0;патриарх
316;55;проф.;0;профессор
315;55;проц.;0;процент
276;55;Р.;0;initiaal
1057;55;р.;0;русский, река
;;рис.;0;рисунок, 27-06-2016-nl 2016.4
181;55;Р.А.;0;initiaal
180;55;Р.Б.;0;initiaal
179;55;Р.В.;0;initiaal
182;55;Р.Г.;0;initiaal
185;55;Р.Д.;0;initiaal
184;55;Р.Е.;0;initiaal
178;55;Р.Ж.;0;initiaal
173;55;Р.З.;0;initiaal
172;55;Р.И.;0;initiaal
171;55;Р.Й.;0;initiaal
174;55;Р.К.;0;initiaal
177;55;Р.Л.;0;initiaal
176;55;Р.М.;0;initiaal
175;55;Р.Н.;0;initiaal
155;55;Р.О.;0;initiaal
135;55;Р.П.;0;initiaal
134;55;Р.Р.;0;initiaal
133;55;Р.С.;0;initiaal
136;55;Р.Т.;0;initiaal
139;55;Р.У.;0;initiaal
138;55;Р.Ф.;0;initiaal
137;55;Р.Х.;0;initiaal
132;55;Р.Ц.;0;initiaal
127;55;Р.Ч.;0;initiaal
126;55;Р.Ш.;0;initiaal
125;55;Р.Щ.;0;initiaal
128;55;Р.Э.;0;initiaal
131;55;Р.Ю.;0;initiaal
130;55;Р.Я.;0;initiaal
335;55;руб.;0;рубль
275;55;С.;0;initiaal
1073;55;с.;0;село
129;55;С.А.;0;initiaal
150;55;С.Б.;0;initiaal
149;55;С.В.;0;initiaal
148;55;С.Г.;0;initiaal
1067;55;с.г.;0;сего года
151;55;С.Д.;0;initiaal
154;55;С.Е.;0;initiaal
152;55;С.Ж.;0;initiaal
147;55;С.З.;0;initiaal
142;55;С.И.;0;initiaal
141;55;С.Й.;0;initiaal
140;55;С.К.;0;initiaal
143;55;С.Л.;0;initiaal
146;55;С.М.;0;initiaal
145;55;С.Н.;0;initiaal
144;55;С.О.;0;initiaal
186;55;С.П.;0;initiaal
228;55;С.Р.;0;initiaal
227;55;С.С.;0;initiaal
226;55;С.Т.;0;initiaal
229;55;С.У.;0;initiaal
232;55;С.Ф.;0;initiaal
231;55;С.Х.;0;initiaal
230;55;С.Ц.;0;initiaal
225;55;С.Ч.;0;initiaal
220;55;С.Ш.;0;initiaal
219;55;С.Щ.;0;initiaal
218;55;С.Э.;0;initiaal
221;55;С.Ю.;0;initiaal
224;55;С.Я.;0;initiaal
334;55;словен.;0;словенский
333;55;см.;0;смотрите
336;55;соавт.;0;соавтор
339;55;ст.;0;статья, станция
270;55;Т.;0;initiaal
1064;55;т.;0;текст, тому (подобнее), так (далее)
223;55;Т.А.;0;initiaal
222;55;Т.Б.;0;initiaal
243;55;Т.В.;0;initiaal
242;55;Т.Г.;0;initiaal
241;55;Т.Д.;0;initiaal
244;55;Т.Е.;0;initiaal
1065;55;т.е.;0;то есть
246;55;Т.Ж.;0;initiaal
245;55;Т.З.;0;initiaal
240;55;Т.И.;0;initiaal
235;55;Т.Й.;0;initiaal
234;55;Т.К.;0;initiaal
1066;55;т.к.;0;так как
233;55;Т.Л.;0;initiaal
236;55;Т.М.;0;initiaal
239;55;Т.Н.;0;initiaal
238;55;Т.О.;0;initiaal
237;55;Т.П.;0;initiaal
217;55;Т.Р.;0;initiaal
197;55;Т.С.;0;initiaal
196;55;Т.Т.;0;initiaal
195;55;Т.У.;0;initiaal
198;55;Т.Ф.;0;initiaal
201;55;Т.Х.;0;initiaal
200;55;Т.Ц.;0;initiaal
199;55;Т.Ч.;0;initiaal
1062;55;т.ч.;0;(в) том числе
194;55;Т.Ш.;0;initiaal
189;55;Т.Щ.;0;initiaal
188;55;Т.Э.;0;initiaal
187;55;Т.Ю.;0;initiaal
190;55;Т.Я.;0;initiaal
332;55;тыс.;0;тысяча
265;55;У.;0;initiaal
193;55;У.А.;0;initiaal
192;55;У.Б.;0;initiaal
191;55;У.В.;0;initiaal
212;55;У.Г.;0;initiaal
211;55;У.Д.;0;initiaal
210;55;У.Е.;0;initiaal
216;55;У.Ж.;0;initiaal
215;55;У.З.;0;initiaal
214;55;У.И.;0;initiaal
209;55;У.Й.;0;initiaal
204;55;У.К.;0;initiaal
203;55;У.Л.;0;initiaal
202;55;У.М.;0;initiaal
205;55;У.Н.;0;initiaal
208;55;У.О.;0;initiaal
207;55;У.П.;0;initiaal
206;55;У.Р.;0;initiaal
124;55;У.С.;0;initiaal
42;55;У.Т.;0;initiaal
41;55;У.У.;0;initiaal
40;55;У.Ф.;0;initiaal
43;55;У.Х.;0;initiaal
46;55;У.Ц.;0;initiaal
45;55;У.Ч.;0;initiaal
44;55;У.Ш.;0;initiaal
39;55;У.Щ.;0;initiaal
34;55;У.Э.;0;initiaal
33;55;У.Ю.;0;initiaal
32;55;У.Я.;0;initiaal
327;55;укр.;0;украинский
264;55;Ф.;0;initiaal
35;55;Ф.А.;0;initiaal
38;55;Ф.Б.;0;initiaal
37;55;Ф.В.;0;initiaal
36;55;Ф.Г.;0;initiaal
57;55;Ф.Д.;0;initiaal
56;55;Ф.Е.;0;initiaal
58;55;Ф.Ж.;0;initiaal
61;55;Ф.З.;0;initiaal
60;55;Ф.И.;0;initiaal
59;55;Ф.Й.;0;initiaal
54;55;Ф.К.;0;initiaal
49;55;Ф.Л.;0;initiaal
48;55;Ф.М.;0;initiaal
47;55;Ф.Н.;0;initiaal
50;55;Ф.О.;0;initiaal
53;55;Ф.П.;0;initiaal
52;55;Ф.Р.;0;initiaal
51;55;Ф.С.;0;initiaal
31;55;Ф.Т.;0;initiaal
11;55;Ф.У.;0;initiaal
10;55;Ф.Ф.;0;initiaal
9;55;Ф.Х.;0;initiaal
12;55;Ф.Ц.;0;initiaal
15;55;Ф.Ч.;0;initiaal
14;55;Ф.Ш.;0;initiaal
13;55;Ф.Щ.;0;initiaal
8;55;Ф.Э.;0;initiaal
3;55;Ф.Ю.;0;initiaal
2;55;Ф.Я.;0;initiaal
263;55;Х.;0;initiaal
1;55;Х.А.;0;initiaal
4;55;Х.Б.;0;initiaal
7;55;Х.В.;0;initiaal
6;55;Х.Г.;0;initiaal
5;55;Х.Д.;0;initiaal
26;55;Х.Е.;0;initiaal
24;55;Х.Ж.;0;initiaal
27;55;Х.З.;0;initiaal
30;55;Х.И.;0;initiaal
29;55;Х.Й.;0;initiaal
28;55;Х.К.;0;initiaal
23;55;Х.Л.;0;initiaal
18;55;Х.М.;0;initiaal
17;55;Х.Н.;0;initiaal
16;55;Х.О.;0;initiaal
19;55;Х.П.;0;initiaal
22;55;Х.Р.;0;initiaal
21;55;Х.С.;0;initiaal
20;55;Х.Т.;0;initiaal
62;55;Х.У.;0;initiaal
104;55;Х.Ф.;0;initiaal
103;55;Х.Х.;0;initiaal
102;55;Х.Ц.;0;initiaal
105;55;Х.Ч.;0;initiaal
108;55;Х.Ш.;0;initiaal
107;55;Х.Щ.;0;initiaal
106;55;Х.Э.;0;initiaal
101;55;Х.Ю.;0;initiaal
96;55;Х.Я.;0;initiaal
266;55;Ц.;0;initiaal
95;55;Ц.А.;0;initiaal
94;55;Ц.Б.;0;initiaal
97;55;Ц.В.;0;initiaal
100;55;Ц.Г.;0;initiaal
99;55;Ц.Д.;0;initiaal
98;55;Ц.Е.;0;initiaal
118;55;Ц.Ж.;0;initiaal
117;55;Ц.З.;0;initiaal
120;55;Ц.И.;0;initiaal
123;55;Ц.Й.;0;initiaal
122;55;Ц.К.;0;initiaal
121;55;Ц.Л.;0;initiaal
116;55;Ц.М.;0;initiaal
111;55;Ц.Н.;0;initiaal
110;55;Ц.О.;0;initiaal
109;55;Ц.П.;0;initiaal
112;55;Ц.Р.;0;initiaal
115;55;Ц.С.;0;initiaal
114;55;Ц.Т.;0;initiaal
113;55;Ц.У.;0;initiaal
93;55;Ц.Ф.;0;initiaal
73;55;Ц.Х.;0;initiaal
72;55;Ц.Ц.;0;initiaal
71;55;Ц.Ч.;0;initiaal
74;55;Ц.Ш.;0;initiaal
77;55;Ц.Щ.;0;initiaal
76;55;Ц.Э.;0;initiaal
75;55;Ц.Ю.;0;initiaal
70;55;Ц.Я.;0;initiaal
269;55;Ч.;0;initiaal
1095;55;ч.;0;часть
65;55;Ч.А.;0;initiaal
64;55;Ч.Б.;0;initiaal
63;55;Ч.В.;0;initiaal
66;55;Ч.Г.;0;initiaal
69;55;Ч.Д.;0;initiaal
68;55;Ч.Е.;0;initiaal
88;55;Ч.Ж.;0;initiaal
87;55;Ч.З.;0;initiaal
86;55;Ч.И.;0;initiaal
89;55;Ч.Й.;0;initiaal
92;55;Ч.К.;0;initiaal
91;55;Ч.Л.;0;initiaal
90;55;Ч.М.;0;initiaal
85;55;Ч.Н.;0;initiaal
80;55;Ч.О.;0;initiaal
79;55;Ч.П.;0;initiaal
78;55;Ч.Р.;0;initiaal
81;55;Ч.С.;0;initiaal
84;55;Ч.Т.;0;initiaal
83;55;Ч.У.;0;initiaal
82;55;Ч.Ф.;0;initiaal
413;55;Ч.Х.;0;initiaal
412;55;Ч.Ц.;0;initiaal
411;55;Ч.Ч.;0;initiaal
414;55;Ч.Ш.;0;initiaal
417;55;Ч.Щ.;0;initiaal
416;55;Ч.Э.;0;initiaal
415;55;Ч.Ю.;0;initiaal
410;55;Ч.Я.;0;initiaal
1046;55;чего-л.;0;чего-либо      
1045;55;чего-н.;0;чего-нибудь    
1052;55;чей-л.;0;чей-либо        
1051;55;чей-н.;0;чей-нибудь      
326;55;чел.;0;человек
1041;55;чем-л.;0;чем-либо       
1042;55;чем-н.;0;чем-нибудь      
1039;55;чему-л.;0;чему-либо    
1040;55;чему-н.;0;чему-нибудь    
1044;55;что-л.;0;что-либо        
1043;55;что-н.;0;что-нибудь      
1029;55;чье-л.;0;чье-либо       
1030;55;чье-н.;0;чье-нибудь      
1054;55;чьего-л.;0;чьего-либо    
1053;55;чьего-н.;0;чьего-нибудь  
1028;55;чьем-л.;0;чьем-либо      
1027;55;чьем-н.;0;чьем-нибудь    
1048;55;чьему-л.;0;чьему-либо   
1047;55;чьему-н.;0;чьему-нибудь  
1036;55;чьи-л.;0;чьи-либо       
1035;55;чьи-н.;0;чьи-нибудь 
1031;55;чьим-л.;0;чьим-либо   
1049;55;чьим-н.;0;чьим-либо         
1033;55;чьими-л.;0;чьими-либо  
1034;55;чьими-н.;0;чьими-нибудь 
1037;55;чьих-л.;0;чьих-либо   
1038;55;чьих-н.;0;чьих-нибудь   
1025;55;чью-л.;0;чью-либо        
1026;55;чью-н.;0;чью-нибудь      
1023;55;чья-л.;0;чья-либо       
1024;55;чья-н.;0;чья-нибудь      
268;55;Ш.;0;initiaal
405;55;Ш.А.;0;initiaal
404;55;Ш.Б.;0;initiaal
403;55;Ш.В.;0;initiaal
406;55;Ш.Г.;0;initiaal
409;55;Ш.Д.;0;initiaal
408;55;Ш.Е.;0;initiaal
428;55;Ш.Ж.;0;initiaal
427;55;Ш.З.;0;initiaal
426;55;Ш.И.;0;initiaal
429;55;Ш.Й.;0;initiaal
432;55;Ш.К.;0;initiaal
431;55;Ш.Л.;0;initiaal
430;55;Ш.М.;0;initiaal
425;55;Ш.Н.;0;initiaal
420;55;Ш.О.;0;initiaal
419;55;Ш.П.;0;initiaal
418;55;Ш.Р.;0;initiaal
421;55;Ш.С.;0;initiaal
424;55;Ш.Т.;0;initiaal
423;55;Ш.У.;0;initiaal
422;55;Ш.Ф.;0;initiaal
402;55;Ш.Х.;0;initiaal
382;55;Ш.Ц.;0;initiaal
381;55;Ш.Ч.;0;initiaal
380;55;Ш.Ш.;0;initiaal
383;55;Ш.Щ.;0;initiaal
386;55;Ш.Э.;0;initiaal
385;55;Ш.Ю.;0;initiaal
384;55;Ш.Я.;0;initiaal
267;55;Щ.;0;initiaal
379;55;Щ.А.;0;initiaal
374;55;Щ.Б.;0;initiaal
373;55;Щ.В.;0;initiaal
372;55;Щ.Г.;0;initiaal
375;55;Щ.Д.;0;initiaal
378;55;Щ.Е.;0;initiaal
376;55;Щ.Ж.;0;initiaal
397;55;Щ.З.;0;initiaal
396;55;Щ.И.;0;initiaal
395;55;Щ.Й.;0;initiaal
398;55;Щ.К.;0;initiaal
401;55;Щ.Л.;0;initiaal
400;55;Щ.М.;0;initiaal
399;55;Щ.Н.;0;initiaal
394;55;Щ.О.;0;initiaal
389;55;Щ.П.;0;initiaal
388;55;Щ.Р.;0;initiaal
387;55;Щ.С.;0;initiaal
390;55;Щ.Т.;0;initiaal
393;55;Щ.У.;0;initiaal
392;55;Щ.Ф.;0;initiaal
391;55;Щ.Х.;0;initiaal
433;55;Щ.Ц.;0;initiaal
475;55;Щ.Ч.;0;initiaal
474;55;Щ.Ш.;0;initiaal
473;55;Щ.Щ.;0;initiaal
476;55;Щ.Э.;0;initiaal
479;55;Щ.Ю.;0;initiaal
478;55;Щ.Я.;0;initiaal
309;55;Э.;0;initiaal
1093;55;э.;0;(до нашей) эры
477;55;Э.А.;0;initiaal
472;55;Э.Б.;0;initiaal
467;55;Э.В.;0;initiaal
466;55;Э.Г.;0;initiaal
465;55;Э.Д.;0;initiaal
468;55;Э.Е.;0;initiaal
470;55;Э.Ж.;0;initiaal
469;55;Э.З.;0;initiaal
490;55;Э.И.;0;initiaal
489;55;Э.Й.;0;initiaal
488;55;Э.К.;0;initiaal
491;55;Э.Л.;0;initiaal
494;55;Э.М.;0;initiaal
493;55;Э.Н.;0;initiaal
492;55;Э.О.;0;initiaal
487;55;Э.П.;0;initiaal
482;55;Э.Р.;0;initiaal
481;55;Э.С.;0;initiaal
480;55;Э.Т.;0;initiaal
483;55;Э.У.;0;initiaal
486;55;Э.Ф.;0;initiaal
485;55;Э.Х.;0;initiaal
484;55;Э.Ц.;0;initiaal
464;55;Э.Ч.;0;initiaal
444;55;Э.Ш.;0;initiaal
443;55;Э.Щ.;0;initiaal
442;55;Э.Э.;0;initiaal
445;55;Э.Ю.;0;initiaal
448;55;Э.Я.;0;initiaal
351;55;Ю.;0;initiaal
447;55;Ю.А.;0;initiaal
446;55;Ю.Б.;0;initiaal
441;55;Ю.В.;0;initiaal
436;55;Ю.Г.;0;initiaal
435;55;Ю.Д.;0;initiaal
434;55;Ю.Е.;0;initiaal
440;55;Ю.Ж.;0;initiaal
439;55;Ю.З.;0;initiaal
438;55;Ю.И.;0;initiaal
459;55;Ю.Й.;0;initiaal
458;55;Ю.К.;0;initiaal
457;55;Ю.Л.;0;initiaal
460;55;Ю.М.;0;initiaal
463;55;Ю.Н.;0;initiaal
462;55;Ю.О.;0;initiaal
461;55;Ю.П.;0;initiaal
456;55;Ю.Р.;0;initiaal
1071;55;Ю.С.;0;initiaal
450;55;Ю.Т.;0;initiaal
449;55;Ю.У.;0;initiaal
452;55;Ю.Ф.;0;initiaal
455;55;Ю.Х.;0;initiaal
454;55;Ю.Ц.;0;initiaal
453;55;Ю.Ч.;0;initiaal
371;55;Ю.Ш.;0;initiaal
289;55;Ю.Щ.;0;initiaal
288;55;Ю.Э.;0;initiaal
287;55;Ю.Ю.;0;initiaal
290;55;Ю.Я.;0;initiaal
350;55;Я.;0;initiaal
293;55;Я.А.;0;initiaal
292;55;Я.Б.;0;initiaal
291;55;Я.В.;0;initiaal
1094;55;Я.Г.;0;initiaal
286;55;Я.Д.;0;initiaal
280;55;Я.Е.;0;initiaal
282;55;Я.Ж.;0;initiaal
285;55;Я.З.;0;initiaal
284;55;Я.И.;0;initiaal
283;55;Я.Й.;0;initiaal
304;55;Я.К.;0;initiaal
303;55;Я.Л.;0;initiaal
302;55;Я.М.;0;initiaal
305;55;Я.Н.;0;initiaal
308;55;Я.О.;0;initiaal
307;55;Я.П.;0;initiaal
306;55;Я.Р.;0;initiaal
301;55;Я.С.;0;initiaal
296;55;Я.Т.;0;initiaal
295;55;Я.У.;0;initiaal
294;55;Я.Ф.;0;initiaal
297;55;Я.Х.;0;initiaal
300;55;Я.Ц.;0;initiaal
299;55;Я.Ч.;0;initiaal
298;55;Я.Ш.;0;initiaal
278;55;Я.Щ.;0;initiaal
258;55;Я.Э.;0;initiaal
257;55;Я.Ю.;0;initiaal
256;55;Я.Я.;0;initiaal
;;См.;0;смотрите

;;A.;0;Latin single initial 22-06-2015-nl
;;B.;0;Latin single initial 22-06-2015-nl
;;C.;0;Latin single initial 22-06-2015-nl
;;D.;0;Latin single initial 22-06-2015-nl
;;E.;0;Latin single initial 22-06-2015-nl
;;F.;0;Latin single initial 22-06-2015-nl
;;G.;0;Latin single initial 22-06-2015-nl
;;H.;0;Latin single initial 22-06-2015-nl
;;I.;0;Latin single initial 22-06-2015-nl
;;J.;0;Latin single initial 22-06-2015-nl
;;K.;0;Latin single initial 22-06-2015-nl
;;L.;0;Latin single initial 22-06-2015-nl
;;M.;0;Latin single initial 22-06-2015-nl
;;N.;0;Latin single initial 22-06-2015-nl
;;O.;0;Latin single initial 22-06-2015-nl
;;P.;0;Latin single initial 22-06-2015-nl
;;Q.;0;Latin single initial 22-06-2015-nl
;;R.;0;Latin single initial 22-06-2015-nl
;;S.;0;Latin single initial 22-06-2015-nl
;;T.;0;Latin single initial 22-06-2015-nl
;;U.;0;Latin single initial 22-06-2015-nl
;;V.;0;Latin single initial 22-06-2015-nl
;;W.;0;Latin single initial 22-06-2015-nl
;;X.;0;Latin single initial 22-06-2015-nl
;;Y.;0;Latin single initial 22-06-2015-nl
;;Z.;0;Latin single initial 22-06-2015-nl

/* Double initials
;;A.A.;0;Latin double initial 22-06-2015-nl
;;A.B.;0;Latin double initial 22-06-2015-nl
;;A.C.;0;Latin double initial 22-06-2015-nl
;;A.D.;0;Latin double initial 22-06-2015-nl
;;A.E.;0;Latin double initial 22-06-2015-nl
;;A.F.;0;Latin double initial 22-06-2015-nl
;;A.G.;0;Latin double initial 22-06-2015-nl
;;A.H.;0;Latin double initial 22-06-2015-nl
;;A.I.;0;Latin double initial 22-06-2015-nl
;;A.J.;0;Latin double initial 22-06-2015-nl
;;A.K.;0;Latin double initial 22-06-2015-nl
;;A.L.;0;Latin double initial 22-06-2015-nl
;;A.M.;0;Latin double initial 22-06-2015-nl
;;A.N.;0;Latin double initial 22-06-2015-nl
;;A.O.;0;Latin double initial 22-06-2015-nl
;;A.P.;0;Latin double initial 22-06-2015-nl
;;A.Q.;0;Latin double initial 22-06-2015-nl
;;A.R.;0;Latin double initial 22-06-2015-nl
;;A.S.;0;Latin double initial 22-06-2015-nl
;;A.T.;0;Latin double initial 22-06-2015-nl
;;A.U.;0;Latin double initial 22-06-2015-nl
;;A.V.;0;Latin double initial 22-06-2015-nl
;;A.W.;0;Latin double initial 22-06-2015-nl
;;A.X.;0;Latin double initial 22-06-2015-nl
;;A.Y.;0;Latin double initial 22-06-2015-nl
;;A.Z.;0;Latin double initial 22-06-2015-nl
;;B.A.;0;Latin double initial 22-06-2015-nl
;;B.B.;0;Latin double initial 22-06-2015-nl
;;B.C.;0;Latin double initial 22-06-2015-nl
;;B.D.;0;Latin double initial 22-06-2015-nl
;;B.E.;0;Latin double initial 22-06-2015-nl
;;B.F.;0;Latin double initial 22-06-2015-nl
;;B.G.;0;Latin double initial 22-06-2015-nl
;;B.H.;0;Latin double initial 22-06-2015-nl
;;B.I.;0;Latin double initial 22-06-2015-nl
;;B.J.;0;Latin double initial 22-06-2015-nl
;;B.K.;0;Latin double initial 22-06-2015-nl
;;B.L.;0;Latin double initial 22-06-2015-nl
;;B.M.;0;Latin double initial 22-06-2015-nl
;;B.N.;0;Latin double initial 22-06-2015-nl
;;B.O.;0;Latin double initial 22-06-2015-nl
;;B.P.;0;Latin double initial 22-06-2015-nl
;;B.Q.;0;Latin double initial 22-06-2015-nl
;;B.R.;0;Latin double initial 22-06-2015-nl
;;B.S.;0;Latin double initial 22-06-2015-nl
;;B.T.;0;Latin double initial 22-06-2015-nl
;;B.U.;0;Latin double initial 22-06-2015-nl
;;B.V.;0;Latin double initial 22-06-2015-nl
;;B.W.;0;Latin double initial 22-06-2015-nl
;;B.X.;0;Latin double initial 22-06-2015-nl
;;B.Y.;0;Latin double initial 22-06-2015-nl
;;B.Z.;0;Latin double initial 22-06-2015-nl
;;C.A.;0;Latin double initial 22-06-2015-nl
;;C.B.;0;Latin double initial 22-06-2015-nl
;;C.C.;0;Latin double initial 22-06-2015-nl
;;C.D.;0;Latin double initial 22-06-2015-nl
;;C.E.;0;Latin double initial 22-06-2015-nl
;;C.F.;0;Latin double initial 22-06-2015-nl
;;C.G.;0;Latin double initial 22-06-2015-nl
;;C.H.;0;Latin double initial 22-06-2015-nl
;;C.I.;0;Latin double initial 22-06-2015-nl
;;C.J.;0;Latin double initial 22-06-2015-nl
;;C.K.;0;Latin double initial 22-06-2015-nl
;;C.L.;0;Latin double initial 22-06-2015-nl
;;C.M.;0;Latin double initial 22-06-2015-nl
;;C.N.;0;Latin double initial 22-06-2015-nl
;;C.O.;0;Latin double initial 22-06-2015-nl
;;C.P.;0;Latin double initial 22-06-2015-nl
;;C.Q.;0;Latin double initial 22-06-2015-nl
;;C.R.;0;Latin double initial 22-06-2015-nl
;;C.S.;0;Latin double initial 22-06-2015-nl
;;C.T.;0;Latin double initial 22-06-2015-nl
;;C.U.;0;Latin double initial 22-06-2015-nl
;;C.V.;0;Latin double initial 22-06-2015-nl
;;C.W.;0;Latin double initial 22-06-2015-nl
;;C.X.;0;Latin double initial 22-06-2015-nl
;;C.Y.;0;Latin double initial 22-06-2015-nl
;;C.Z.;0;Latin double initial 22-06-2015-nl
;;D.A.;0;Latin double initial 22-06-2015-nl
;;D.B.;0;Latin double initial 22-06-2015-nl
;;D.C.;0;Latin double initial 22-06-2015-nl
;;D.D.;0;Latin double initial 22-06-2015-nl
;;D.E.;0;Latin double initial 22-06-2015-nl
;;D.F.;0;Latin double initial 22-06-2015-nl
;;D.G.;0;Latin double initial 22-06-2015-nl
;;D.H.;0;Latin double initial 22-06-2015-nl
;;D.I.;0;Latin double initial 22-06-2015-nl
;;D.J.;0;Latin double initial 22-06-2015-nl
;;D.K.;0;Latin double initial 22-06-2015-nl
;;D.L.;0;Latin double initial 22-06-2015-nl
;;D.M.;0;Latin double initial 22-06-2015-nl
;;D.N.;0;Latin double initial 22-06-2015-nl
;;D.O.;0;Latin double initial 22-06-2015-nl
;;D.P.;0;Latin double initial 22-06-2015-nl
;;D.Q.;0;Latin double initial 22-06-2015-nl
;;D.R.;0;Latin double initial 22-06-2015-nl
;;D.S.;0;Latin double initial 22-06-2015-nl
;;D.T.;0;Latin double initial 22-06-2015-nl
;;D.U.;0;Latin double initial 22-06-2015-nl
;;D.V.;0;Latin double initial 22-06-2015-nl
;;D.W.;0;Latin double initial 22-06-2015-nl
;;D.X.;0;Latin double initial 22-06-2015-nl
;;D.Y.;0;Latin double initial 22-06-2015-nl
;;D.Z.;0;Latin double initial 22-06-2015-nl
;;E.A.;0;Latin double initial 22-06-2015-nl
;;E.B.;0;Latin double initial 22-06-2015-nl
;;E.C.;0;Latin double initial 22-06-2015-nl
;;E.D.;0;Latin double initial 22-06-2015-nl
;;E.E.;0;Latin double initial 22-06-2015-nl
;;E.F.;0;Latin double initial 22-06-2015-nl
;;E.G.;0;Latin double initial 22-06-2015-nl
;;E.H.;0;Latin double initial 22-06-2015-nl
;;E.I.;0;Latin double initial 22-06-2015-nl
;;E.J.;0;Latin double initial 22-06-2015-nl
;;E.K.;0;Latin double initial 22-06-2015-nl
;;E.L.;0;Latin double initial 22-06-2015-nl
;;E.M.;0;Latin double initial 22-06-2015-nl
;;E.N.;0;Latin double initial 22-06-2015-nl
;;E.O.;0;Latin double initial 22-06-2015-nl
;;E.P.;0;Latin double initial 22-06-2015-nl
;;E.Q.;0;Latin double initial 22-06-2015-nl
;;E.R.;0;Latin double initial 22-06-2015-nl
;;E.S.;0;Latin double initial 22-06-2015-nl
;;E.T.;0;Latin double initial 22-06-2015-nl
;;E.U.;0;Latin double initial 22-06-2015-nl
;;E.V.;0;Latin double initial 22-06-2015-nl
;;E.W.;0;Latin double initial 22-06-2015-nl
;;E.X.;0;Latin double initial 22-06-2015-nl
;;E.Y.;0;Latin double initial 22-06-2015-nl
;;E.Z.;0;Latin double initial 22-06-2015-nl
;;F.A.;0;Latin double initial 22-06-2015-nl
;;F.B.;0;Latin double initial 22-06-2015-nl
;;F.C.;0;Latin double initial 22-06-2015-nl
;;F.D.;0;Latin double initial 22-06-2015-nl
;;F.E.;0;Latin double initial 22-06-2015-nl
;;F.F.;0;Latin double initial 22-06-2015-nl
;;F.G.;0;Latin double initial 22-06-2015-nl
;;F.H.;0;Latin double initial 22-06-2015-nl
;;F.I.;0;Latin double initial 22-06-2015-nl
;;F.J.;0;Latin double initial 22-06-2015-nl
;;F.K.;0;Latin double initial 22-06-2015-nl
;;F.L.;0;Latin double initial 22-06-2015-nl
;;F.M.;0;Latin double initial 22-06-2015-nl
;;F.N.;0;Latin double initial 22-06-2015-nl
;;F.O.;0;Latin double initial 22-06-2015-nl
;;F.P.;0;Latin double initial 22-06-2015-nl
;;F.Q.;0;Latin double initial 22-06-2015-nl
;;F.R.;0;Latin double initial 22-06-2015-nl
;;F.S.;0;Latin double initial 22-06-2015-nl
;;F.T.;0;Latin double initial 22-06-2015-nl
;;F.U.;0;Latin double initial 22-06-2015-nl
;;F.V.;0;Latin double initial 22-06-2015-nl
;;F.W.;0;Latin double initial 22-06-2015-nl
;;F.X.;0;Latin double initial 22-06-2015-nl
;;F.Y.;0;Latin double initial 22-06-2015-nl
;;F.Z.;0;Latin double initial 22-06-2015-nl
;;G.A.;0;Latin double initial 22-06-2015-nl
;;G.B.;0;Latin double initial 22-06-2015-nl
;;G.C.;0;Latin double initial 22-06-2015-nl
;;G.D.;0;Latin double initial 22-06-2015-nl
;;G.E.;0;Latin double initial 22-06-2015-nl
;;G.F.;0;Latin double initial 22-06-2015-nl
;;G.G.;0;Latin double initial 22-06-2015-nl
;;G.H.;0;Latin double initial 22-06-2015-nl
;;G.I.;0;Latin double initial 22-06-2015-nl
;;G.J.;0;Latin double initial 22-06-2015-nl
;;G.K.;0;Latin double initial 22-06-2015-nl
;;G.L.;0;Latin double initial 22-06-2015-nl
;;G.M.;0;Latin double initial 22-06-2015-nl
;;G.N.;0;Latin double initial 22-06-2015-nl
;;G.O.;0;Latin double initial 22-06-2015-nl
;;G.P.;0;Latin double initial 22-06-2015-nl
;;G.Q.;0;Latin double initial 22-06-2015-nl
;;G.R.;0;Latin double initial 22-06-2015-nl
;;G.S.;0;Latin double initial 22-06-2015-nl
;;G.T.;0;Latin double initial 22-06-2015-nl
;;G.U.;0;Latin double initial 22-06-2015-nl
;;G.V.;0;Latin double initial 22-06-2015-nl
;;G.W.;0;Latin double initial 22-06-2015-nl
;;G.X.;0;Latin double initial 22-06-2015-nl
;;G.Y.;0;Latin double initial 22-06-2015-nl
;;G.Z.;0;Latin double initial 22-06-2015-nl
;;H.A.;0;Latin double initial 22-06-2015-nl
;;H.B.;0;Latin double initial 22-06-2015-nl
;;H.C.;0;Latin double initial 22-06-2015-nl
;;H.D.;0;Latin double initial 22-06-2015-nl
;;H.E.;0;Latin double initial 22-06-2015-nl
;;H.F.;0;Latin double initial 22-06-2015-nl
;;H.G.;0;Latin double initial 22-06-2015-nl
;;H.H.;0;Latin double initial 22-06-2015-nl
;;H.I.;0;Latin double initial 22-06-2015-nl
;;H.J.;0;Latin double initial 22-06-2015-nl
;;H.K.;0;Latin double initial 22-06-2015-nl
;;H.L.;0;Latin double initial 22-06-2015-nl
;;H.M.;0;Latin double initial 22-06-2015-nl
;;H.N.;0;Latin double initial 22-06-2015-nl
;;H.O.;0;Latin double initial 22-06-2015-nl
;;H.P.;0;Latin double initial 22-06-2015-nl
;;H.Q.;0;Latin double initial 22-06-2015-nl
;;H.R.;0;Latin double initial 22-06-2015-nl
;;H.S.;0;Latin double initial 22-06-2015-nl
;;H.T.;0;Latin double initial 22-06-2015-nl
;;H.U.;0;Latin double initial 22-06-2015-nl
;;H.V.;0;Latin double initial 22-06-2015-nl
;;H.W.;0;Latin double initial 22-06-2015-nl
;;H.X.;0;Latin double initial 22-06-2015-nl
;;H.Y.;0;Latin double initial 22-06-2015-nl
;;H.Z.;0;Latin double initial 22-06-2015-nl
;;I.A.;0;Latin double initial 22-06-2015-nl
;;I.B.;0;Latin double initial 22-06-2015-nl
;;I.C.;0;Latin double initial 22-06-2015-nl
;;I.D.;0;Latin double initial 22-06-2015-nl
;;I.E.;0;Latin double initial 22-06-2015-nl
;;I.F.;0;Latin double initial 22-06-2015-nl
;;I.G.;0;Latin double initial 22-06-2015-nl
;;I.H.;0;Latin double initial 22-06-2015-nl
;;I.I.;0;Latin double initial 22-06-2015-nl
;;I.J.;0;Latin double initial 22-06-2015-nl
;;I.K.;0;Latin double initial 22-06-2015-nl
;;I.L.;0;Latin double initial 22-06-2015-nl
;;I.M.;0;Latin double initial 22-06-2015-nl
;;I.N.;0;Latin double initial 22-06-2015-nl
;;I.O.;0;Latin double initial 22-06-2015-nl
;;I.P.;0;Latin double initial 22-06-2015-nl
;;I.Q.;0;Latin double initial 22-06-2015-nl
;;I.R.;0;Latin double initial 22-06-2015-nl
;;I.S.;0;Latin double initial 22-06-2015-nl
;;I.T.;0;Latin double initial 22-06-2015-nl
;;I.U.;0;Latin double initial 22-06-2015-nl
;;I.V.;0;Latin double initial 22-06-2015-nl
;;I.W.;0;Latin double initial 22-06-2015-nl
;;I.X.;0;Latin double initial 22-06-2015-nl
;;I.Y.;0;Latin double initial 22-06-2015-nl
;;I.Z.;0;Latin double initial 22-06-2015-nl
;;J.A.;0;Latin double initial 22-06-2015-nl
;;J.B.;0;Latin double initial 22-06-2015-nl
;;J.C.;0;Latin double initial 22-06-2015-nl
;;J.D.;0;Latin double initial 22-06-2015-nl
;;J.E.;0;Latin double initial 22-06-2015-nl
;;J.F.;0;Latin double initial 22-06-2015-nl
;;J.G.;0;Latin double initial 22-06-2015-nl
;;J.H.;0;Latin double initial 22-06-2015-nl
;;J.I.;0;Latin double initial 22-06-2015-nl
;;J.J.;0;Latin double initial 22-06-2015-nl
;;J.K.;0;Latin double initial 22-06-2015-nl
;;J.L.;0;Latin double initial 22-06-2015-nl
;;J.M.;0;Latin double initial 22-06-2015-nl
;;J.N.;0;Latin double initial 22-06-2015-nl
;;J.O.;0;Latin double initial 22-06-2015-nl
;;J.P.;0;Latin double initial 22-06-2015-nl
;;J.Q.;0;Latin double initial 22-06-2015-nl
;;J.R.;0;Latin double initial 22-06-2015-nl
;;J.S.;0;Latin double initial 22-06-2015-nl
;;J.T.;0;Latin double initial 22-06-2015-nl
;;J.U.;0;Latin double initial 22-06-2015-nl
;;J.V.;0;Latin double initial 22-06-2015-nl
;;J.W.;0;Latin double initial 22-06-2015-nl
;;J.X.;0;Latin double initial 22-06-2015-nl
;;J.Y.;0;Latin double initial 22-06-2015-nl
;;J.Z.;0;Latin double initial 22-06-2015-nl
;;K.A.;0;Latin double initial 22-06-2015-nl
;;K.B.;0;Latin double initial 22-06-2015-nl
;;K.C.;0;Latin double initial 22-06-2015-nl
;;K.D.;0;Latin double initial 22-06-2015-nl
;;K.E.;0;Latin double initial 22-06-2015-nl
;;K.F.;0;Latin double initial 22-06-2015-nl
;;K.G.;0;Latin double initial 22-06-2015-nl
;;K.H.;0;Latin double initial 22-06-2015-nl
;;K.I.;0;Latin double initial 22-06-2015-nl
;;K.J.;0;Latin double initial 22-06-2015-nl
;;K.K.;0;Latin double initial 22-06-2015-nl
;;K.L.;0;Latin double initial 22-06-2015-nl
;;K.M.;0;Latin double initial 22-06-2015-nl
;;K.N.;0;Latin double initial 22-06-2015-nl
;;K.O.;0;Latin double initial 22-06-2015-nl
;;K.P.;0;Latin double initial 22-06-2015-nl
;;K.Q.;0;Latin double initial 22-06-2015-nl
;;K.R.;0;Latin double initial 22-06-2015-nl
;;K.S.;0;Latin double initial 22-06-2015-nl
;;K.T.;0;Latin double initial 22-06-2015-nl
;;K.U.;0;Latin double initial 22-06-2015-nl
;;K.V.;0;Latin double initial 22-06-2015-nl
;;K.W.;0;Latin double initial 22-06-2015-nl
;;K.X.;0;Latin double initial 22-06-2015-nl
;;K.Y.;0;Latin double initial 22-06-2015-nl
;;K.Z.;0;Latin double initial 22-06-2015-nl
;;L.A.;0;Latin double initial 22-06-2015-nl
;;L.B.;0;Latin double initial 22-06-2015-nl
;;L.C.;0;Latin double initial 22-06-2015-nl
;;L.D.;0;Latin double initial 22-06-2015-nl
;;L.E.;0;Latin double initial 22-06-2015-nl
;;L.F.;0;Latin double initial 22-06-2015-nl
;;L.G.;0;Latin double initial 22-06-2015-nl
;;L.H.;0;Latin double initial 22-06-2015-nl
;;L.I.;0;Latin double initial 22-06-2015-nl
;;L.J.;0;Latin double initial 22-06-2015-nl
;;L.K.;0;Latin double initial 22-06-2015-nl
;;L.L.;0;Latin double initial 22-06-2015-nl
;;L.M.;0;Latin double initial 22-06-2015-nl
;;L.N.;0;Latin double initial 22-06-2015-nl
;;L.O.;0;Latin double initial 22-06-2015-nl
;;L.P.;0;Latin double initial 22-06-2015-nl
;;L.Q.;0;Latin double initial 22-06-2015-nl
;;L.R.;0;Latin double initial 22-06-2015-nl
;;L.S.;0;Latin double initial 22-06-2015-nl
;;L.T.;0;Latin double initial 22-06-2015-nl
;;L.U.;0;Latin double initial 22-06-2015-nl
;;L.V.;0;Latin double initial 22-06-2015-nl
;;L.W.;0;Latin double initial 22-06-2015-nl
;;L.X.;0;Latin double initial 22-06-2015-nl
;;L.Y.;0;Latin double initial 22-06-2015-nl
;;L.Z.;0;Latin double initial 22-06-2015-nl
;;M.A.;0;Latin double initial 22-06-2015-nl
;;M.B.;0;Latin double initial 22-06-2015-nl
;;M.C.;0;Latin double initial 22-06-2015-nl
;;M.D.;0;Latin double initial 22-06-2015-nl
;;M.E.;0;Latin double initial 22-06-2015-nl
;;M.F.;0;Latin double initial 22-06-2015-nl
;;M.G.;0;Latin double initial 22-06-2015-nl
;;M.H.;0;Latin double initial 22-06-2015-nl
;;M.I.;0;Latin double initial 22-06-2015-nl
;;M.J.;0;Latin double initial 22-06-2015-nl
;;M.K.;0;Latin double initial 22-06-2015-nl
;;M.L.;0;Latin double initial 22-06-2015-nl
;;M.M.;0;Latin double initial 22-06-2015-nl
;;M.N.;0;Latin double initial 22-06-2015-nl
;;M.O.;0;Latin double initial 22-06-2015-nl
;;M.P.;0;Latin double initial 22-06-2015-nl
;;M.Q.;0;Latin double initial 22-06-2015-nl
;;M.R.;0;Latin double initial 22-06-2015-nl
;;M.S.;0;Latin double initial 22-06-2015-nl
;;M.T.;0;Latin double initial 22-06-2015-nl
;;M.U.;0;Latin double initial 22-06-2015-nl
;;M.V.;0;Latin double initial 22-06-2015-nl
;;M.W.;0;Latin double initial 22-06-2015-nl
;;M.X.;0;Latin double initial 22-06-2015-nl
;;M.Y.;0;Latin double initial 22-06-2015-nl
;;M.Z.;0;Latin double initial 22-06-2015-nl
;;N.A.;0;Latin double initial 22-06-2015-nl
;;N.B.;0;Latin double initial 22-06-2015-nl
;;N.C.;0;Latin double initial 22-06-2015-nl
;;N.D.;0;Latin double initial 22-06-2015-nl
;;N.E.;0;Latin double initial 22-06-2015-nl
;;N.F.;0;Latin double initial 22-06-2015-nl
;;N.G.;0;Latin double initial 22-06-2015-nl
;;N.H.;0;Latin double initial 22-06-2015-nl
;;N.I.;0;Latin double initial 22-06-2015-nl
;;N.J.;0;Latin double initial 22-06-2015-nl
;;N.K.;0;Latin double initial 22-06-2015-nl
;;N.L.;0;Latin double initial 22-06-2015-nl
;;N.M.;0;Latin double initial 22-06-2015-nl
;;N.N.;0;Latin double initial 22-06-2015-nl
;;N.O.;0;Latin double initial 22-06-2015-nl
;;N.P.;0;Latin double initial 22-06-2015-nl
;;N.Q.;0;Latin double initial 22-06-2015-nl
;;N.R.;0;Latin double initial 22-06-2015-nl
;;N.S.;0;Latin double initial 22-06-2015-nl
;;N.T.;0;Latin double initial 22-06-2015-nl
;;N.U.;0;Latin double initial 22-06-2015-nl
;;N.V.;0;Latin double initial 22-06-2015-nl
;;N.W.;0;Latin double initial 22-06-2015-nl
;;N.X.;0;Latin double initial 22-06-2015-nl
;;N.Y.;0;Latin double initial 22-06-2015-nl
;;N.Z.;0;Latin double initial 22-06-2015-nl
;;O.A.;0;Latin double initial 22-06-2015-nl
;;O.B.;0;Latin double initial 22-06-2015-nl
;;O.C.;0;Latin double initial 22-06-2015-nl
;;O.D.;0;Latin double initial 22-06-2015-nl
;;O.E.;0;Latin double initial 22-06-2015-nl
;;O.F.;0;Latin double initial 22-06-2015-nl
;;O.G.;0;Latin double initial 22-06-2015-nl
;;O.H.;0;Latin double initial 22-06-2015-nl
;;O.I.;0;Latin double initial 22-06-2015-nl
;;O.J.;0;Latin double initial 22-06-2015-nl
;;O.K.;0;Latin double initial 22-06-2015-nl
;;O.L.;0;Latin double initial 22-06-2015-nl
;;O.M.;0;Latin double initial 22-06-2015-nl
;;O.N.;0;Latin double initial 22-06-2015-nl
;;O.O.;0;Latin double initial 22-06-2015-nl
;;O.P.;0;Latin double initial 22-06-2015-nl
;;O.Q.;0;Latin double initial 22-06-2015-nl
;;O.R.;0;Latin double initial 22-06-2015-nl
;;O.S.;0;Latin double initial 22-06-2015-nl
;;O.T.;0;Latin double initial 22-06-2015-nl
;;O.U.;0;Latin double initial 22-06-2015-nl
;;O.V.;0;Latin double initial 22-06-2015-nl
;;O.W.;0;Latin double initial 22-06-2015-nl
;;O.X.;0;Latin double initial 22-06-2015-nl
;;O.Y.;0;Latin double initial 22-06-2015-nl
;;O.Z.;0;Latin double initial 22-06-2015-nl
;;P.A.;0;Latin double initial 22-06-2015-nl
;;P.B.;0;Latin double initial 22-06-2015-nl
;;P.C.;0;Latin double initial 22-06-2015-nl
;;P.D.;0;Latin double initial 22-06-2015-nl
;;P.E.;0;Latin double initial 22-06-2015-nl
;;P.F.;0;Latin double initial 22-06-2015-nl
;;P.G.;0;Latin double initial 22-06-2015-nl
;;P.H.;0;Latin double initial 22-06-2015-nl
;;P.I.;0;Latin double initial 22-06-2015-nl
;;P.J.;0;Latin double initial 22-06-2015-nl
;;P.K.;0;Latin double initial 22-06-2015-nl
;;P.L.;0;Latin double initial 22-06-2015-nl
;;P.M.;0;Latin double initial 22-06-2015-nl
;;P.N.;0;Latin double initial 22-06-2015-nl
;;P.O.;0;Latin double initial 22-06-2015-nl
;;P.P.;0;Latin double initial 22-06-2015-nl
;;P.Q.;0;Latin double initial 22-06-2015-nl
;;P.R.;0;Latin double initial 22-06-2015-nl
;;P.S.;0;Latin double initial 22-06-2015-nl
;;P.T.;0;Latin double initial 22-06-2015-nl
;;P.U.;0;Latin double initial 22-06-2015-nl
;;P.V.;0;Latin double initial 22-06-2015-nl
;;P.W.;0;Latin double initial 22-06-2015-nl
;;P.X.;0;Latin double initial 22-06-2015-nl
;;P.Y.;0;Latin double initial 22-06-2015-nl
;;P.Z.;0;Latin double initial 22-06-2015-nl
;;Q.A.;0;Latin double initial 22-06-2015-nl
;;Q.B.;0;Latin double initial 22-06-2015-nl
;;Q.C.;0;Latin double initial 22-06-2015-nl
;;Q.D.;0;Latin double initial 22-06-2015-nl
;;Q.E.;0;Latin double initial 22-06-2015-nl
;;Q.F.;0;Latin double initial 22-06-2015-nl
;;Q.G.;0;Latin double initial 22-06-2015-nl
;;Q.H.;0;Latin double initial 22-06-2015-nl
;;Q.I.;0;Latin double initial 22-06-2015-nl
;;Q.J.;0;Latin double initial 22-06-2015-nl
;;Q.K.;0;Latin double initial 22-06-2015-nl
;;Q.L.;0;Latin double initial 22-06-2015-nl
;;Q.M.;0;Latin double initial 22-06-2015-nl
;;Q.N.;0;Latin double initial 22-06-2015-nl
;;Q.O.;0;Latin double initial 22-06-2015-nl
;;Q.P.;0;Latin double initial 22-06-2015-nl
;;Q.Q.;0;Latin double initial 22-06-2015-nl
;;Q.R.;0;Latin double initial 22-06-2015-nl
;;Q.S.;0;Latin double initial 22-06-2015-nl
;;Q.T.;0;Latin double initial 22-06-2015-nl
;;Q.U.;0;Latin double initial 22-06-2015-nl
;;Q.V.;0;Latin double initial 22-06-2015-nl
;;Q.W.;0;Latin double initial 22-06-2015-nl
;;Q.X.;0;Latin double initial 22-06-2015-nl
;;Q.Y.;0;Latin double initial 22-06-2015-nl
;;Q.Z.;0;Latin double initial 22-06-2015-nl
;;R.A.;0;Latin double initial 22-06-2015-nl
;;R.B.;0;Latin double initial 22-06-2015-nl
;;R.C.;0;Latin double initial 22-06-2015-nl
;;R.D.;0;Latin double initial 22-06-2015-nl
;;R.E.;0;Latin double initial 22-06-2015-nl
;;R.F.;0;Latin double initial 22-06-2015-nl
;;R.G.;0;Latin double initial 22-06-2015-nl
;;R.H.;0;Latin double initial 22-06-2015-nl
;;R.I.;0;Latin double initial 22-06-2015-nl
;;R.J.;0;Latin double initial 22-06-2015-nl
;;R.K.;0;Latin double initial 22-06-2015-nl
;;R.L.;0;Latin double initial 22-06-2015-nl
;;R.M.;0;Latin double initial 22-06-2015-nl
;;R.N.;0;Latin double initial 22-06-2015-nl
;;R.O.;0;Latin double initial 22-06-2015-nl
;;R.P.;0;Latin double initial 22-06-2015-nl
;;R.Q.;0;Latin double initial 22-06-2015-nl
;;R.R.;0;Latin double initial 22-06-2015-nl
;;R.S.;0;Latin double initial 22-06-2015-nl
;;R.T.;0;Latin double initial 22-06-2015-nl
;;R.U.;0;Latin double initial 22-06-2015-nl
;;R.V.;0;Latin double initial 22-06-2015-nl
;;R.W.;0;Latin double initial 22-06-2015-nl
;;R.X.;0;Latin double initial 22-06-2015-nl
;;R.Y.;0;Latin double initial 22-06-2015-nl
;;R.Z.;0;Latin double initial 22-06-2015-nl
;;S.A.;0;Latin double initial 22-06-2015-nl
;;S.B.;0;Latin double initial 22-06-2015-nl
;;S.C.;0;Latin double initial 22-06-2015-nl
;;S.D.;0;Latin double initial 22-06-2015-nl
;;S.E.;0;Latin double initial 22-06-2015-nl
;;S.F.;0;Latin double initial 22-06-2015-nl
;;S.G.;0;Latin double initial 22-06-2015-nl
;;S.H.;0;Latin double initial 22-06-2015-nl
;;S.I.;0;Latin double initial 22-06-2015-nl
;;S.J.;0;Latin double initial 22-06-2015-nl
;;S.K.;0;Latin double initial 22-06-2015-nl
;;S.L.;0;Latin double initial 22-06-2015-nl
;;S.M.;0;Latin double initial 22-06-2015-nl
;;S.N.;0;Latin double initial 22-06-2015-nl
;;S.O.;0;Latin double initial 22-06-2015-nl
;;S.P.;0;Latin double initial 22-06-2015-nl
;;S.Q.;0;Latin double initial 22-06-2015-nl
;;S.R.;0;Latin double initial 22-06-2015-nl
;;S.S.;0;Latin double initial 22-06-2015-nl
;;S.T.;0;Latin double initial 22-06-2015-nl
;;S.U.;0;Latin double initial 22-06-2015-nl
;;S.V.;0;Latin double initial 22-06-2015-nl
;;S.W.;0;Latin double initial 22-06-2015-nl
;;S.X.;0;Latin double initial 22-06-2015-nl
;;S.Y.;0;Latin double initial 22-06-2015-nl
;;S.Z.;0;Latin double initial 22-06-2015-nl
;;T.A.;0;Latin double initial 22-06-2015-nl
;;T.B.;0;Latin double initial 22-06-2015-nl
;;T.C.;0;Latin double initial 22-06-2015-nl
;;T.D.;0;Latin double initial 22-06-2015-nl
;;T.E.;0;Latin double initial 22-06-2015-nl
;;T.F.;0;Latin double initial 22-06-2015-nl
;;T.G.;0;Latin double initial 22-06-2015-nl
;;T.H.;0;Latin double initial 22-06-2015-nl
;;T.I.;0;Latin double initial 22-06-2015-nl
;;T.J.;0;Latin double initial 22-06-2015-nl
;;T.K.;0;Latin double initial 22-06-2015-nl
;;T.L.;0;Latin double initial 22-06-2015-nl
;;T.M.;0;Latin double initial 22-06-2015-nl
;;T.N.;0;Latin double initial 22-06-2015-nl
;;T.O.;0;Latin double initial 22-06-2015-nl
;;T.P.;0;Latin double initial 22-06-2015-nl
;;T.Q.;0;Latin double initial 22-06-2015-nl
;;T.R.;0;Latin double initial 22-06-2015-nl
;;T.S.;0;Latin double initial 22-06-2015-nl
;;T.T.;0;Latin double initial 22-06-2015-nl
;;T.U.;0;Latin double initial 22-06-2015-nl
;;T.V.;0;Latin double initial 22-06-2015-nl
;;T.W.;0;Latin double initial 22-06-2015-nl
;;T.X.;0;Latin double initial 22-06-2015-nl
;;T.Y.;0;Latin double initial 22-06-2015-nl
;;T.Z.;0;Latin double initial 22-06-2015-nl
;;U.A.;0;Latin double initial 22-06-2015-nl
;;U.B.;0;Latin double initial 22-06-2015-nl
;;U.C.;0;Latin double initial 22-06-2015-nl
;;U.D.;0;Latin double initial 22-06-2015-nl
;;U.E.;0;Latin double initial 22-06-2015-nl
;;U.F.;0;Latin double initial 22-06-2015-nl
;;U.G.;0;Latin double initial 22-06-2015-nl
;;U.H.;0;Latin double initial 22-06-2015-nl
;;U.I.;0;Latin double initial 22-06-2015-nl
;;U.J.;0;Latin double initial 22-06-2015-nl
;;U.K.;0;Latin double initial 22-06-2015-nl
;;U.L.;0;Latin double initial 22-06-2015-nl
;;U.M.;0;Latin double initial 22-06-2015-nl
;;U.N.;0;Latin double initial 22-06-2015-nl
;;U.O.;0;Latin double initial 22-06-2015-nl
;;U.P.;0;Latin double initial 22-06-2015-nl
;;U.Q.;0;Latin double initial 22-06-2015-nl
;;U.R.;0;Latin double initial 22-06-2015-nl
;;U.S.;0;Latin double initial 22-06-2015-nl
;;U.T.;0;Latin double initial 22-06-2015-nl
;;U.U.;0;Latin double initial 22-06-2015-nl
;;U.V.;0;Latin double initial 22-06-2015-nl
;;U.W.;0;Latin double initial 22-06-2015-nl
;;U.X.;0;Latin double initial 22-06-2015-nl
;;U.Y.;0;Latin double initial 22-06-2015-nl
;;U.Z.;0;Latin double initial 22-06-2015-nl
;;V.A.;0;Latin double initial 22-06-2015-nl
;;V.B.;0;Latin double initial 22-06-2015-nl
;;V.C.;0;Latin double initial 22-06-2015-nl
;;V.D.;0;Latin double initial 22-06-2015-nl
;;V.E.;0;Latin double initial 22-06-2015-nl
;;V.F.;0;Latin double initial 22-06-2015-nl
;;V.G.;0;Latin double initial 22-06-2015-nl
;;V.H.;0;Latin double initial 22-06-2015-nl
;;V.I.;0;Latin double initial 22-06-2015-nl
;;V.J.;0;Latin double initial 22-06-2015-nl
;;V.K.;0;Latin double initial 22-06-2015-nl
;;V.L.;0;Latin double initial 22-06-2015-nl
;;V.M.;0;Latin double initial 22-06-2015-nl
;;V.N.;0;Latin double initial 22-06-2015-nl
;;V.O.;0;Latin double initial 22-06-2015-nl
;;V.P.;0;Latin double initial 22-06-2015-nl
;;V.Q.;0;Latin double initial 22-06-2015-nl
;;V.R.;0;Latin double initial 22-06-2015-nl
;;V.S.;0;Latin double initial 22-06-2015-nl
;;V.T.;0;Latin double initial 22-06-2015-nl
;;V.U.;0;Latin double initial 22-06-2015-nl
;;V.V.;0;Latin double initial 22-06-2015-nl
;;V.W.;0;Latin double initial 22-06-2015-nl
;;V.X.;0;Latin double initial 22-06-2015-nl
;;V.Y.;0;Latin double initial 22-06-2015-nl
;;V.Z.;0;Latin double initial 22-06-2015-nl
;;W.A.;0;Latin double initial 22-06-2015-nl
;;W.B.;0;Latin double initial 22-06-2015-nl
;;W.C.;0;Latin double initial 22-06-2015-nl
;;W.D.;0;Latin double initial 22-06-2015-nl
;;W.E.;0;Latin double initial 22-06-2015-nl
;;W.F.;0;Latin double initial 22-06-2015-nl
;;W.G.;0;Latin double initial 22-06-2015-nl
;;W.H.;0;Latin double initial 22-06-2015-nl
;;W.I.;0;Latin double initial 22-06-2015-nl
;;W.J.;0;Latin double initial 22-06-2015-nl
;;W.K.;0;Latin double initial 22-06-2015-nl
;;W.L.;0;Latin double initial 22-06-2015-nl
;;W.M.;0;Latin double initial 22-06-2015-nl
;;W.N.;0;Latin double initial 22-06-2015-nl
;;W.O.;0;Latin double initial 22-06-2015-nl
;;W.P.;0;Latin double initial 22-06-2015-nl
;;W.Q.;0;Latin double initial 22-06-2015-nl
;;W.R.;0;Latin double initial 22-06-2015-nl
;;W.S.;0;Latin double initial 22-06-2015-nl
;;W.T.;0;Latin double initial 22-06-2015-nl
;;W.U.;0;Latin double initial 22-06-2015-nl
;;W.V.;0;Latin double initial 22-06-2015-nl
;;W.W.;0;Latin double initial 22-06-2015-nl
;;W.X.;0;Latin double initial 22-06-2015-nl
;;W.Y.;0;Latin double initial 22-06-2015-nl
;;W.Z.;0;Latin double initial 22-06-2015-nl
;;X.A.;0;Latin double initial 22-06-2015-nl
;;X.B.;0;Latin double initial 22-06-2015-nl
;;X.C.;0;Latin double initial 22-06-2015-nl
;;X.D.;0;Latin double initial 22-06-2015-nl
;;X.E.;0;Latin double initial 22-06-2015-nl
;;X.F.;0;Latin double initial 22-06-2015-nl
;;X.G.;0;Latin double initial 22-06-2015-nl
;;X.H.;0;Latin double initial 22-06-2015-nl
;;X.I.;0;Latin double initial 22-06-2015-nl
;;X.J.;0;Latin double initial 22-06-2015-nl
;;X.K.;0;Latin double initial 22-06-2015-nl
;;X.L.;0;Latin double initial 22-06-2015-nl
;;X.M.;0;Latin double initial 22-06-2015-nl
;;X.N.;0;Latin double initial 22-06-2015-nl
;;X.O.;0;Latin double initial 22-06-2015-nl
;;X.P.;0;Latin double initial 22-06-2015-nl
;;X.Q.;0;Latin double initial 22-06-2015-nl
;;X.R.;0;Latin double initial 22-06-2015-nl
;;X.S.;0;Latin double initial 22-06-2015-nl
;;X.T.;0;Latin double initial 22-06-2015-nl
;;X.U.;0;Latin double initial 22-06-2015-nl
;;X.V.;0;Latin double initial 22-06-2015-nl
;;X.W.;0;Latin double initial 22-06-2015-nl
;;X.X.;0;Latin double initial 22-06-2015-nl
;;X.Y.;0;Latin double initial 22-06-2015-nl
;;X.Z.;0;Latin double initial 22-06-2015-nl
;;Y.A.;0;Latin double initial 22-06-2015-nl
;;Y.B.;0;Latin double initial 22-06-2015-nl
;;Y.C.;0;Latin double initial 22-06-2015-nl
;;Y.D.;0;Latin double initial 22-06-2015-nl
;;Y.E.;0;Latin double initial 22-06-2015-nl
;;Y.F.;0;Latin double initial 22-06-2015-nl
;;Y.G.;0;Latin double initial 22-06-2015-nl
;;Y.H.;0;Latin double initial 22-06-2015-nl
;;Y.I.;0;Latin double initial 22-06-2015-nl
;;Y.J.;0;Latin double initial 22-06-2015-nl
;;Y.K.;0;Latin double initial 22-06-2015-nl
;;Y.L.;0;Latin double initial 22-06-2015-nl
;;Y.M.;0;Latin double initial 22-06-2015-nl
;;Y.N.;0;Latin double initial 22-06-2015-nl
;;Y.O.;0;Latin double initial 22-06-2015-nl
;;Y.P.;0;Latin double initial 22-06-2015-nl
;;Y.Q.;0;Latin double initial 22-06-2015-nl
;;Y.R.;0;Latin double initial 22-06-2015-nl
;;Y.S.;0;Latin double initial 22-06-2015-nl
;;Y.T.;0;Latin double initial 22-06-2015-nl
;;Y.U.;0;Latin double initial 22-06-2015-nl
;;Y.V.;0;Latin double initial 22-06-2015-nl
;;Y.W.;0;Latin double initial 22-06-2015-nl
;;Y.X.;0;Latin double initial 22-06-2015-nl
;;Y.Y.;0;Latin double initial 22-06-2015-nl
;;Y.Z.;0;Latin double initial 22-06-2015-nl
;;Z.A.;0;Latin double initial 22-06-2015-nl
;;Z.B.;0;Latin double initial 22-06-2015-nl
;;Z.C.;0;Latin double initial 22-06-2015-nl
;;Z.D.;0;Latin double initial 22-06-2015-nl
;;Z.E.;0;Latin double initial 22-06-2015-nl
;;Z.F.;0;Latin double initial 22-06-2015-nl
;;Z.G.;0;Latin double initial 22-06-2015-nl
;;Z.H.;0;Latin double initial 22-06-2015-nl
;;Z.I.;0;Latin double initial 22-06-2015-nl
;;Z.J.;0;Latin double initial 22-06-2015-nl
;;Z.K.;0;Latin double initial 22-06-2015-nl
;;Z.L.;0;Latin double initial 22-06-2015-nl
;;Z.M.;0;Latin double initial 22-06-2015-nl
;;Z.N.;0;Latin double initial 22-06-2015-nl
;;Z.O.;0;Latin double initial 22-06-2015-nl
;;Z.P.;0;Latin double initial 22-06-2015-nl
;;Z.Q.;0;Latin double initial 22-06-2015-nl
;;Z.R.;0;Latin double initial 22-06-2015-nl
;;Z.S.;0;Latin double initial 22-06-2015-nl
;;Z.T.;0;Latin double initial 22-06-2015-nl
;;Z.U.;0;Latin double initial 22-06-2015-nl
;;Z.V.;0;Latin double initial 22-06-2015-nl
;;Z.W.;0;Latin double initial 22-06-2015-nl
;;Z.X.;0;Latin double initial 22-06-2015-nl
;;Z.Y.;0;Latin double initial 22-06-2015-nl
;;Z.Z.;0;Latin double initial 22-06-2015-nl