920;1;CapitalInitial;^UKCapitalInitial;11-03-2015-nl
1126;1;CapitalMixed;^UKCapitalMixed;25-11-2015-nl
1158;1;CapitalAll;^UKCapitalAll;rewriting mandatory label to a language-specific copy, #33-nl (to recognize 'І' as Concept)
921;1;Punctuation;UKPunctuation;11-03-2015-nl
926;1;UDNegation;+UKNegation+UKNegBegin;16-03-2015-nl, moved up and changed ^ into + to avoid overwriting other UD-labels 23-03-2015-nl 
927;1;UDPosSentiment;+UKPosSentiment+UKPosSentimentBegin;18-03-2015-nl, moved up and changed ^ into + to avoid overwriting other UD-labels 23-03-2015-nl 
928;1;UDNegSentiment;+UKNegSentiment+UKNegSentimentBegin;18-03-2015-nl, moved up and changed ^ into + to avoid overwriting other UD-labels 23-03-2015-nl 
923;1;UDConcept;UKCon;16-03-2015-nl, added '+' to avoid overwriting other UD labels 25-03-2015-nl,removed udconcept from second part 30-03-2016-nl
924;1;UDRelation;UKRelation;16-03-2015-nl, added '+' to avoid overwriting other UD labels 25-03-2015-nl,removed udrelation from second part 30-03-2016-nl
925;1;UDNonRelevant;UKNonRelevant;16-03-2015-nl
1127;39;UKVerb+UKPlusDatInstr|UKCon+^UKConInstr|UKAdjDatPrep:UKAdjInstr:UKAdjDatInstr+^UKCapitalInitial+^UKCapitalMixed;^UKVerb|^UKCon|UKBCon;25-11-2015-nl
1128;39;UKVerb+UKPlusDatInstr|UKAdj|UKCon|UKAdjDatPrep:UKAdjInstr:UKAdjDatInstr+^UKCapitalInitial+^UKCapitalMixed;^UKVerb|^UKAdj|^UKCon|UKBCon;25-11-2015-nl
1130;39;UKVerb+UKPlusDatInstr|UKCon|UKCon+^UKConInstr|UKAdjDatPrep:UKAdjInstr:UKAdjDatInstr;^UKVerb|^UKCon|^UKCon|UKBCon;30-11-2015-nl
1118;39;UKPartadjPart|UKAdjInstr|UKCon|UKAdjNomAcc;UKAdj|UKAdj|UKCon|UKAdj;23-11-2015-nl
1123;39;UKKomma|UKCon|UKAdjNomAcc|UKCon;UKKomma|^UKCon|UKAdj|^UKCon;23-11-2015-nl
1121;39;SBegin|UKCon|UKAdjNomAcc|UKCon;*|^UKCon|UKAdj|^UKCon;23-11-2015-nl
1122;39;UKCon|UKAdjNomAcc|UKCon|SEnd;^UKCon|UKAdj|^UKCon|*;23-11-2015-nl
1120;39;UKPrep|UKCon|UKCon|UKAdjNomAcc|UKCon|UKKomma|UKPartadjPart;^UKPrep|UKCon|UKCon|UKBCon|UKCon|UKKomma|^UKPartadjPart;23-11-2015-nl
1124;39;UKPrep|UKCon|UKCon|UKAdjNomAcc|UKCon|UKVerb;^UKPrep|UKCon|UKCon|UKBCon|UKCon|^UKVerb;25-11-2015-nl
1117;39;UKPrep|UKCon|UKCon|UKAdjNomAcc+^UKCapitalInitial+^UKCapitalMixed|UKCon|^UKKomma+^SEnd;^UKPrep|UKCon|UKCon|UKBCon|UKCon|*;23-11-2015-nl, added ^SEnd for JDN245 _sbse #4-jdn
1125;39;UKPrep|UKCon|UKAdjNomAcc|UKCon|UKVerb;^UKPrep|UKCon|UKBCon|UKCon|^UKVerb;25-11-2015-nl
1115;39;UKPrep|UKCon|UKAdjNomAcc+^UKCapitalInitial+^UKCapitalMixed|UKCon|^UKKomma+^SEnd;^UKPrep|UKCon|UKBCon|UKCon|*;23-11-2015-nl, added ^SEnd for JDN245 _sbse #4-jdn
1114;39;UKCon|UKAdjNomAcc+^UKCapitalInitial+^UKCapitalMixed|UKCon;UKCon|UKBCon|UKCon;23-11-2015-nl
1023;40;UKAdvtempPart1|UKCon|UKConNonGen+^UKCapitalInitial;^UKAdvtempPart1|^UKCon|UKBCon+UKCon;06-07-2015-nl,added con to bcon 14-09-2015-nl
867;40;UKConIfCap+UKCapitalInitial;UKCon;18-06-2014-nl,changed capinit to ukcapinit 31-08-2015-nl
1159;40;^SBegin|"i"+UKCapitalAll;*|UKCon;#33-nl, for Latin 'i'
871;40;UKPrepMultiword|UKPrepMultiword|SEnd;UKPrep|UKCon|*;27-06-2014-nl
872;40;UKPrepMultiword|UKPrepMultiword;UKPrep|+Join;27-06-2014-nl
1110;40;UKPrep|UKAdj|UKAdjCon;^UKPrep|^UKAdj|UKCon;23-11-2015-nl
1111;40;UKNRAdv|UKPartadjPart|UKAdjCon;^UKNRAdv|UKAdj|UKCon;23-11-2015-nl
1109;40;UKAdjCon;UKAdj;23-11-2015-nl
854;40;UKCon|UKMalo;^UKCon|UKVerb+UKButi;06-06-2014-nl,changed from verbadvdeg 14-09-2015-nl
902;40;UKKomma|UKMalo|UKAdj;UKKomma|UKVerb|^UKAdj;31-07-2014-nl,changed from verbadvdeg 14-09-2015-nl
855;40;UKMalo;UKAdvdegree;06-06-2014-nl,changed from verbadvdeg 14-09-2015-nl
857;40;UKPrep|UKPrepCon;^UKPrep|UKCon;06-06-2014-nl
859;40;UKPrepCon;UKPrep;06-06-2014-nl
911;40;UKButi|UKBi;^UKButi|+Join;04-08-2014-nl
912;40;UKBi|UKButi;^UKButi|+Join;04-08-2014-nl
910;40;UKBi;UKVerb;04-08-2014-nl
898;40;UKPo|UKSuti|UKVerb;UKPrep|UKCon|^UKVerb;07-07-2014-nl
899;40;UKPo|UKSuti;UKNRAdv|+Join;07-07-2014-nl
890;40;UKAdv|UKAndOrBut|UKAdv;UKAdv|+Join|+Join;03-07-2014-nl
715;40;UKCon|UKAdv|UKAdj|SEnd;UKCon|^UKBCon+UKCon|UKAdj|*;28-08-2013-nl,added con 16-09-2015-nl
822;40;UKVerb|UKRefl;UKVerb|+Join;07-05-2014-nl
1141;40;UKShkoda|UKInf;UKPred|^UKInf;04-01-2015-nl
1142;40;UKShkoda;UKCon;04-01-2015-nl
814;40;UKAdj|UKKolo;^UKAdj|UKCon;07-05-2014-nl
816;40;UKKolo|UKPosspron;UKPrep|^UKPosspron;07-05-2014-nl
818;40;UKKolo;UKCon;07-05-2014-nl
826;40;UKPosspron|UKVlasne;^UKPosspron|UKAdj;09-05-2014-nl
828;40;UKVerb|UKVlasne|UKCon;^UKVerb|UKAdj|^UKCon;09-05-2014-nl
829;40;UKInf|UKVlasne|UKCon;^UKInf|UKAdj|^UKCon;09-05-2014-nl
852;40;UKVlasne|UKAdj;UKAdvdegree|^UKAdj;04-06-2014-nl
827;40;UKVlasne;UKNRAdv;09-05-2014-nl
834;40;UKNizh|UKPrep;UKPrep|UKPrep;12-05-2014-nl
842;40;UKCompgr|UKNizh|UKPartadjPart;UKPartadjPart|+Join|+Join;16-05-2014-nl
836;40;UKNizh|UKAdj;UKRelpron|UKAdj;12-05-2014-nl
841;40;UKNizh|UKCon;UKRelpron|^UKCon;16-05-2014-nl
914;40;UKNizh|UKPartadjPart|UKCon;UKRelpron|UKAdj|^UKCon;04-08-2014-nl
838;40;UKKomma|UKNizh;UKKomma|UKRelpron;12-05-2014-nl
839;40;UKAdjAdvComp|UKNizh;^UKAdjAdvComp|UKRelpron;16-05-2014-nl
835;40;UKNizh;UKCon;12-05-2014-nl   DEFAULT OM TE TESTEN, NIET DEFINITIEF!!!
1157;40;UKRelpronPart1|UKRelpronPart2|UKRelpronPart3;UKRelpron|+Join|+Join;13-01-2016-nl
868;40;UKHyphen|UKAdvdegree|UKPartadjPart;UKVerb|UKCAdv|UKAdj;27-06-2014-nl
1099;40;UKAdj|UKSeason;^UKAdj|UKCon;26-10-2015-nl
1096;40;UKSeason|UKECon+UKYear;UKBeginendconcept|+Join;26-10-2015-nl
1098;40;^UKCfr+^SBegin|UKMonth|UKECon+UKYear;*|UKBeginendconcept|+Join;26-10-2015-nl, added ^SBegin for JDN245 _sbse #4-jdn
1097;40;UKECon+UKYear;-UKYear;26-10-2015-nl
289;40;UKECon|UKCfr;UKBCon+UKCon|^UKCfr;Tijdstip voor Cijfer wordt BEGINCONCEPT,added con 16-09-2015-nl,replaced temp 26-10-2015-nl
874;40;UKYear|UKYear;UKYear|+Join;30-06-2014-nl
293;40;UKPrep|UKWeek;UKRPrep|UKECon+UKCon;Week na Voorzetsel wordt ENDCONCEPT, VOOR RULES YEAR,30-04-13-nl,added con 14-09-2015-nl
292;40;UKWeek;UKYear;Week wordt DEFAULT JAAR
1095;40;UKSeason|UKCfr|^UKYear+^SEnd;UKBeginendconcept|+Join|*;26-10-2015-nl, added ^SEnd for JDN245 _sbse #4-jdn
274;40;UKCfr|UKYear|UKAdjtemp|UKCent;UKCfr|UKCon|UKAdjtemp|UKECon+UKCon;Eeuw na Cijfer plus Jaar plus Tijdsadjectief wordt ENDCONCEPT,changed adj into adjtemp in second part 28-04-2014-nl for rule 796,added con 14-09-2015-nl
275;40;UKCfr|UKYear|UKCfr|UKCent;UKCfr|UKCon|UKCon|UKECon+UKCon;Eeuw na Cijfer plus Jaar plus Cijfer wordt ENDCONCEPT,added con 14-09-2015-nl
756;40;UKCent|UKCent;UKCent|+Join;28-03-2014-nl
1132;40;UKCent|UKCfr;UKCon|^UKCfr;30-11-2015-nl
277;40;UKCent;UKYear;Eeuw wordt DEFAULT JAAR
1070;40;UKBeginendconcept|UKCfr|UKYear;UKBeginendconcept|+Join|+Join;14-10-2015-nl
276;40;UKCfr|UKYear;UKCfr|UKECon+UKCon;Jaar na Cijfer wordt ENDCONCEPT,added con 14-09-2015-nl
272;40;UKAdjtemp|UKYear;UKAdjtemp|UKECon+UKCon;Jaar na Tijdsadjectief wordt ENDCONCEPT,changed adj into adjtemp in second part 28-04-2014-nl for rule 796,added con 14-09-2015-nl
267;40;UKKozhen|UKYear;UKBCon+UKCon|UKECon+UKCon;Kazjdyj plus Jaar wordt BEGINCONCEPT plus ENDCONCEPT,replaced kazhdy by kozhen 30-06-2014-nl,added con 14-09-2015-nl,16-09-2015-nl
279;40;UKDay|UKCfr;UKBCon+UKCon|UKCon;Dag voor Cijfer wordt CONCEPT,30-04-13-nl,added con 16-09-2015-nl
1069;40;UKDay|UKBeginendconcept;UKBeginendconcept|+Join;14-10-2015-nl
1071;40;UKBeginendconcept:UKAdvBeginendconcept|UKCfr|UKMonth;UKBCon+UKCon|UKCon|UKMonth;14-10-2015-nl,added advbeginendc 21-10-2015-nl
1090;40;UKAdvBeginendconcept|UKCfr|UKMonth;UKBCon+UKCon|UKCon|UKMonth;21-10-2015-nl,to be removed when OR works in 1071
578;40;UKCfr|UKMonth;UKBCon+UKCon|UKMonth;Cijfer voor Maand wordt BEGINCONCEPT,added con 16-09-2015-nl
282;40;UKMonth|UKCfr;UKCon|UKCfr;Maand voor Cijfer wordt CONCEPT
283;40;UKMonth|UKAdjtemp|UKECon;UKCon|^UKAdj|UKECon+UKCon;Maand voor Adjectief plus Eindtijdsconcept wordt CONCEPT,changed adj into adjtemp in first part 28-04-2014-nl for rule 796,added con 14-09-2015-nl
284;40;UKMonth|UKECon;UKCon|UKECon+UKCon;Maand voor Eindtijdsconcept wordt CONCEPT,added con 14-09-2015-nl
281;40;UKMonth|UKYear;UKCon|UKECon+UKCon;Maand voor Jaar wordt CONCEPT, replaced year by econ 18-08-2014-nl,added con 14-09-2015-nl
783;40;UKNum|UKYear;UKAdj|UKECon+UKCon;18-04-2014-nl,uitzondering: als genitief volgt (vb. до семи років в'язниці із забороною займати),added con 14-09-2015-nl
797;40;UKAdvtempPart1|UKAdvtempPart2;UKPrep|UKECon+UKCon;28-04-2014-nl
288;40;UKDay;UKECon+UKCon;Dag wordt DEFAULT ENDCONCEPT,added con 14-09-2015-nl
285;40;UKMonth;UKECon+UKCon;Maand wordt DEFAULT ENDCONCEPT,added con 14-09-2015-nl
909;40;UKCon|UKKozhen|^UKCon+^UKAdj+^SEnd;^UKCon|UKNRAdv|*;04-08-2014-nl, added ^SEnd for JDN245 _sbse #4-jdn
269;40;UKKozhen;UKCon;Kazjdyj wordt DEFAULT Onbepaald voornaamwoord,replaced kazhdy by kozhen 30-06-2014-nl
287;40;UKAdjtemp;UKAdj;Tijdsadjectief wordt DEFAULT Adjectief
799;40;UKIndefpron|UKYear;UKAdj|UKECon+UKCon;28-04-2014-nl,replaced nrindefpron 02-09-2015-nl,added con 14-09-2015-nl
800;40;UKYear|UKTomu;UKCon|UKECon+UKCon;28-04-2014-nl,added con 14-09-2015-nl
1081;40;UKYear|UKTimePRCon;UKCon|UKECon+UKCon;19-10-2015-nl
270;40;UKYear;UKCon;Jaar wordt DEFAULT CONCEPT
776;40;UKECon|UKTomu;UKCon|UKECon+UKCon;11-04-2014-nl,added con 14-09-2015-nl
1067;40;UKBeginendconcept|UKTomu;UKBeginendconcept|+Join;14-10-2015-nl
798;40;UKIndefpron|UKECon;UKAdj|UKECon+UKCon;28-04-2014-nl,replaced nrindefpron 02-09-2015-nl,added con 14-09-2015-nl
381;40;UKPrepAdvdeg|UKCfr;UKBCon+UKCon|UKCon;Okolo voor Cijfer wordt Bijwoord van graad, 04-06-2014-nl,added con to bcon 14-09-2015-nl
1068;40;UKNum|UKBeginendconcept;^UKNum|UKECon;14-10-2015-nl
1073;40;UKTimePRCon|UKPartAdj;^UKPartAdj|+Join;19-10-2015-nl
1075;40;UKTimePRCon|UKPartAdjSubst;^UKPartAdjSubst|+Join;19-10-2015-nl
1076;40;UKNe|UKTimePRCon;^UKNe|UKComp;19-10-2015-nl
1079;40;UKTimePRCon|UKECon;UKCon|^UKECon;19-10-2015-nl
1077;40;UKECon|UKTimePRCon;UKCon|UKECon;19-10-2015-nl
1080;40;UKTimePRCon|UKAdvtempPart1|UKCfr;UKCon|^UKAdvtempPart1|^UKCfr;19-10-2015-nl
1078;40;UKAdvdegree|UKTimePRCon;UKTime+UKAdvPR|+Join;19-10-2015-nl,removed mod 11-01-2016-nl
1074;40;UKTimePRCon;UKTime+UKAdvPR;19-10-2015-nl,replaced mod 11-01-2016-nl
1092;40;UKAdvPR|UKPartAdj;UKAdv|^UKPartAdj;21-10-2015-nl
1093;40;UKAdj|UKAdvPR|UKCon;^UKAdj|UKAdj|^UKCon;21-10-2015-nl
1094;40;UKKAdj|UKAdvPR|UKCon;UKAdj|UKAdj|^UKCon;21-10-2015-nl
789;40;UKAdvPart1|UKAdvPart2|UKVerb;UKRAdv|+Join|^UKVerb;25-04-2014-nl
792;40;UKPartadjPart|UKAdvPart1|UKAdvPart2;^UKPartadjPart|UKRAdv|+Join;25-04-2014-nl
790;40;UKAdvPart1;-UKAdvPart1;25-04-2014-nl
791;40;UKAdvPart2;UKCon;25-04-2014-nl
896;40;UKVerbCon|UKOdyn;UKVerb|^UKOdyn;07-07-2014-nl
897;40;UKPrep|UKVerbCon;^UKPrep|UKCon;07-07-2014-nl
1104;40;UKVerb|UKPrep|UKCon|UKVerbCon;^UKVerb|^UKPrep|^UKCon|UKCon;04-11-2015-nl
1105;40;UKPrep|UKCon|UKVerbCon|UKAndOrBut;^UKPrep|^UKCon|UKCon|^UKAndOrBut;04-11-2015-nl
1144;40;UKCon|UKAndOrBut|UKVerbCon;^UKCon|UKAndOrBut|UKCon;04-01-2016-nl
1035;40;UKTakij|UKSamyj;UKIndefpronPR|+Join;09-09-2015-nl,removed mod 11-01-2016-nl
1039;40;UKTakij|UKJak;UKRelpron|+Join;09-09-2015-nl
1040;40;UKTakij|UKKomma|UKJak;UKRelpron|+Join|+Join;09-09-2015-nl
408;40;UKTakij;UKIndefpronPRNR+UKIndefpron;Takij wordt DEFAULT NR-Onbepaald vnw.,replaced nrindefpron 07-09-2015-nl
565;40;UKOdyn|UKIz|UKNum+^UKOdyn;^UKCon|+Join|UKCon;Nummer voor Iz plus Nummer wordt BEGINCONCEPT,exception recipr. pronoun 09-04-2014-nl,new label odyniz 15-09-2014-nl,replaced bcon 14-09-2015-nl,changed from odyniz 16-09-2015-nl
1050;40;UKOdyn|UKIz|UKIndefpronPRNR;^UKCon|+Join|UKCon;,changed from odyniz 16-09-2015-nl
1056;40;UKOdyn|UKIz|UKPerspron;UKPerspron|UKPrep|UKPerspron;16-09-2015-nl,removed mod 11-01-2016-nl
1051;40;UKOdyn+^UKNoBCon|UKIz;UKBCon+UKAdj|+Join;16-09-2015-nl
1058;40;UKOdyn|UKIz;UKCon+UKAdj|+Join;16-09-2015-nl
334;40;UKIz;UKPrep;Iz wordt DEFAULT Voorzetsel
765;40;UKPrep|UKAdvtempCon;^UKPrep|UKCon;07-04-2014-nl  test 31-07-2014-nl
1087;40;UKPrep|UKCon|UKAndOrBut|UKAdvtempCon;^UKPrep|UKCon|UKAndOrBut|UKCon;19-10-2015-nl
879;40;UKAdj|UKAdvtempCon;^UKAdj|UKCon;30-06-2014-nl
1084;40;UKCfr|UKAdvtempCon;^UKAdj|UKCon;19-10-2015-nl
1086;40;UKButi|UKAdvtempCon;^UKButi|UKCon;19-10-2015-nl
766;40;UKAdvtempCon;UKAdvPR;07-04-2014-nl,changed from advtemp 19-10-2015-nl,removed mod 11-01-2016-nl
1088;40;UKCfr|UKCon|UKAdvBeginendconcept;^UKCfr|^UKCon|UKECon;21-10-2015-nl
1131;40;UKCfr|UKAdvBeginendconcept;^UKCfr|UKECon;30-11-2015-nl
1091;40;UKNum|UKCon|UKAdvBeginendconcept;^UKCfr|^UKCon|UKECon;21-10-2015-nl,to be removed and added to 1088 with OR
1089;40;UKAdvBeginendconcept;UKBeginendconcept;21-10-2015-nl
506;40;UKHyphen|UKNe|UKCon;UKConj|^UKNegRel|UKCon;Ne tussen Koppelteken en Substantief wordt RELATIE,^toegevoegd 16-04-13-nl
372;40;UKNe|UKIndefpron;^UKBCon+UKCon|UKCon;Ne plus Onbepaald vnw. wordt BEGINCONCEPT plus CONCEPT,^toegevoegd 16-04-13-nl,replaced nrindefpron 02-09-2015-nl,added con 16-09-2015-nl,removed mod 11-01-2016-nl
1083;40;"не"|UKAdvPR;^UKNegRel|UKRAdv;19-10-2015-nl,removed mod 11-01-2016-nl
324;40;UKNum|UKIndefpron|UKCon;UKCon|UKAdj|UKCon;NR-Onbepaald vnw. tussen Nummer en Substantief wordt CONCEPT,replaced nrindefpron 02-09-2015-nl
451;40;UKNum|UKRDempron|UKCon;UKCon|UKCAdv|UKCon;Aanwijzend vnw. tussen Nummer en Substantief wordt CONCEPT - replaced dempron by rdempron 01-09-2014-nl
455;40;UKNum|UKRDempron|UKAdj;UKCon|UKCAdv|^UKAdj;Aanwijzend vnw. tussen Nummer en Adjectief wordt CONCEPT - replaced dempron by rdempron 01-09-2014-nl
323;40;UKAdj|UKIndefpron|UKCon;^UKAdj|UKAdj|UKCon;NR-Onbepaald vnw. tussen Adjectief en Substantief wordt CONCEPT,replaced nrindefpron 02-09-2015-nl
382;40;UKPrepAdvdeg|UKNum;UKBCon+UKCon|UKCon;Okolo plus Nummer wordt BEGINCONCEPT plus CONCEPT,added con 16-09-2015-nl
383;40;UKPrepAdvdeg;UKPrep;Okolo wordt DEFAULT Voorzetsel
530;40;UKRaz|UKCompgr|UKKomma|UKRelpron;UKCon|UKCon|UKKomma|^UKRelpron;Raz plus Meer/minder voor Komma plus Betrekkelijk vnw. worden CONCEPTEN
531;40;UKCompgr|UKIndefpron;UKAdv|^UKIndefpron;Meer/minder voor NR-Onbepaald vnw. wordt Bijwoord,replaced nrindefpron 02-09-2015-nl
831;40;UKAdvdegree|UKCompgr;UKCompgr|+Join;12-05-2014-nl
526;40;UKNe|UKVerb|UKCompgr;^UKNegRel|^UKVerb|UKRAdv;Meer/minder na Ne plus Vervoegd werkwoord wordt RELATIE,^toegevoegd 16-04-13-nl, added ^ to save label UKButi 07-02-2014-nl
771;40;UKCompgr|UKCfr;UKCon|UKCon;09-04-2014-nl
772;40;UKCompgr|UKNum;UKCon|UKCon;09-04-2014-nl
773;40;UKCompgr|UKPunctuation;UKRAdv|UKPunctuation;09-04-2014-nl,replaced punctuation by ukpunctuation 11-03-2015-nl
860;40;UKVsje|UKCompgr;UKAdvdegree|UKCompgr;13-06-2014-nl
865;40;UKCompgr|UKSup|UKSup;UKCompgr|+Join|+Join;16-06-2014-nl
878;40;UKCfr|UKCompgr;UKAdj|UKAdj;30-06-2014-nl
1065;40;UKCompgr|"за"|"все";UKCompgr|+Join|+Join;21-09-2015-nl
525;40;UKCompgr;UKAdvdegree+UKAdvdegreeCon;Meer/minder wordt DEFAULT Bijwoord van graad, added AdvdegreeCon 12-05-2014-nl
1155;40;UKNegPR:UKShtshos|UKAdv|UKAdj;UKBCon|UKCAdv|^UKAdj;11-01-2016-nl
1156;40;UKNegPR:UKShtshos|UKAdj;UKBCon|^UKAdj;11-01-2016-nl
1154;40;UKAdvdegree:UKAdvdegNR|UKNegPR;UKNegPR+UKNegation+UKNegBegin|+Join;11-01-2016-nl
562;40;UKAdvdegree|UKNiyaki;UKBCon+UKCon|^UKCon;Bijwoord van graad plus Nikto wordt BEGINCONCEPT plus CONCEPT,^toegevoegd 16-04-13-nl,added con 16-09-2015-nl
620;40;UKAdvdegNR|UKNiyaki;UKBCon+UKCon|^UKCon;24-04-13-nl,added con 16-09-2015-nl
561;40;UKNiyaki;^UKBCon;Nikto wordt DEFAULT BEGINCONCEPT,^toegevoegd 16-04-13-nl,added con 16-09-2015-nl,removed con 04-01-2016-nl
528;40;UKRaz|UKAdvdegree;UKCon|UKCon;Raz plus Bijwoord van graad worden CONCEPTEN
915;40;UKRaz|UKAdjAdvComp;UKCon|UKCon;21-08-2014-nl
916;40;UKRaz|UKAdjComp;UKCon|UKCon;21-08-2014-nl
917;40;UKAdjComp;+UKAdj;21-08-2014-nl,added plus 14-09-2015-nl
527;40;UKRaz|UKNum;UKBCon+UKCon|UKCon;Raz plus Nummer wordt BEGINCONCEPT plus CONCEPT,added con 16-09-2015-nl
582;40;UKAdvdegree|UKRaz;UKBCon+UKCon|UKECon+UKCon;Bijwoord van graad voor Raz wordt CONCEPT plus ENDCONCEPT,replaced con by bcon 28-08-2013-nl,added con 14-09-2015-nl,16-09-2015-nl
533;40;UKRaz;UKECon+UKCon;Raz wordt DEFAULT ENDCONCEPT,added con 09-09-2015-nl
640;40;UKNum|UKAndOrBut|UKAdvdegree;UKCon|UKCon|UKCon;30-04-13-nl
731;40;UKNum|UKPartadjPart;UKNum|UKAdj;07-02-2014-nl
738;40;UKCfr|UKPartadjPart|UKAdj;UKCfr|UKAdj|UKAdj;10-02-2014-nl
328;40;UKNum+^UKOdyn;UKAdj;Cijfer wordt DEFAULT CONCEPT, VOOR RULES CON, exception recipr. pronoun 09-04-2014-nl,test adj ipv con 14-04-2014-nl
762;40;UKKomma|UKAdjAdv|UKCon;UKKomma|UKAdj|^UKCon;28-03-2014-nl
760;40;UKAdjAdv+^UKAdvdegree;UKAdv;28-03-2014-nl
327;40;UKAdvPred|UKAdj;UKAdj|^UKAdj;Bijwoord/Predicaat voor Adjectief wordt CONCEPT, 1ste RULE ADVPRED
250;40;UKButi|UKAdvPred|UKCon;UKButi|UKPred|UKCon;Bijwoord/Predicaat tussen Koppelwerkwoord en Substantief wordt RELATIE - replaced Aux by Buti 04-09-2014-nl,  - not sure if occurs in UK 09-09-2014-nl
749;40;UKAdvPred|UKCfr;UKPred|UKCfr;26-03-2014-nl
758;40;UKAdvPred|UKKomma|UKConj;UKPred|UKKomma|UKConj;28-03-2014-nl
9;40;UKAdvPred;UKAdv;Bijwoord/Predicaat wordt DEFAULT Bijwoord, VOOR RULE 5
466;40;UKAdvaux;UKAdv;BijwoordAux wordt DEFAULT Bijwoord
257;40;UKAdvdegNR|UKNRAdv;UKNRAdv|UKNRAdv;Bijwoord van graad/NonRelevant voor NonRelevantBijwoord wordt NONRELEVANT
258;40;UKAdvdegNR;+UKAdvdegree;Bijwoord van graad/NonRelevant wordt DEFAULT Bijwoord van graad, added + 25-04-2014-nl
568;40;SBegin|UKConjNR;*|^UKNRAdv;Voegwoord/NR begin zin wordt NONRELEVANT
851;40;SBegin|UKNRAdv|UKKomma|UKConjNR;*|^UKNRAdv|UKKomma|UKNRAdv;26-05-2014-nl
784;40;UKKomma|UKConjNR|UKKomma;UKKomma|UKNRAdv|UKKomma;18-04-2014-nl
569;40;UKConjNR;^UKConj;Voegwoord/NR wordt DEFAULT Voegwoord
846;40;UKOsoblyvo|UKAdv;UKAdv|+Join;16-05-2014-nl
843;40;UKOsoblyvo|UKAdj;UKAdvdegree|^UKAdj;16-05-2014-nl
844;40;UKPunctuation|UKOsoblyvo;UKPunctuation|UKNRAdv;16-05-2014-nl,replaced punctuation by ukpunctuation 11-03-2015-nl
845;40;UKKomma|UKOsoblyvo;UKKomma|UKNRAdv;16-05-2014-nl
847;40;UKAndOrBut|UKOsoblyvo;UKAndOrBut|UKNRAdv;16-05-2014-nl
418;40;UKOsoblyvo;UKNRAdv;changed advdegree to nradv 16-05-2014-nl
803;40;SBegin|UKNRIfBegin;*|UKNRAdv;28-04-2014-nl
794;40;SBegin|UKNRIfComma|UKKomma;*|UKNRAdv|UKKomma;28-04-2014-nl
795;40;UKNRIfComma;-UKNRIfComma;28-04-2014-nl
870;40;UKVerbAdj|UKCon|UKNe|UKVerb;UKBCon+UKCon|^UKCon|^UKNe|^UKVerb;27-06-2014-nl,added con 16-09-2015-nl
805;40;UKVerbAdj|UKCon|UKVerb;UKBCon+UKCon|^UKCon|^UKVerb;05-05-2014-nl,added con 16-09-2015-nl
1102;40;UKVerb|UKVerbAdj|UKCon;^UKVerb|UKAdj|^UKCon;
1106;40;UKVerb|UKIndefpron|UKVerbAdj;^UKVerb|^UKIndefpron|UKAdj;04-11-2015-nl
1100;40;UKAdvdegree|UKVerbAdj|^UKInf+^SEnd;UKCAdv|UKAdj|*;02-11-2015-nl, added ^SEnd for JDN245 _sbse #4-jdn
1101;40;UKPosspron|UKVerbAdj;^UKPosspron|UKAdj;02-11-2015-nl
1103;40;UKTse|UKVerbAdj;^UKTse|UKAdj;02-11-2015-nl, add OR dempron!
806;40;UKVerbAdj;UKVerb;05-05-2014-nl
804;40;UKVsje|UKPartadjPart|UKAdjAdvComp|UKCon;UKAdj|UKAdj|UKAdj|UKCon;28-04-2014-nl
767;40;UKCon|UKAdjAdvComp|UKCon|UKVerb;UKCon|UKBCon+UKCon|UKCon|UKVerb;07-04-2014-nl,added con 16-09-2015-nl
770;40;UKAdjAdvComp|UKCon|UKVerb;UKAdj|UKCon|UKVerb;07-04-2014-nl
769;40;UKAdjAdvComp;UKComp+UKAdvdegreeCon;07-04-2014-nl,added AdvdegreeCon 12-05-2014-nl
866;40;UKComp|UKSup|UKSup;UKComp|+Join|+Join;16-06-2014-nl
748;40;UKComp|UKCfr;UKRAdv|UKAdj;26-03-2014-nl
754;40;UKPartadjPart|UKCfr;UKPart|UKAdj;28-03-2014-nl
755;40;UKCfr|UKHyphen|UKCfr;UKAdj|+Join|+Join;28-03-2014-nl
271;40;UKCfr;UKAdj;Cijfer wordt DEFAULT Adjectief, changed from con to adj 26-03-2014-nl
683;40;UKAdvdegree|UKNi|UKPrep|UKRelpron;UKAdj|^UKNi|UKCon|UKCon;29-05-2013-nl,changed prep to concept 26-08-2013-nl
631;40;UKAdvdegree|UKNe|UKCon;UKAdj|^UKNe|UKCon;26-04-13-nl
309;40;UKAdvdegreeCon|UKCon;UKAdj|UKCon;Bijwoord van graad voor Substantief wordt CONCEPT
787;40;UKAdvdegreeCon+^UKComp;UKAdvdegree;23-04-2014-nl, added ^comp 12-05-2014-nl
1041;40;UKDeshtsho|UKAdvdegree;UKAdvdegree|+Join;14-09-2015-nl
1044;40;UKDeshtsho|UKAdjComp;UKAdj|+Join;14-09-2015-nl
1045;40;UKDeshtsho|UKVerb;UKVerb|+Join;14-09-2015-nl
1046;40;UKDeshtsho|UKInf;UKInf|+Join;14-09-2015-nl
1047;40;UKDeshtsho|UKPartAdj;UKPartAdj|+Join;14-09-2015-nl
1049;40;UKDeshtsho|UKPartadjPart;UKPartadjPart|+Join;14-09-2015-nl
1042;40;UKDeshtsho;UKIndefpronPR+UKIndefpron;14-09-2015-nl,removed mod 11-01-2016-nl
1053;40;UKIndefpronAdvdegree|UKVerb;UKRAdv|^UKVerb;16-09-2015-nl
1054;40;UKIndefpronAdvdegree|UKInf;UKRAdv|^UKInf;16-09-2015-nl
1055;40;UKIndefpronAdvdegree|UKPart;UKRAdv|^UKPart;16-09-2015-nl
242;40;UKAdvdegree|UKIndefpronPR;UKIndefpronPR|+Join;Bijwoord van Graad voor NR-Onbepaald vnw. wordt NR, attr. Modifier, RULES ADVGR TOT VSJO VOOR RULES ADVTEMP,replaced nrindefpron and nrmod 02-09-2015-nl,removed mod 11-01-2016-nl
1133;40;UKAdvdegree|UKIndefpronPRCon|UKPartadjPart;UKBCon+UKCon|UKAdj|UKAdj;09-12-2015-nl
356;40;UKAdvdegree|UKIndefpronPRCon;UKBCon+UKCon|UKCon;Bijwoord van graad voor Concept-Onbepaald vnw wordt Concept-Onbepaald vnw.,bcon - con 16-06-2014-nl,replaced cindefpron 07-09-2015-nl,added con 16-09-2015-nl
253;40;UKAdvdegree|UKPrep;UKPrep|UKPrep;Bijwoord van graad voor Voorzetsel wordt RELATIE
889;40;UKAdv|UKAndOrBut|UKAdvdegree;UKAdvdegree|+Join|+Join;03-07-2014-nl
888;40;UKAdvdegree|UKPartAdj;UKPartAdj|+Join;03-07-2014-nl
1082;40;UKAdvdegree|UKAdvTime;UKAdvPR+UKTime|+Join;19-10-2015-nl,changed from advpr+time 23-12-2015-nl to prevent attribute time from being overwritten,replaced mod 11-01-2016-nl
1085;40;UKAdvdegree|UKAdvPR;UKAdvPR|+Join;19-10-2015-nl,removed mod 11-01-2016-nl
243;40;UKAdvdegree;UKAdv;Bijwoord van graad wordt DEFAULT Bijwoord
365;40;UKComp|"за"|"все";UKComp|+Join|+Join;replaced RU Vsego by "за все" 25-08-2014-nl,replaced 'za vse' by separate literals 21-09-2015-nl
306;40;UKVsje|UKComp;UKAdvdegree|UKComp;Vsjo voor Comparatief wordt Comparatief, NA RULE 102
793;40;UKPrep|UKComp|UKCon;UKPrep|UKAdj|UKCon;25-04-2014-nl
307;40;UKComp;UKAdv;Comparatief wordt DEFAULT Bijwoord, VOOR RULES ADVTEMP 247
881;40;UKAdj|UKAdv|UKPrep;^UKAdj|UKAdj|^UKPrep;03-07-2014-nl
777;40;UKmAux|UKInfCon;^UKmAux|UKVerb;11-04-2014-nl
903;40;UKKomma|UKInfCon|UKKomma;UKKomma|UKCon|UKKomma;31-07-2014-nl
1107;40;UKVerb|UKInfAfterVerb;^UKVerb|UKInf;09-11-2015-nl
1108;40;UKButi|UKPartadjPart|UKInfCon;^UKButi|UKPart|UKInf;28-04-2014-nl
778;40;UKInfCon;UKVerbCon;11-04-2014-nl
170;40;UKVerb|UKVerbCon;UKVerb|UKCon;Werkwoord/Substantief na Vervoegd Werkwoord wordt CONCEPT
522;40;UKmAux+^UKButi+^UKConVerb;UKVerb;Modaal werkwoord wordt DEFAULT Vervoegd werkwoord, NA RULE 224, added exceptions buti and slid 14-04-2014-nl
535;40;UKNe|UKVerb;^UKNegRel|^UKVerb;Ne voor Vervoegd werkwoord wordt RELATIE,^toegevoegd 16-04-13-nl, added ^ to save label UKButi 07-02-2014-nl
802;40;UKButi|UKPartadjPart;^UKButi|UKPart;28-04-2014-nl
720;40;UKPrep|UKPartadjPart|UKCon;UKPrep|UKAdj|UKCon;03-02-2014-nl
1135;40;^UKTse:UKPrep+^SBegin|UKPartadjPart|UKPartadjPart:UKPartAdj|UKCon;*|UKPart|UKAdj|^UKCon;04-01-2016-nl, added ^SBegin for JDN245 _sbse #4-jdn
724;40;UKPrep|UKPartadjPart|UKAdj;UKPrep|UKAdj|UKAdj;03-02-2014-nl
737;40;UKPrep|UKAdv|UKPartadjPart|UKCon;UKPrep|UKAdv|UKAdj|UKCon;10-02-2014-nl
830;40;^UKCon+^SBegin|UKKomma|UKConj|UKPartadjPart|UKCon;*|UKKomma|^UKConj|UKAdj|^UKCon;09-05-2014-nl, added ^SBegin for JDN245 _sbse #4-jdn
1134;40;^UKRelpron+^SBegin|UKAdvPR|UKPartadjPart|UKCon;*|^UKAdvPR|UKAdj|^UKCon;23-12-2015-nl, added ^SBegin for JDN245 _sbse #4-jdn
721;40;UKAdj|UKPartadjPart|UKCon;UKAdj|UKAdj|UKCon;03-02-2014-nl
732;40;UKAdj|UKPartadjPart|UKAdj;UKAdj|UKAdj|UKAdj;07-02-2014-nl
780;40;UKIndefpronPRCon|UKPartadjPart|UKCon;UKBCon+UKCon|UKAdj|UKCon;14-04-2014-nl,bcon 16-06-2014-nl,replaced cindefpron 07-09-2015-nl,added con 16-09-2015-nl
824;40;UKIndefpronPRCon|UKPartadjPart|UKAdj;UKBCon+UKCon|UKAdj|UKAdj;07-05-2014-nl,bcon 16-06-2014-nl,replaced cindefpron 07-09-2015-nl,added con 16-09-2015-nl
812;40;UKIndefpron|UKPartadjPart|UKCon;^UKIndefpron|UKAdj|UKCon;07-05-2014-nl,replaced nrindefpron 02-09-2015-nl
848;40;UKPartadjPart|UKPrep|UKPerspron|UKAdj;UKAdj|+Join|+Join|+Join;16-05-2014-nl
739;40;UKPartadjPart|UKActobj|UKCon;UKAdj|UKAdj|UKCon;10-02-2014-nl,added -mod 26-08-2015-nl,removed mod 11-01-2016-nl
744;40;UKPartadjPart|UKActobj|UKVerbCon;UKAdj|UKAdj|UKCon;26-03-2014-nl,added -mod 26-08-2015-nl,removed mod 11-01-2016-nl
746;40;UKJak|UKPartadjPart|UKAndOrBut|UKPartadjPart|UKCon;^UKRelpron|UKAdj|UKAdj|UKAdj|UKCon;26-03-2014-nl
849;40;UKJak|UKNe|UKPartadjPart|UKCon;^UKRelpron|^UKNe|UKAdj|UKCon;16-05-2014-nl
741;40;UKJak|UKPartadjPart|UKCon;^UKRelpron|UKAdj|UKCon;10-03-2014-nl
725;40;SBegin|UKPartadjPart|UKCon;*|UKAdj|UKCon;03-02-2014-nl
722;40;SBegin|UKPartadjPart|UKAdj;*|UKAdj|UKAdj;03-02-2014-nl
733;40;UKPartadjPart|UKCon|UKVerb;UKAdj|UKCon|^UKVerb;07-02-2014-nl
1136;40;UKPartadjPart|UKCon|UKNe;UKAdj|^UKCon|^UKNe;04-01-2016-nl
1061;40;UKNRAdv|UKVidnosno|UKPartadjPart|UKCon;^UKNRAdv|UKCAdv|UKAdj|^UKCon;16-09-2015-nl
801;40;^UKKomma+^UKRelpron+^SBegin|UKPartadjPart|UKCon|UKPunctuation;*|UKAdj|UKCon|UKPunctuation;added ^komma & ^relpron 05-05-2014-nl,replaced punctuation by ukpunctuation 11-03-2015-nl, added ^SBegin for JDN245 _sbse #4-jdn
785;40;UKInf|UKPartadjPart;^UKInf|UKAdj;23-04-2014-nl
727;40;UKVerb+^UKButi|UKPartadjPart|UKAdj;UKVerb|UKAdj|UKAdj;after verbs except forms of 'to be' 03-02-2014-nl
728;40;UKVerb+^UKButi|UKPartadjPart|UKCon;UKVerb|UKAdj|UKCon;after verbs except forms of 'to be' 03-02-2014-nl
735;40;UKVerb+^UKButi+^UKE|UKPartadjPart|UKPrep;UKVerb|UKAdj|UKPrep;after verbs except forms of 'to be' 07-02-2014-nl,added ^E 07-05-2014-nl
736;40;UKAdj|UKAndOrBut|UKPartadjPart;UKAdj|UKAndOrBut|UKAdj;07-02-2014-nl
807;40;UKPartadjPart|UKAndOrBut|UKAdj|SEnd;UKAdj|UKAndOrBut|UKAdj|*;05-05-2014-nl in de plaats r.808
743;40;SBegin|UKAdv|UKPartadjPart|UKCon;*|UKAdv|UKAdj|UKCon;24-03-2014-nl
742;40;^UKKomma+^UKCon+^UKButi+^SBegin|UKAdv|UKPartadjPart|UKCon;*|UKAdv|UKAdj|UKCon;24-03-2014-nl,added ^buti 07-05-2014-nl, added ^SBegin for JDN245 _sbse #4-jdn
745;40;UKVerb+^UKButi|UKAdv|UKPartadjPart|UKAdj|UKCon;^UKVerb|UKCAdv|UKAdj|UKAdj|UKCon;26-03-2014-nl
887;40;UKPartadjPart|UKCon|UKAdv|UKVerb;UKAdj|^UKCon|^UKAdv|^UKVerb;03-07-2014-nl
1137;40;UKPartadjPart|UKPartadjPart:UKPartAdj|UKCon;UKAdj|UKAdj|^UKCon;04-01-2016-nl
1138;40;UKNRAdv|UKPartadjPart|UKCon+^UKConInstr;^UKNRAdv|UKAdj|^UKCon;04-01-2016-nl
1139;40;UKButi|UKPart|UKPartadjPart|UKCon;^UKButi|^UKPart|UKAdj|^UKCon;04-01-2016-nl
1145;40;UKHyphen|UKTse|UKCon|UKPartadjPart;^UKHyphen|^UKTse|^UKCon|UKAdj;06-01-2016-nl
730;40;UKPartadjPart;UKPart;03-02-2014-nl
1140;40;UKPartAdjSubst|UKAndOrBut|UKPartAdjSubst;UKAdj|UKAndOrBut|UKAdj;04-01-2015-nl
892;40;UKPartAdjSubst|UKNegRel|UKVerb;UKCon|^UKNegRel|^UKVerb;03-07-2014-nl
389;40;UKPartAdjSubst;UKPartAdj;Participium lange vorm/Substantief wordt DEFAULT Participium lange vorm, NA RULE 392
833;40;UKButi|UKAdv|UKPartAdj;^UKButi|UKRAdv|UKPart;10-03-2014-nl
740;40;UKButi|UKPartAdj;^UKButi|UKPart;10-03-2014-nl
825;40;UKE|UKPartAdj|UKPrep;UKVerb|UKPart|UKPrep;07-05-2014-nl
808;40;UKPartAdj|UKAndOrBut|UKAdj;UKAdj|UKAndOrBut|UKAdj;05-05-2014-nl
392;40;UKECon|UKPartAdj|^UKCon+^SEnd;UKECon+UKCon|UKPart|*;Participium lange vorm na Eindtijdsconcept wordt RELATIE,added con 14-09-2015-nl,added ^con 30-11-2015-nl, added ^SEnd for JDN245 _sbse #4-jdn
8;40;UKKomma|UKPartAdj;UKKomma|UKPart;Participium lange vorm na Komma wordt RELATIE
1143;40;UKKomma|"які"|UKPartAdj;UKKomma|UKRelpron|UKPart;04-01-2016-nl
44;40;UKKomma|UKNe|UKPartAdj;UKKomma|^UKNegRel|UKPart;Participium lange vorm na Komma plus Ne wordt RELATIE,^toegevoegd 16-04-13-nl
45;40;UKKomma|UKAdv|UKPartAdj;UKKomma|UKRAdv|UKPart;Participium lange vorm na Komma plus Bijwoord wordt RELATIE
393;40;UKPart|UKAndOrBut|UKPartAdj;UKPart|UKAndOrBut|UKPart;Participium lange vorm na Voltooid deelwoord plus En/of wordt RELATIE
52;40;UKNe|UKPartAdj;^UKAdj|UKAdj;Ne plus Participium lange vorm worden 2 CONCEPTEN,^toegevoegd 16-04-13-nl
43;40;UKPartAdj;UKAdj;Participium lange vorm wordt DEFAULT Adjectief
1059;40;UKVerb|UKVidnosno;^UKVerb|UKAdv;16-09-2015-nl
1062;40;UKPart|UKVidnosno;^UKPart|UKAdv;16-09-2015-nl
1063;40;UKInf|UKVidnosno;^UKInf|UKAdv;16-09-2015-nl
1064;40;UKPrep|UKVidnosno;^UKPrep|UKAdv;16-09-2015-nl
1060;40;UKVidnosno;UKPrep;16-09-2015-nl
652;40;UKAdj|UKPosspron|UKAdj;^UKAdj|UKAdj|^UKAdj;Pronoun between two Adjectives becomes CONCEPT, 02-05-13-nl
701;40;UKAdj|UKActobj|UKCon;^UKAdj|UKAdj|UKCon;Personal pronoun as acting object between Adjective and Substantive becomes CONCEPT, 19-06-2013-nl,added -mod 26-08-2015-nl,removed mod 11-01-2016-nl
654;40;UKAdj|UKNRAdv|UKCon;^UKAdj|UKAdj|UKCon;to be looked into, not with all structural words good results, eg. “, может быть,”,02-05-13-nl
710;40;UKAdj|UKAndOrBut|UKAdj|UKChinom;UKAdv|+Join|+Join|+Join;Adjectief plus Obrazom wordt tweemaal Bijwoord,26-08-2013-nl, changed to 3 times join 09-09-2014-nl
558;40;UKAdj|UKChinom;UKAdv|UKAdv;Adjectief plus Obrazom wordt tweemaal Bijwoord,removed ^in first adv 30-11-2015-nl
555;40;UKIndefpronPR|UKChinom;UKIndefpronPR|+Join;NR-Onbepaald vnw. plus Obrazom wordt NR, attr. Modifier plus NR, attr. PR Object,replaced nrindefpron and nrmod 02-09-2015-nl,removed mod 11-01-2016-nl
1031;40;UKIndefpronPRNR|UKChinom;UKNRAdv|+Join;07-09-2015-nl
556;40;UKChinom;UKCon;Obrazom wordt DEFAULT CONCEPT
348;40;UKAdvdegree;UKAdv;Bijwoord van graad wordt DEFAULT Bijwoord
188;40;UKSamyj|UKAdj+^UKCapitalInitial;UKAdj|^UKAdj;Samyj voor Adjectief wordt Adjectief,added ^capinit 16-11-2015-nl
189;40;UKSamyj|UKAdv|UKAdj;UKAdj|^UKCAdv|^UKAdj;Samyj voor Bijwoord plus Adjectief wordt Adjectief
197;40;UKSamyj;UKNRAdv;Samyj wordt DEFAULT NONRELEVANT
198;40;UKAdj|UKShliachom;^UKAdj|UKCon;Putjom na Adjectief wordt CONCEPT
869;40;UKShliachom|SEnd;UKCon|*;27-06-2014-nl
195;40;UKShliachom;UKPrep;Putjom wordt DEFAULT Voorzetsel
222;40;UKOdyn|UKPrep|UKOdyn;UKVerb|+Join|+Join;Wederkerig vnw. met Voorzetsel wordt Persoonlijk vnw.,changed from perspron 26-08-2015-nl
1036;40;UKOdyn|UKAndOrBut|UKIndefpronPR;UKIndefpronPR|+Join|+Join;09-09-2015-nl,removed mod 11-01-2016-nl
1037;40;UKNe|UKIndefpronPR;^UKBCon+UKCon|UKCon;09-09-2015-nl,added con 16-09-2015-nl,removed mod 11-01-2016-nl
176;40;UKOdyn+^UKIndefpron;UKAdj;Wederkerig vnw. wordt DEFAULT CONCEPT, test adj ipv con 09-05-2014-nl
353;40;UKVsje|UKAdj;UKBCon+UKCon|^UKAdj;Concept-Onbepaald vnw. voor Adjectief wordt CONCEPT, attr. Modifier,bcon 16-06-2014-nl,replaced cindefpron 07-09-2015-nl,added con 16-09-2015-nl
341;40;UKIndefpronPRCon|UKAdj;UKAdj|^UKAdj;NR-Onbepaald vnw. voor Adjectief wordt NONRELEVANT, attr. Modifier, NA RULE 197,replaced nrindefpron and nrmod 07-09-2015-nl
1032;40;UKIndefpronPRNR|UKAdj;UKNRAdv|^UKAdj;07-09-2015-nl
344;40;UKIndefpronPRNR|UKPosspron;UKNRAdv|UKPosspron;NR-Onbepaald vnw. voor Bezittelijk vnw. wordt NONRELEVANT, attr. Modifier,replaced nrindefpron and nrmod 07-09-2015-nl
357;40;UKIndefpronPRCon|UKPosspron|^UKVerb+^SEnd;UKCon|UKCon|*;Concept-Onbepaald vnw. voor Bezittelijk vnw. wordt 2 maal CONCEPT, attr. Modifier,replaced cindefpron and conmod 07-09-2015-nl,added ^verb 14-09-2015-nl,removed mod 11-01-2016-nl, added ^SEnd for JDN245 _sbse #4-jdn
217;40;SBegin|UKPravda|UKKomma;*|UKNRAdv|UKKomma;Pravda begin zin voor Komma wordt NONRELEVANT
214;40;UKPravda;UKCon;Pravda wordt DEFAULT CONCEPT
779;40;SBegin|UKNRAdv|UKAndOrBut;*|UKNRAdv|+Join;14-04-2014-nl
567;40;SBegin|UKAndOrBut;*|UKNRAdv;En/of begin zin wordt NONRELEVANT
786;40;SBegin|UKNRAdv|UKKomma|UKAndOrBut;*|UKNRAdv|UKKomma|UKNRAdv;23-04-2014-nl
775;40;UKConVerb|UKInf;UKVerb|^UKInf;11-04-2014-nl
487;40;UKAdj|UKConVerb;^UKAdj|UKCon;Substantief/Werkwoord na Adjectief wordt CONCEPT
486;40;UKPrep|UKConVerb;UKRPrep|UKCon;Substantief/Werkwoord na Voorzetsel wordt CONCEPT
489;40;UKVerb|UKConVerb;UKVerb|UKCon;Substantief/Werkwoord na Vervoegd werkwoord wordt CONCEPT
492;40;UKConVerb|UKAdj;UKCon|^UKAdj;Substantief/Werkwoord voor Adjectief wordt CONCEPT
491;40;UKConVerb|UKCon;UKCon|UKCon;Substantief/Werkwoord voor Substantief wordt CONCEPT
490;40;UKConVerb;UKVerb;Substantief/Werkwoord wordt DEFAULT RELATIE
165;40;UKAdj|UKVerbCon;^UKAdj|UKCon;Werkwoord/Substantief na Adjectief wordt CONCEPT, RULES CONVERB VOOR RULES REFL VNW
747;40;UKIndefpronPRCon|UKVerbCon;UKAdj|UKCon;26-03-2014-nl,replaced nrindefpron and nrmod 02-09-2015-nl,replaced pr+mod 16-09-2015-nl
1030;40;UKIndefpronPRNR|UKVerbCon;UKNRAdv|UKCon;07-09-2015-nl
757;40;UKPosspron|UKVerbCon;^UKPosspron|UKCon;28-03-2014-nl
168;40;UKPrep|UKVerbCon;UKRPrep|UKCon;Werkwoord/Substantief na Voorzetsel wordt CONCEPT
651;40;UKVerbCon|UKVerb;UKCon|UKVerb;02-05-13-nl
782;40;UKInf|UKVerbCon;UKInf|UKCon;14-04-2014-nl
913;40;UKPart|UKVerbCon;^UKPart|UKCon;04-08-2014-nl, reg.ex. needed for nuanced approach!
781;40;UKVerbCon|UKPart;UKCon|UKPart;14-04-2014-nl
884;40;UKPunctuation|UKVerbCon|UKPunctuation;UKPunctuation|UKCon|UKPunctuation;03-07-2014-nl,replaced punctuation by ukpunctuation 11-03-2015-nl
885;40;UKPunctuation|UKVerbCon|UKKomma;UKPunctuation|UKCon|UKKomma;03-07-2014-nl,replaced punctuation by ukpunctuation 11-03-2015-nl
886;40;UKKomma|UKVerbCon|UKPunctuation;UKKomma|UKCon|UKPunctuation;03-07-2014-nl,replaced punctuation by ukpunctuation 11-03-2015-nl
900;40;UKInf|UKCon|UKVerbCon;^UKInf|^UKCon|UKCon;07-07-2014-nl
901;40;UKVerb+^UKButi|UKCon|UKVerbCon;^UKVerb|^UKCon|UKCon;07-07-2014-nl
904;40;UKVerbCon|UKCon|UKVerb;UKCon|UKCon|UKVerb;31-07-2014-nl
169;40;UKVerbCon;UKVerb;Werkwoord/Substantief wordt DEFAULT RELATIE
1057;40;UKIndefpronPRCon|UKIndefpronPRNR;UKIndefpronPRCon|+Join;16-09-2015-nl
338;40;UKIndefpronPRNR|UKCon;UKNRAdv|^UKCon;NR-Onbepaald vnw. voor Substantief wordt NR, attr. Modifier, NA RULES VERBCON 170,replaced nrindefpron and nrmod 07-09-2015-nl
362;40;UKIndefpronPRCon|UKCon;UKCon|^UKCon;Concept-Onbepaald vnw. voor Substantief wordt CONCEPT, attr. Modifier,replaced cindefrpon and conmod 07-09-2015-nl
918;40;UKPtclVerb|UKKomma|UKConj;UKVerb|UKKomma|^UKConj;26-08-2014-nl
179;40;SBegin|UKPtclVerb|UKKomma;*|UKNRAdv|UKKomma;Partikel/Werkwoord begin zin voor Komma wordt NONRELEVANT
177;40;UKPtclVerb;UKVerb;Partikel/Werkwoord wordt DEFAULT RELATIE
1146;40;UKAdj|UKRepr|UKCon;^UKAdj|UKAdj|^UKCon;11-01-2016-nl
1147;40;UKPrep|UKRepr;^UKPrep|UKPerspron;11-01-2016-nl
447;40;UKRepr;UKVerb;Wederkerig vnw. wordt DEFAULT NONRELEVANT, attr. PathRelevant Object,changed from perspron 26-08-2015-nl
484;40;UKPrep|UKAdvRefl;UKPrep|UKPerspron;Voorzetsel plus Sam sebja wordt NR, attr. PR Predicate plus NR, attr. PR Object,added mod 26-08-2015-nl,changed from nrprep 16-09-2015-nl,removed mod 11-01-2016-nl
485;40;UKAdvRefl;UKAdv;Sam sebja wordt DEFAULT Bijwoord
137;40;UKVerb|UKPrep|UKRefl;UKVerb|+Join|+Join;Reflexief vnw. na Voorzetsel wordt NR, attr. PR Object,changed from perspron 26-08-2015-nl
1029;40;UKPart|UKPrep|UKRefl;UKPart|+Join|+Join;31-08-2015-nl
1027;40;UKInf|UKPrep|UKRefl;UKInf|+Join|+Join;26-08-2015-nl
644;40;UKInf|UKRefl;UKInf|+Join;02-05-13-nl
1028;40;UKVerb|UKRefl;^UKVerb|+Join;31-08-2015-nl,repeat rule after rules verbcon
645;40;UKRefl|UKInf;UKInf|+Join;02-05-13-nl
139;40;UKRefl|UKVerb;UKVerb|+Join;Reflexief vnw. voor Vervoegd werkwoord wordt RELATIE
138;40;UKRefl|UKAdv|UKVerb;UKVerb|^UKRAdv|UKVerb;Reflexief vnw. voor Bijwoord plus Vervoegd werkwoord wordt RELATIE
154;40;UKCon|UKRefl;UKCon|+Join;Reflexief vnw. na Substantief wordt CONCEPT
96;40;UKNi|UKPrep|UKRelpron;UKNegPR+UKNegation+UKNegBegin|^UKPrep|UKNegPR+UKNegation+UKNegBegin;Ni voor Voorzetsel, en Betrekkelijk vnw. erna worden CONCEPT,^toegevoegd 16-04-13-nl,changed prep to concept 26-08-2013-nl,changed from con 11-01-2016-nl
861;40;SBegin|UKNi|UKKomma;*|UKNRAdv|UKKomma;13-06-2014-nl
98;40;UKNi;^UKNe;Ni wordt DEFAULT Ne,^toegevoegd 18-04-13-nl
402;40;UKKomma|UKRDempronConj;UKKomma|UKConj;Tem/to na Komma wordt RELATIE
401;40;UKRDempronConj;UKRDempron;Tem/to wordt DEFAULT Relatie-Aanwijzend vnw.
511;40;UKRDempron|UKKomma|UKVerb;UKRelpron|UKRelpron|UKVerb;Relatie-Aanwijzend vnw. plus Komma voor Vervoegd werkwoord wordt 1 RELATIE
512;40;UKRDempron|UKKomma|UKPart;UKRelpron|UKRelpron|UKPart;Relatie-Aanwijzend vnw. plus Komma voor Voltooid deelwoord wordt 1 RELATIE
260;40;UKPrep|UKRDempron|UKKomma|UKPrep|UKRelpron;UKRPrep|UKRelpron|UKRelpron|UKRPrep|^UKRelpron;Relatie-Aanwijzend voornaamwoord na Voorzetsel voor Komma plus Voorzetsel plus Betrekkelijk vnw. wordt 1 RELATIE
262;40;UKRDempron;UKDempron;Relatie-Aanwijzend voornaamwoord wordt DEFAULT Aanwijzend vnw.
468;40;UKHyphen|UKTse|UKCon;UKHyphen|UKPred|UKCon;Eto tussen Koppelteken en Substantief wordt RELATIE
469;40;UKHyphen|UKTse|UKAdj;UKHyphen|UKPred|^UKAdj;Eto tussen Koppelteken en Adjectief wordt RELATIE
1025;40;UKHyphen|UKTse|UKAdv;UKHyphen|UKPred|^UKAdv;26-08-2015-nl
1026;40;UKHyphen|UKTse|UKAndOrBut;UKHyphen|UKPred|^UKAndOrBut;26-08-2015-nl
470;40;UKTse;UKDempron;Eto wordt DEFAULT Aanwijzend vnw.
360;40;UKIndefpronPRCon|UKDempron|UKCon;UKBCon+UKCon|UKCon|UKCon;Concept-Onbepaald vnw. voor Aanwijzend vnw. plus Substantief wordt 2 maal CONCEPT, attr. Modifier,bcon 16-06-2014-nl,replaced cindefpron and conmod 07-09-2015-nl,added con 16-09-2015-nl
337;40;UKIndefpronPRNR|UKIndefpronPR;UKNRAdv|^UKIndefpronPR;NR-Onbepaald vnw. voor NR-Onbepaald vnw. bijvoeglijk wordt NR, attr. Modifier,replaced nrindefpron and nrmod 07-09-2015-nl
1034;40;UKIndefpronPRNR|UKKAdj|UKCon;UKNRAdv|UKAdj|^UKCon;07-09-2015-nl
891;40;UKIndefpronPRCon|UKKAdj;UKAdj|UKAdj;03-07-2014-nl,replaced nrindefpron and nrmod 02-09-2015-nl,replaced pr+mod 16-09-2015-nl
335;40;UKIndefpronPRNR;UKIndefpronPR;NR-Onbepaald vnw. wordt DEFAULT NONRELEVANT, attr. PathRelevant Object,replaced nrindefpron and nrcon 07-09-2015-nl,removed mod 11-01-2016-nl
361;40;UKIndefpronPRCon|UKIndefpronPR|^UKVerb+^UKKomma+^SEnd;UKBCon+UKCon|UKCon|*;replaced cindefpron 07-09-2015-nl,added con 16-09-2015-nl,removed mod 11-01-2016-nl, added ^SEnd for JDN245 _sbse #4-jdn
358;40;UKIndefpronPRCon|UKIndefpronPR;UKIndefpronPR|+Join;Concept-Onbepaald vnw. voor NR-Onbepaald vnw. zelfstandig wordt CONCEPT, attr. Modifier,bcon 16-06-2014-nl,changed to nonrelevant 04-08-2014-nl,replaced cindefpron and nrcon 07-09-2015-nl,removed mod 11-01-2016-nl
820;40;UKIndefpronPRCon|UKKAdj;UKBCon+UKCon|UKAdj;07-05-2014-nl,bcon 16-06-2014-nl,added con 16-09-2015-nl
862;40;UKIndefpronPRCon|^UKAdj+^UKCon+^SEnd;UKIndefpronPR|*;16-06-2014-nl,replaced cindefpron and nrcon 07-09-2015-nl,removed mod 11-01-2016-nl, added ^SEnd for JDN245 _sbse #4-jdn
864;40;UKIndefpronPRCon|SEnd;UKIndefpronPR|*;16-06-2014-nl,replaced cindefpron and nrcon 07-09-2015-nl,removed mod 11-01-2016-nl
359;40;UKIndefpronPRCon;UKCon;Concept-Onbepaald vnw. wordt DEFAULT CONCEPT,replaced cindefpron 07-09-2015-nl
507;40;UKCon|UKNe|UKCon;UKCon|^UKBCon+UKCon|UKCon;Ne tussen twee Substantieven wordt BEGINCONCEPT,added con 16-09-2015-nl
508;40;UKNe|UKCon;^RUNegCon|UKCon;Ne voor Substantief wordt CONCEPT,^toegevoegd 16-04-13-nl
540;40;UKNe|UKPrep;^UKNegRel|UKPrep;Ne voor Voorzetsel wordt RELATIE,^toegevoegd 16-04-13-nl
543;40;UKButi|UKNe;^UKButi|^UKButi;Ne na Koppelwerkwoord wordt RELATIE,^toegevoegd 16-04-13-nl - replaced Aux by Buti 04-09-2014-nl
541;40;UKNe;^UKAdv;Ne wordt DEFAULT Bijwoord,^toegevoegd 16-04-13-nl
573;40;UKRelpron;^UKConj;Betrekkelijk vnw. wordt DEFAULT Voegwoord,verplaatst 23-04-13-nl
450;40;UKDempron|UKAdj;UKNRAdv|^UKAdj;Aanwijzend vnw. voor Adjectief wordt NONRELEVANT, na RULES INF
449;40;UKDempron|UKAdv|UKAdj;UKNRAdv|^UKCAdv|^UKAdj;Aanwijzend vnw. voor Bijwoord plus Adjectief wordt NONRELEVANT
453;40;UKDempron|UKCon;UKNRAdv|^UKCon;Aanwijzend vnw. voor Substantief wordt NONRELEVANT
882;40;UKInf|UKKAdj;^UKInf|UKAdj;03-07-2014-nl
877;40;UKAdv|UKAdv|UKKAdj;^UKRAdv|^UKRAdv|UKPred;30-06-2014-nl
474;40;UKCon|UKAdv|UKKAdj;UKCon|^UKRAdv|UKPred;Kort Adjectief na Substantief plus Bijwoord wordt RELATIE
473;40;UKCon|UKKAdj;UKCon|UKPred;Kort Adjectief na Substantief wordt RELATIE
875;40;UKPerspron|UKKAdj;^UKPerspron|UKPred;30-06-2014-nl
876;40;UKKAdj|UKPrep;UKPred|^UKPrep;30-06-2014-nl
850;40;UKPrep|UKKAdj;^UKPrep|UKAdj;19-05-2014-nl
894;40;UKKAdj|UKCon|UKCon|UKVerb;UKAdj|^UKCon|^UKCon|^UKVerb;03-07-2014-nl
472;40;^UKVerb+^UKPart+^UKAndOrBut+^UKRAdv+^SBegin|UKKAdj|UKCon;*|UKPred|UKCon;Kort Adjectief voor Substantief wordt RELATIE,added ^verb, ^part, ^andorbut 19-05-2014-nl,added ^radv 31-07-2014-nl, added ^SBegin for JDN245 _sbse #4-jdn
821;40;UKAdj|UKKAdj|UKAdj;UKAdj|UKAdj|UKAdj;07-05-2014-nl
819;40;UKAdv|UKKAdj|UKAdj;UKCAdv|UKAdj|UKAdj;07-05-2014-nl
475;40;^UKVerb+^UKPart+^UKConj+^UKPunctuation+^SBegin|UKKAdj|UKAdj;*|UKPred|^UKAdj;Kort Adjectief voor Adjectief wordt RELATIE,added ^verb 07-05-2014-nl,added ^part, ^conj, ^punctuation 19-05-2014-nl,replaced punctuation by ukpunctuation 11-03-2015-nl, added ^SBegin for JDN245 _sbse #4-jdn
478;40;UKPred|UKAndOrBut|UKKAdj;^UKPred|UKAndOrBut|UKPred;Kort Adjectief na Predicaat plus En/of wordt RELATIE - not sure if combination occurs in Ukrainian - 09-09-2014-nl
477;40;UKKAdj|UKAndOrBut|UKPred;UKPred|UKAndOrBut|^UKPred;Kort Adjectief voor En/of plus Predicaat wordt RELATIE - not sure if combination occurs in Ukrainian - 09-09-2014-nl
810;40;UKButi|UKKAdj|^UKAdj+^SEnd;^UKButi|UKPred|*;05-05-2014-nl,removed ^UKCon+ 04-06-2014-nl, added ^SEnd for JDN245 _sbse #4-jdn
856;40;UKButi|UKKAdj|SEnd;^UKButi|UKPred|*;06-06-2014-nl
906;40;UKKomma|UKKAdj|SEnd;UKKomma|UKPred|*;04-08-2014-nl
823;40;UKKAdj|UKPosspron;UKPred|^UKPosspron;07-05-2014-nl
893;40;UKKAdj|UKInf;UKPred|^UKInf;03-07-2014-nl
907;40;UKKAdj|UKConj;UKPred|^UKConj;04-08-2014-nl
908;40;UKPunctuation|UKKAdj|SEnd;UKPunctuation|UKPred|*;04-08-2014-nl,replaced punctuation by ukpunctuation 11-03-2015-nl
476;40;UKKAdj;UKAdj;Kort Adjectief wordt DEFAULT Adjectief
155;40;UKRefl;UKPerspron;Reflexief vnw. wordt DEFAULT RELATIE, changed from radv 26-08-2015-nl,removed mod 11-01-2016-nl
751;40;UKCon|UKAdvSuffix;UKCon|UKCon;28-03-2014-nl
752;40;UKVerb|UKAdvSuffix;UKVerb|UKVerb;28-03-2014-nl
753;40;UKAdvSuffix;UKVerb;28-03-2014-nl
5;40;UKAdv|UKVerb;^UKRAdv|UKVerb;Bijwoord voor Vervoegd werkwoord wordt RELATIE, 1ste RULE ADV
18;40;UKAdv|UKPart;^UKRAdv|UKPart;Bijwoord voor Voltooid deelwoord wordt RELATIE, VOOR RULE 17
19;40;UKAdv|UKPred;^UKRAdv|^UKPred;Bijwoord voor Predicaat wordt RELATIE
2;40;UKAdv|UKAdj;^UKCAdv|^UKAdj;Bijwoord voor Adjectief wordt CONCEPT
70;40;UKAdv|UKInf;^UKRAdv|UKInf;Bijwoord voor RelatieInfinitief wordt RELATIE,replaced RInf by Inf 21-10-2013-nl
3;40;UKAdv|UKCAdv;^UKCAdv|^UKCAdv;Bijwoord voor ConceptBijwoord wordt CONCEPT, LAATSTE VOOR RULE 20
713;40;UKCon|UKCAdv|UKCAdv;UKCon|^UKBCon+UKCon|^UKCon;26-08-2013-nl,added con 16-09-2015-nl
4;40;UKAdv|UKRAdv;^UKRAdv|^UKRAdv;Bijwoord voor RelatieBijwoord wordt RELATIE, LAATSTE VOOR RULE 20
20;40;UKAdv|UKAndOrBut|UKRAdv;^UKRAdv|UKAndOrBut|^UKRAdv;Bijwoord voor En/of plus RelatieBijwoord wordt RELATIE, NA RULE 4 - not sure if combination occurs in Ukrainian 09-09-2014-nl
21;40;UKAdv|UKAndOrBut|UKCAdv;^UKCAdv|UKAndOrBut|^UKCAdv;Bijwoord voor En/of plus ConceptBijwoord wordt CONCEPT, NA RULE 4
33;40;UKAdj|UKAdv|UKCon;^UKAdj|^UKCAdv|^UKCon;Bijwoord na Adjectief wordt CONCEPT, added con 30-06-2014-nl
1072;40;UKAdj|UKBeginendconcept|UKCon;^UKAdj|^UKCAdv|^UKCon;14-10-2015-nl
880;40;UKAdj|UKAdv|SEnd;^UKAdj|UKAdj|*;30-06-2014-nl
560;40;UKCAdv|UKAndOrBut|UKAdv|UKAdv;^UKCAdv|UKAndOrBut|^UKCAdv|^UKCAdv;Tweemaal Bijwoord na ConceptBijwoord plus En/of wordt CONCEPT - not sure if combination occurs in Ukrainian 09-09-2014-nl
319;40;UKCAdv|UKAndOrBut|UKAdv;^UKCAdv|UKAndOrBut|^UKCAdv;Bijwoord na ConceptBijwoord plus En/of wordt CONCEPT - not sure if combination occurs in Ukrainian 09-09-2014-nl
34;40;UKAdv|UKCAdv;^UKCAdv|^UKCAdv;Bijwoord voor ConceptBijwoord wordt CONCEPT, NA 35 en 39
38;40;UKAdv;^UKRAdv;Bijwoord wordt DEFAULT RELATIE
493;40;UKAdj|UKPrep|UKPerspron|UKCon;^UKAdj|UKAdj|UKAdj|UKCon;Voorzetsel plus Persoonlijk vnw. tussen Adjectief en Substantief worden CONCEPTEN
428;40;UKCon|UKHyphen|UKCAdv;UKCon|UKConj|^UKCAdv;Koppelteken tussen Substantief en ConceptBijwoord wordt RELATIE
427;40;UKCon|UKHyphen|UKAdj;UKCon|UKConj|^UKAdj;Koppelteken tussen Substantief en Adjectief wordt RELATIE
430;40;UKCon|UKHyphen|UKCon;UKCon|UKConj|^UKCon;Koppelteken tussen 2 Substantieven wordt RELATIE,added ^ 14-09-2015-nl
429;40;UKAdj|UKHyphen|UKAdj;^UKAdj|UKConj|^UKAdj;Koppelteken tussen 2 Adjectieven wordt RELATIE
750;40;UKAdj|UKHyphen|UKCon;^UKAdj|UKConj|^UKCon;28-03-2014-nl
832;40;UKAndOrBut;UKAndOrBut;12-05-2014-nl
647;40;UKConIfCap;UKConIfCap;02-05-13-nl
610;40;UKButi;^UKVerb;23-04-13-nl - replaced Aux by Buti 04-09-2014-nl
400;40;UKKomma;UKPunctuation;Komma wordt DEFAULT PUNCTUATION,replaced punctuation by ukpunctuation 11-03-2015-nl
299;40;UKHyphen;UKPunctuation;22-05-13-nl Koppelteken wordt DEFAULT PUNCTUATION,replaced punctuation by ukpunctuation 11-03-2015-nl
1024;40;UKPrep;UKPrep;26-08-2015-nl,make sure prepositions don't become NonRelevant
1038;40;UKECon;UKECon;to remove other labels than econ 09-09-2015-nl
1043;40;UKAdj;UKAdj;to remove other labels than adj 14-09-2015-nl
1066;40;UKBeginendconcept;UKBeginendconcept;to remove other labels than beginendconcept 14-10-2015-nl
1149;40;UKIndefpronPR;UKIndefpronPR;to remove all other labels so PathRelevancy is not lost 11-01-2016-nl
1150;40;UKAdvPR;UKAdvPR;to remove all other labels so PathRelevancy is not lost 11-01-2016-nl
1151;40;UKDempron;UKDempron;to remove all other labels so PathRelevancy is not lost 11-01-2016-nl
1152;40;UKPerspron;UKPerspron;to remove all other labels so PathRelevancy is not lost 11-01-2016-nl
1153;40;UKPosspron;UKPosspron;to remove all other labels so PathRelevancy is not lost 11-01-2016-nl
585;40;UKPunctuation|UKConj+^UKNegRelpron;UKPunctuation|+UKNegStop;Specific conjunctions after punctuation become NegationStop 18-04-13-nl,replaced punctuation by ukpunctuation 11-03-2015-nl
672;40;UKConj|UKPunctuation;+UKNegStop|UKPunctuation;Conjunctions before punctuation become NegationStop 28-05-2013-n 
601;40;UKPunctuation|UKAndOrBut;UKPunctuation|+UKNegStop;And/or after punctuation becomes NegationStop 22-04-13-nl
597;40;UKPunctuation|UKRPrep;UKPunctuation|UKRPrep+UKNegStop;Preposition after punctuation becomes NegationStop 19-04-13-nl
586;40;UKPunctuation|UKVerb;UKPunctuation|+UKNegStop;Verb after punctuation becomes NegationStop 18-04-13-nl
605;40;^UKInf+^SBegin|UKPunctuation|UKInf;*|UKPunctuation|+UKNegStop;RelationInf after anything but RelationInf plus punctuation becomes NegationStop 23-04-13-nl,replaced RInf by Inf 21-10-2013-nl, added ^SBegin for JDN245 _sbse #4-jdn
587;40;UKPunctuation|UKPerspron|^UKButi+^SEnd;UKPunctuation|UKPerspron|+UKNegStop;any word after comma plus pers. pronoun becomes NegationStop 19-04-13-nl - replaced Aux by Buti 04-09-2014-nl, added ^SEnd for JDN245 _sbse #4-jdn
603;40;UKPunctuation|UKNRAdv|^UKButi+^SEnd;UKPunctuation|UKNRAdv|+UKNegStop;any word after comma plus nonrelevant becomes NegationStop 23-04-13-nl - replaced Aux by Buti 04-09-2014-nl, added ^SEnd for JDN245 _sbse #4-jdn
671;40;UKPunctuation|UKNRAdv|UKNRAdv|^UKButi+^SEnd;UKPunctuation|UKNRAdv|UKNRAdv|+UKNegStop;any word after punctuation plus nonrelevant becomes NegationStop 23-04-13-nl - replaced Aux by Buti 04-09-2014-nl, added ^SEnd for JDN245 _sbse #4-jdn
588;40;UKPunctuation|UKCon;UKPunctuation|UKCon+UKNegStop;Concept after punctuation becomes NegationStop 23-04-13-nl
612;40;UKPunctuation|UKAdj;UKPunctuation|+UKNegStop;Adjective after punctuation becomes NegationStop 23-04-13-nl
604;40;UKPunctuation|UKRAdv;UKPunctuation|+UKNegStop;RelationAdverb after punctuation becomes NegationStop 23-04-13-nl
624;40;UKAndOrBut|UKConj+^UKNegRelpron;+UKNegStop|UKConj;Specific conjunctions after And/Or become NegationStop 24-04-13-nl
625;40;UKAndOrBut|UKRPrep;+UKNegStop|UKRPrep;Preposition after And/Or becomes NegationStop 24-04-13-nl
626;40;^UKVerb+^SBegin|UKAndOrBut|UKVerb;^UKDummy|+UKNegStop|^UKVerb;And/Or between anything but verb and verb becomes NegationStop 24-04-13-nl, added ^SBegin for JDN245 _sbse #4-jdn
675;40;UKCon|UKConj|UKCon;UKCon|+UKNegRelpron|UKCon;to prevent hyphen between numbers to become NegStop 28-05-2013-nl
674;40;UKConj+^UKNegRelpron;+UKNegStop;Specific conjunctions become NegStop 28-05-2013-nl
627;40;UKAndOrBut|UKPerspron;+UKNegStop|UKPerspron;And/Or before Personal pronoun becomes NegationStop 24-04-13-nl
628;40;UKAndOrBut|UKNRAdv;+UKNegStop|UKNRAdv;And/Or before NonRelevant becomes NegationStop 24-04-13-nl
677;40;UKAndOrBut|UKPosspron|UKCon|UKVerb;+UKNegStop|UKPosspron|UKCon|UKVerb;And/Or before Concept plus Verb becomes NegationStop 29-05-2013-nl
678;40;UKAndOrBut|UKCon|UKCon|UKVerb;+UKNegStop|UKCon|UKCon|UKVerb;And/Or before Concept plus Verb becomes NegationStop 29-05-2013-nl
580;60;UKCon|UKHyphen|UKBCon;UKCon|UKConj|^UKBCon+UKCon;Koppelteken tussen Substantief en BeginConcept wordt RELATIE,added con 16-09-2015-nl
1052;60;UKBCon;UKBCon;to remove other labels than bcon 14-09-2015-nl
905;70;UKNegation|UKKAdj|UKKomma;^UKNegation|UKPred|UKKomma;04-08-2014-nl
690;70;^UKCon+^SBegin|UKPrep|UKAdj|UKCon|UKCon|UKNegation|UKPart;*|UKPrep|^UKAdj|UKCon|UKBCon|^UKNegation|UKPart;1 result,testing concept clusters 31-05-2013-nl, added ^SBegin for JDN245 _sbse #4-jdn
679;70;UKNegation|UKCAdv|UKAdj|UKCon|^UKButi+^SEnd;^UKNegation|^UKCAdv|^UKAdj|UKCon|+UKNegStop;To stop negation at the end of negated concept 29-05-2013-nl - replaced Aux by Buti 04-09-2014-nl, added ^SEnd for JDN245 _sbse #4-jdn
682;70;UKNegation|UKRPrep|UKAdj|UKCon|UKVerb;^UKNegation|UKRPrep|UKAdj|UKCon|+UKNegStop;To stop negation at the end of negated concept after preposition 29-05-2013-nl
689;70;UKCon|UKPred+UKNegation|UKRPrep;+UKNegBegin|^UKPred+UKNegation|UKRPrep;to make subject of negation before 'net' NegBegin 29-05-2013-nl
658;70;UKCon|UKRPrep|UKCon|UKRPrep|UKCon|UKPred+UKNegation|UKPunctuation;+UKNegBegin|UKRPrep|UKCon|UKRPrep|UKCon|^UKPred+UKNegation|UKPunctuation;to make subject of negation before 'net' NegBegin 27-05-2013-nl
660;70;UKCon|UKRPrep|UKCon|UKPred+UKNegation|UKPunctuation;+UKNegBegin|UKRPrep|UKCon|^UKPred+UKNegation|UKPunctuation;to make subject of negation before 'net' NegBegin 27-05-2013-nl
656;70;UKCon|UKPred+UKNegation|UKPunctuation|^UKButi+^SEnd;+UKNegBegin|^UKPred+UKNegation|UKPunctuation|+UKNegStop;to make subject of negation before 'net' NegBegin plus add NegStop to 'net' 27-05-2013-nl - replaced Aux by Buti 04-09-2014-nl, added ^SEnd for JDN245 _sbse #4-jdn
662;70;UKCon|UKRPrep|UKCon|UKCon|UKRPrep|UKCon|UKPred+UKNegation|SEnd;+UKNegBegin|UKRPrep|UKCon|UKCon|UKRPrep|UKCon|^UKPred+UKNegation|*;to make subject of negation before 'net' NegBegin 27-05-2013-nl
663;70;UKCon|UKRPrep|UKAdj|UKCon|UKRPrep|UKCon|UKPred+UKNegation|SEnd;+UKNegBegin|UKRPrep|^UKAdj|UKCon|UKRPrep|UKCon|^UKPred+UKNegation|*;to make subject of negation before 'net' NegBegin 27-05-2013-nl
665;70;UKCon|UKRPrep|UKAdj|UKCon|UKPred+UKNegation|SEnd;+UKNegBegin|UKRPrep|^UKAdj|UKCon|^UKPred+UKNegation|*;to make subject of negation before 'net' NegBegin 27-05-2013-nl
667;70;UKCon|UKRPrep|UKCon|UKCon|UKPred+UKNegation|SEnd;+UKNegBegin|UKRPrep|UKCon|UKCon|^UKPred+UKNegation|*;to make subject of negation before 'net' NegBegin 28-05-2013-nl
664;70;UKCon|UKRPrep|UKCon|UKPred+UKNegation|SEnd;+UKNegBegin|UKRPrep|UKCon|^UKPred+UKNegation|*;to make subject of negation before 'net' NegBegin 27-05-2013-nl
666;70;^UKCon+^SBegin|UKCon|UKPred+UKNegation|SEnd;*|+UKNegBegin|^UKPred+UKNegation|*;to make subject of negation before 'net' NegBegin 27-05-2013-nl, added ^con 15-09-2014-nl, added ^SBegin for JDN245 _sbse #4-jdn
687;70;UKCon|UKRAdv|UKPred+UKNegation|SEnd;+UKNegBegin|UKRAdv|^UKPred+UKNegation|*;to make subject of negation before 'net' NegBegin 29-05-2013-nl
686;70;UKCon|UKPosspron|UKPred+UKNegation;+UKNegBegin|UKPosspron|^UKPred+UKNegation;to make subject of negation before 'net' NegBegin 29-05-2013-nl
688;70;UKCon|UKPosspron|UKRAdv|UKPred+UKNegation;+UKNegBegin|UKPosspron|UKRAdv|^UKPred+UKNegation;to make subject of negation before 'net' NegBegin 29-05-2013-nl
673;70;UKInf|UKCon|UKVerb|UKPred+UKNegation;+UKNegBegin|UKCon|UKVerb|+UKNegStop;to make infinitive before 'nechego' NegBegin 28-05-2013-nl,replaced RInf by Inf 21-10-2013-nl
929;80;UKPunctuation|UKConj;UKPunctuation|+UKNegSentimentStop;Specific conjunctions after punctuation become SentimentStop 16-03-2015-nl
930;80;UKPunctuation|UKConj;UKPunctuation|+UKPosSentimentStop;Specific conjunctions after punctuation become SentimentStop 16-03-2015-nl
931;80;UKConj|UKPunctuation;+UKNegSentimentStop|UKPunctuation;Conjunctions before punctuation become SentimentStop 16-03-2015-nl
932;80;UKConj|UKPunctuation;+UKPosSentimentStop|UKPunctuation;Conjunctions before punctuation become SentimentStop 16-03-2015-nl
933;80;UKPunctuation|UKAndOrBut;UKPunctuation|+UKNegSentimentStop;And/or after punctuation becomes SentimentStop 16-03-2015-nl
934;80;UKPunctuation|UKAndOrBut;UKPunctuation|+UKPosSentimentStop;And/or after punctuation becomes SentimentStop 16-03-2015-nl
935;80;UKPunctuation|UKRPrep;UKPunctuation|^UKRPrep+UKNegSentimentStop;Preposition after punctuation becomes SentimentStop 16-03-2015-nl
936;80;UKPunctuation|UKRPrep;UKPunctuation|^UKRPrep+UKPosSentimentStop;Preposition after punctuation becomes SentimentStop 16-03-2015-nl
937;80;UKPunctuation|UKVerb;UKPunctuation|+UKNegSentimentStop;Verb after punctuation becomes SentimentStop 16-03-2015-nl
938;80;UKPunctuation|UKVerb;UKPunctuation|+UKPosSentimentStop;Verb after punctuation becomes SentimentStop 16-03-2015-nl
939;80;^UKInf+^SBegin|UKPunctuation|UKInf;*|UKPunctuation|+UKNegSentimentStop;RelationInf after anything but RelationInf plus punctuation becomes SentimentStop 16-03-2015-nl, added ^SBegin for JDN245 _sbse #4-jdn
940;80;^UKInf+^SBegin|UKPunctuation|UKInf;*|UKPunctuation|+UKPosSentimentStop;RelationInf after anything but RelationInf plus punctuation becomes SentimentStop 16-03-2015-nl, added ^SBegin for JDN245 _sbse #4-jdn
941;80;UKPunctuation|UKPerspron|^UKAux+^SEnd;UKPunctuation|UKPerspron|+UKNegSentimentStop;any word after comma plus pers. pronoun becomes SentimentStop 16-03-2015-nl, added ^SEnd for JDN245 _sbse #4-jdn
942;80;UKPunctuation|UKPerspron|^UKAux+^SEnd;UKPunctuation|UKPerspron|+UKPosSentimentStop;any word after comma plus pers. pronoun becomes SentimentStop 16-03-2015-nl, added ^SEnd for JDN245 _sbse #4-jdn
945;80;UKPunctuation|UKNRAdv|^UKAux+^SEnd;UKPunctuation|UKNRAdv|+UKNegSentimentStop;any word after comma plus nonrelevant becomes SentimentStop 16-03-2015-nl, added ^SEnd for JDN245 _sbse #4-jdn
946;80;UKPunctuation|UKNRAdv|^UKAux+^SEnd;UKPunctuation|UKNRAdv|+UKPosSentimentStop;any word after comma plus nonrelevant becomes SentimentStop 16-03-2015-nl, added ^SEnd for JDN245 _sbse #4-jdn
947;80;UKPunctuation|UKNRAdv|UKNRAdv|^UKAux+^SEnd;UKPunctuation|UKNRAdv|UKNRAdv|+UKNegSentimentStop;any word after punctuation plus nonrelevant becomes SentimentStop 16-03-2015-nl, added ^SEnd for JDN245 _sbse #4-jdn
948;80;UKPunctuation|UKNRAdv|UKNRAdv|^UKAux+^SEnd;UKPunctuation|UKNRAdv|UKNRAdv|+UKPosSentimentStop;any word after punctuation plus nonrelevant becomes SentimentStop 16-03-2015-nl, added ^SEnd for JDN245 _sbse #4-jdn
951;80;UKPunctuation|UKCon;UKPunctuation|UKCon+UKNegSentimentStop;Concept after punctuation becomes SentimentStop 16-03-2015-nl
952;80;UKPunctuation|UKCon;UKPunctuation|UKCon+UKPosSentimentStop;Concept after punctuation becomes SentimentStop 16-03-2015-nl
953;80;UKPunctuation|UKBCon;UKPunctuation|+UKNegSentimentStop;BeginConcept after punctuation becomes SentimentStop 16-03-2015-nl
954;80;UKPunctuation|UKBCon;UKPunctuation|+UKPosSentimentStop;BeginConcept after punctuation becomes SentimentStop 16-03-2015-nl
955;80;UKPunctuation|UKAdj;UKPunctuation|+UKNegSentimentStop;Adjective after punctuation becomes SentimentStop 16-03-2015-nl
956;80;UKPunctuation|UKAdj;UKPunctuation|+UKPosSentimentStop;Adjective after punctuation becomes SentimentStop 16-03-2015-nl
959;80;UKPunctuation|UKRAdv;UKPunctuation|+UKNegSentimentStop;RelationAdverb after punctuation becomes SentimentStop 16-03-2015-nl
960;80;UKPunctuation|UKRAdv;UKPunctuation|+UKPosSentimentStop;RelationAdverb after punctuation becomes SentimentStop 16-03-2015-nl
961;80;^UKVerb+^SBegin|UKAndOrBut|UKNegRel|UKVerb;^UKDummy|+UKNegSentimentStop|^UKNegRel|^UKVerb;16-03-2015-nl, added ^SBegin for JDN245 _sbse #4-jdn
962;80;^UKVerb+^SBegin|UKAndOrBut|UKNegRel|UKVerb;^UKDummy|+UKPosSentimentStop|^UKNegRel|^UKVerb;16-03-2015-nl, added ^SBegin for JDN245 _sbse #4-jdn
963;80;^UKInf+^SBegin|UKAndOrBut|UKInf;^UKDummy|+UKNegSentimentStop|^UKInf;16-03-2015-nl, added ^SBegin for JDN245 _sbse #4-jdn
964;80;^UKInf+^SBegin|UKAndOrBut|UKInf;^UKDummy|+UKPosSentimentStop|^UKInf;16-03-2015-nl, added ^SBegin for JDN245 _sbse #4-jdn
965;80;^UKAdj+^SBegin|UKAndOrBut|UKAdj;^UKDummy|+UKNegSentimentStop|^UKAdj;16-03-2015-nl, added ^SBegin for JDN245 _sbse #4-jdn
966;80;^UKAdj+^SBegin|UKAndOrBut|UKAdj;^UKDummy|+UKPosSentimentStop|^UKAdj;16-03-2015-nl, added ^SBegin for JDN245 _sbse #4-jdn
967;80;^UKKAdj+^SBegin|UKAndOrBut|UKKAdj;^UKDummy|+UKNegSentimentStop|^UKKAdj;16-03-2015-nl, added ^SBegin for JDN245 _sbse #4-jdn
968;80;^UKKAdj+^SBegin|UKAndOrBut|UKKAdj;^UKDummy|+UKPosSentimentStop|^UKKAdj;16-03-2015-nl, added ^SBegin for JDN245 _sbse #4-jdn
969;80;UKAndOrBut|UKConj+^UKNegRelpron;+UKNegSentimentStop|UKConj;Specific conjunctions after And/Or become SentimentStop 16-03-2015-nl
970;80;UKAndOrBut|UKConj+^UKNegRelpron;+UKPosSentimentStop|UKConj;Specific conjunctions after And/Or become SentimentStop 16-03-2015-nl
971;80;UKAndOrBut|UKRPrep;+UKNegSentimentStop|^UKRPrep;Preposition after And/Or becomes SentimentStop 16-03-2015-nl
972;80;UKAndOrBut|UKRPrep;+UKPosSentimentStop|^UKRPrep;Preposition after And/Or becomes SentimentStop 16-03-2015-nl
973;80;^UKVerb+^SBegin|UKAndOrBut|UKVerb;^UKDummy|+UKNegSentimentStop|^UKVerb;And/Or between anything but verb and verb becomes SentimentStop 16-03-2015-nl, added ^SBegin for JDN245 _sbse #4-jdn
974;80;^UKVerb+^SBegin|UKAndOrBut|UKVerb;^UKDummy|+UKPosSentimentStop|^UKVerb;And/Or between anything but verb and verb becomes SentimentStop 16-03-2015-nl, added ^SBegin for JDN245 _sbse #4-jdn
975;80;UKConj+^UKNegRelpron;+UKNegSentimentStop;Specific conjunctions become SentimentStop 16-03-2015-nl
976;80;UKConj+^UKNegRelpron;+UKPosSentimentStop;Specific conjunctions become SentimentStop 16-03-2015-nl
977;80;UKAndOrBut|UKPerspron;+UKNegSentimentStop|UKPerspron;And/Or before Personal pronoun becomes SentimentStop 16-03-2015-nl
978;80;UKAndOrBut|UKPerspron;+UKPosSentimentStop|UKPerspron;And/Or before Personal pronoun becomes SentimentStop 16-03-2015-nl
979;80;UKAndOrBut|UKNRAdv;+UKNegSentimentStop|UKNRAdv;And/Or before NonRelevant becomes SentimentStop 16-03-2015-nl
980;80;UKAndOrBut|UKNRAdv;+UKPosSentimentStop|UKNRAdv;And/Or before NonRelevant becomes SentimentStop 16-03-2015-nl
981;80;UKAndOrBut|UKPosspron|UKCon|UKVerb;+UKNegSentimentStop|UKPosspron|UKCon|UKVerb;And/Or before Concept plus Verb becomes SentimentStop 16-03-2015-nl
982;80;UKAndOrBut|UKPosspron|UKCon|UKVerb;+UKPosSentimentStop|UKPosspron|UKCon|UKVerb;And/Or before Concept plus Verb becomes SentimentStop 16-03-2015-nl
983;80;UKAndOrBut|UKCon|UKCon|UKVerb;+UKNegSentimentStop|UKCon|UKCon|UKVerb;And/Or before Concept plus Verb becomes SentimentStop 16-03-2015-nl
984;80;UKAndOrBut|UKCon|UKCon|UKVerb;+UKNegSentimentStop|UKCon|UKCon|UKVerb;And/Or before Concept plus Verb becomes SentimentStop 16-03-2015-nl
985;80;UKNegSentiment|UKCAdv|UKAdj|UKCon|^UKAux+^SEnd;^UKNegSentiment|^UKCAdv|^UKAdj|UKCon|+UKNegSentimentStop;To stop sentiment at the end of concept 16-03-2015-nl, added ^SEnd for JDN245 _sbse #4-jdn
986;80;UKPosSentiment|UKCAdv|UKAdj|UKCon|^UKAux+^SEnd;^UKPosSentiment|^UKCAdv|^UKAdj|UKCon|+UKPosSentimentStop;To stop sentiment at the end of concept 16-03-2015-nl, added ^SEnd for JDN245 _sbse #4-jdn
987;80;UKNegSentiment|UKRPrep|UKAdj|UKCon|UKVerb;^UKNegSentiment|^UKRPrep|UKAdj|UKCon|+UKNegSentimentStop;To stop sentiment at the end of concept after preposition 16-03-2015-nl
988;80;UKPosSentiment|UKRPrep|UKAdj|UKCon|UKVerb;^UKPosSentiment|^UKRPrep|UKAdj|UKCon|+UKPosSentimentStop;To stop sentiment at the end of concept after preposition 16-03-2015-nl
989;80;UKNegation|UKPosSentiment;^UKNegation|^UKNegSentiment;18-03-2015-nl
990;80;UKCon|UKPred+UKNegSentiment|UKRPrep;+UKNegSentimentBegin|^UKPred+UKNegSentiment|^UKRPrep;to make subject of negsentiment before 'net' NegBegin 29-05-2013-nl
991;80;UKCon|UKPred+UKPosSentiment|UKRPrep;+UKPosSentimentBegin|^UKPred+UKPosSentiment|^UKRPrep;to make subject of possentiment before 'net' NegBegin 29-05-2013-nl
992;80;UKCon|UKRPrep|UKCon|UKRPrep|UKCon|UKPred+UKNegSentiment|UKPunctuation;+UKNegSentimentBegin|^UKRPrep|UKCon|^UKRPrep|UKCon|^UKPred+UKNegSentiment|UKPunctuation;to make subject of negation before 'net' NegBegin 27-05-2013-nl
993;80;UKCon|UKRPrep|UKCon|UKRPrep|UKCon|UKPred+UKPosSentiment|UKPunctuation;+UKPosSentimentBegin|^UKRPrep|UKCon|^UKRPrep|UKCon|^UKPred+UKPosSentiment|UKPunctuation;to make subject of negation before 'net' NegBegin 27-05-2013-nl
996;80;UKCon|UKRPrep|UKCon|UKPred+UKNegSentiment|UKPunctuation;+UKNegSentimentBegin|^UKRPrep|UKCon|^UKPred+UKNegSentiment|UKPunctuation;to make subject of negation before 'net' NegBegin 27-05-2013-nl
997;80;UKCon|UKRPrep|UKCon|UKPred+UKPosSentiment|UKPunctuation;+UKPosSentimentBegin|^UKRPrep|UKCon|^UKPred+UKPosSentiment|UKPunctuation;to make subject of negation before 'net' NegBegin 27-05-2013-nl
1000;80;UKCon|UKPred+UKNegSentiment|UKPunctuation|^UKAux+^SEnd;+UKNegSentimentBegin|^UKPred+UKNegSentiment|UKPunctuation|+UKNegSentimentStop;to make subject of negation before 'net' NegBegin plus add NegStop to 'net' 27-05-2013-nl, added ^SEnd for JDN245 _sbse #4-jdn
1001;80;UKCon|UKPred+UKPosSentiment|UKPunctuation|^UKAux+^SEnd;+UKPosSentimentBegin|^UKPred+UKPosSentiment|UKPunctuation|+UKPosSentimentStop;to make subject of negation before 'net' NegBegin plus add NegStop to 'net' 27-05-2013-nl, added ^SEnd for JDN245 _sbse #4-jdn
1002;80;UKCon|UKRPrep|UKCon|UKCon|UKRPrep|UKCon|UKPred+UKNegSentiment|SEnd;+UKNegSentimentBegin|^UKRPrep|UKCon|UKCon|^UKRPrep|UKCon|^UKPred+UKNegSentiment|*;to make subject of negation before 'net' NegBegin 27-05-2013-nl
1003;80;UKCon|UKRPrep|UKCon|UKCon|UKRPrep|UKCon|UKPred+UKPosSentiment|SEnd;+UKPosSentimentBegin|^UKRPrep|UKCon|UKCon|^UKRPrep|UKCon|^UKPred+UKPosSentiment|*;to make subject of negation before 'net' NegBegin 27-05-2013-nl
1004;80;UKCon|UKRPrep|UKAdj|UKCon|UKRPrep|UKCon|UKPred+UKNegSentiment|SEnd;+UKNegSentimentBegin|^UKRPrep|^UKAdj|UKCon|^UKRPrep|UKCon|^UKPred+UKNegSentiment|*;to make subject of negation before 'net' NegBegin 27-05-2013-nl
1005;80;UKCon|UKRPrep|UKAdj|UKCon|UKRPrep|UKCon|UKPred+UKPosSentiment|SEnd;+UKPosSentimentBegin|^UKRPrep|^UKAdj|UKCon|^UKRPrep|UKCon|^UKPred+UKPosSentiment|*;to make subject of negation before 'net' NegBegin 27-05-2013-nl
1006;80;UKCon|UKRPrep|UKAdj|UKCon|UKPred+UKNegSentiment|SEnd;+UKNegSentimentBegin|^UKRPrep|^UKAdj|UKCon|^UKPred+UKNegSentiment|*;to make subject of negation before 'net' NegBegin 27-05-2013-nl
1007;80;UKCon|UKRPrep|UKAdj|UKCon|UKPred+UKPosSentiment|SEnd;+UKPosSentimentBegin|^UKRPrep|^UKAdj|UKCon|^UKPred+UKPosSentiment|*;to make subject of negation before 'net' NegBegin 27-05-2013-nl
1008;80;UKCon|UKRPrep|UKCon|UKCon|UKPred+UKNegSentiment|SEnd;+UKNegSentimentBegin|^UKRPrep|UKCon|UKCon|^UKPred+UKNegSentiment|*;to make subject of negation before 'net' NegBegin 28-05-2013-nl
1009;80;UKCon|UKRPrep|UKCon|UKCon|UKPred+UKPosSentiment|SEnd;+UKPosSentimentBegin|^UKRPrep|UKCon|UKCon|^UKPred+UKPosSentiment|*;to make subject of negation before 'net' NegBegin 28-05-2013-nl
1010;80;UKCon|UKRPrep|UKCon|UKPred+UKNegSentiment|SEnd;+UKNegSentimentBegin|^UKRPrep|UKCon|^UKPred+UKNegSentiment|*;to make subject of negation before 'net' NegBegin 27-05-2013-nl
1011;80;UKCon|UKRPrep|UKCon|UKPred+UKPosSentiment|SEnd;+UKPosSentimentBegin|^UKRPrep|UKCon|^UKPred+UKPosSentiment|*;to make subject of negation before 'net' NegBegin 27-05-2013-nl
1012;80;UKCon|UKPred+UKNegSentiment|SEnd;+UKNegSentimentBegin|^UKPred+UKNegSentiment|*;to make subject of negation before 'net' NegBegin 27-05-2013-nl
1013;80;UKCon|UKPred+UKPosSentiment|SEnd;+UKPosSentimentBegin|^UKPred+UKPosSentiment|*;to make subject of negation before 'net' NegBegin 27-05-2013-nl
1014;80;UKCon|UKRAdv|UKPred+UKNegSentiment|SEnd;+UKNegSentimentBegin|UKRAdv|^UKPred+UKNegSentiment|*;to make subject of negation before 'net' NegBegin 29-05-2013-nl
1015;80;UKCon|UKRAdv|UKPred+UKPosSentiment|SEnd;+UKPosSentimentBegin|UKRAdv|^UKPred+UKPosSentiment|*;to make subject of negation before 'net' NegBegin 29-05-2013-nl
1016;80;UKCon|UKPosspron|UKPred+UKNegSentiment;+UKNegSentimentBegin|UKPosspron|^UKPred+UKNegSentiment;to make subject of negation before 'net' NegBegin 29-05-2013-nl
1017;80;UKCon|UKPosspron|UKPred+UKPosSentiment;+UKPosSentimentBegin|UKPosspron|^UKPred+UKPosSentiment;to make subject of negation before 'net' NegBegin 29-05-2013-nl
1018;80;UKCon|UKPosspron|UKRAdv|UKPred+UKNegSentiment;+UKNegSentimentBegin|UKPosspron|UKRAdv|^UKPred+UKNegSentiment;to make subject of negation before 'net' NegBegin 29-05-2013-nl
1019;80;UKCon|UKPosspron|UKRAdv|UKPred+UKPosSentiment;+UKPosSentimentBegin|UKPosspron|UKRAdv|^UKPred+UKPosSentiment;to make subject of negation before 'net' NegBegin 29-05-2013-nl
1020;80;UKInf|UKCon|UKVerb|UKPred+UKNegSentiment;+UKNegSentimentBegin|UKCon|UKVerb|+UKNegSentimentStop;to make infinitive before 'nechego' NegBegin 28-05-2013-nl,replaced RInf by Inf 21-10-2013-nl
1021;80;UKInf|UKCon|UKVerb|UKPred+UKPosSentiment;+UKPosSentimentBegin|UKCon|UKVerb|+UKPosSentimentStop;to make infinitive before 'nechego' NegBegin 28-05-2013-nl,replaced RInf by Inf 21-10-2013-nl
922;$;UKPunctuation;Punctuation;16-03-2015-nl
