375;1;CapitalInitial;^PTCapitalInitial;
730;1;CapitalMixed;^PTCapitalMixed+PTCapitalInitial;relevant in rules for names
376;1;CapitalAll;^PTCapitalAll;
377;1;Punctuation;PTPunctuation;
379;1;UDNegation;+PTNegation+PTNegBegin;
380;1;UDPosSentiment;+PTPosSentiment+PTPosSentimentBegin;
381;1;UDNegSentiment;+PTNegSentiment+PTNegSentimentBegin;
382;1;UDConcept;+PTCon;
383;1;UDRelation;PTRelation;
384;1;UDNonRelevant;PTNonRelevant;
738;40;PTGeoType|.PTAdj|PTDe:PTDo|PTCapitalInitial;PTCon+PTCapitalInitial+PTCapitalMixed|+Join|+Join|+Join;
735;40;PTOrgUnit+PTCapitalInitial|.PTCapitalInitial+^PTPrepart+^PTPrep+^PTDefart+^PTIndefart|PTDe:PTDo|*PTCapitalInitial|PTDe:"e"|*PTCapitalInitial;PTCon+PTOrgUnit+PTCapitalInitial+PTCapitalMixed|Join|Join|Join|Join|Join;
734;40;PTOrgUnit+PTCapitalInitial|.PTCapitalInitial+^PTPrepart+^PTPrep+^PTDefart+^PTIndefart|PTDe:PTDo|*PTCapitalInitial|"e"|PTDo|*PTCapitalInitial+^PTOrgUnit+^PTConPlusDe;PTCon+PTOrgUnit+PTCapitalInitial+PTCapitalMixed|Join|Join|Join|Join|Join|Join;
731;40;PTOrgUnit+PTCapitalInitial|.PTCapitalInitial+^PTPrepart+^PTPrep+^PTDefart+^PTIndefart|PTDe:PTDo|*PTCapitalInitial+^PTConPlusDe;PTCon+PTOrgUnit+PTCapitalInitial+PTCapitalMixed|Join|+Join|+Join;
739;40;PTCon+PTCapitalMixed|PTDe:PTDo|*PTCapitalInitial|PTPunctuation|PTCapitalAll:PTCapitalMixed;PTCon+PTCapitalInitial|Join|Join|*|*;
741;40;PTOrgUnit+PTCapitalMixed|*PTDe:PTDo:PTPrepart:PTPrep:PTEm:"e":PTCapitalInitial+^PTOrgUnit+^PTConPlusDe|PTPunctuation|PTCapitalAll:PTCapitalMixed;PTCon+PTCapitalInitial|Join|*|*;
740;40;PTCon+PTCapitalInitial|PTCon+PTCapitalInitial|PTDe:PTDo:PTPrepart|*PTCapitalInitial|PTPunctuation|PTCapitalAll:PTCapitalMixed;PTCon+PTCapitalInitial|Join|Join|Join|*|*;
732;40;PTOrgUnit;-PTOrgUnit;
742;40;PTName|PTDe:PTDo|*PTCapitalInitial;PTCon+PTCapitalInitial|Join|Join;detect names with 'de' or 'da' based on first names
273;40;SBegin|PTCapitalInitial|^PTCapitalInitial;*|-PTCapitalInitial|*;to ignore capital letters when at the beginning of a sentence
274;40;SBegin|PTCapitalAll;*|-PTCapitalAll;to ignore capital letters when at the beginning of a sentence
278;40;PTCapitalInitial|PTConIfCapsL&R|PTCapitalInitial;^PTCon|PTCon|PTCon;to make some words part of a name
280;40;PTConIfCap+PTCapitalInitial;PTCon+PTConIfCap;to convert certain words to concepts when capitalized
281;40;PTConIfCapAll+PTCapitalAll;PTCon;to convert e.g. AS and INCUBA to concepts
283;40;PTConIfCap;-PTConIfCap;to get rid of this secondary label
284;40;PTConIfCapAll;-PTConIfCapAll;to get rid of this secondary label
285;40;PTConIfCapsL&R;-PTConIfCapsL&R;to get rid of this secondary label
288;40;PTNaoPrefix|PTAdj;PTAdj+PTNegation|+Join;
289;40;PTNaoPrefix|PTCon;PTCon+PTNegation|+Join;to recognise adjectives with negative prefix as negational entities
290;40;PTNaoPrefix|PTPart;PTAdj+PTNegation|+Join;to recognise adjectives with negative prefix as negational entities
291;40;PTNaoPrefix|PTConVerb:PTAdjVerb;PTCon+PTNegation|+Join;to recognise adjectives with negative prefix as negational entities
826;40;PTAux:PTVerb:PTAuxCon:PTPart|"ou"|"não"|^PTAux+^PTVerb;*|PTAdv+PTOuNao+PTNegation|Join|*;
830;40;"ou"|"não"|SEnd:PTPunctuation:PTDe:PTComma;PTAdv+PTOuNao+PTNegation-PTNegStop|Join|*;
838;40;PTCon:PTAdj|"ou"|"não"|PTPrep:PTPrepart+^PTDe;*|PTAdv+PTOuNao+PTNegation-PTNegStop|Join|*;
865;40;PTMesmo:PTMaismenos:PTComparadj|.PTAdj|PTComprel|^PTVerb+^PTAux;*|*|-PTRelpron|*;
919;40;^PTPronsuffix|PTPronsuffix|PTPronsuffix;+PTVerb-PTCon-PTInf-PTConVerb-PTInfCon-PTAuxCon|Join|Join;
920;40;^PTPronsuffix|PTPronsuffix+PTInf;+PTInf+PTWithSuffix-PTVerb-PTCon-PTConVerb-PTInfCon-PTAuxCon|Join;
921;40;^PTPronsuffix|PTPronsuffix+PTVerb;+PTVerb-PTCon-PTInf-PTConVerb-PTInfCon-PTAuxCon-PTAdjVerb-PTPart|Join;
918;40;PTA:"para":PTDefart|PTVerb|PTPronsuffix;*|^PTInf+PTWithSuffix|+Join;exception to r922
922;40;PTVerb:PTInf:PTGer:PTAux:PTSer|PTPronsuffix;+PTWithSuffix-PTConVerb-PTInfCon|Join;
924;40;PTConVerb|PTPronsuffix;^PTVerb+PTWithSuffix|Join;
923;40;^PTPronsuffix|PTPronsuffix;PTInf+PTWithSuffix|Join;for unknown verb forms, especially personal infinitives with -se
15;40;PTDefart:PTIndefart:PTIndefpronPRNR|PTSer+^PTWithSuffix;*|PTCon;makes Concept of 'ser'after articel or indefinite pronoun
479;40;PTSer;^PTAux+PTInf+PTLinkingverb;
690;40;PTConVerb+PTPrep|PTCon;PTPrep|*;
691;40;PTRelpron|PTDefart:PTA|PTConVerb+PTPrep;*|*|PTVerb;
751;40;PTNos|PTVerb:PTAux;PTPerspron|*;
752;40;PTNos;-PTNos;
496;40;PTAdv:PTMaismenos|PTAdjInPrep|PTPrep;PTPrep|+Join|+Join;
497;40;PTAdv:PTMaismenos:PTAdjAdv|PTAdjInPrep|PTPrepart;PTPrepart|+Join|+Join;
835;40;PTAdjInPrep|PTPrep|PTInf:PTRefl:PTPerspron;PTConj|Join|*;
494;40;PTAdjInPrep|PTPrep;PTPrep|+Join;
495;40;PTAdjInPrep|PTPrepart;PTPrepart|+Join;
716;40;PTConPlusDe|.PTAdj|PTDe:PTDo|PTConVerb:PTAdjVerb:PTConPart:PTPoder;PTCon|+Join|+Join|+Join;
726;40;PTConPlusDe|PTDe|PTPart;PTCon|+Join|+Join;
715;40;PTConPlusDe|.PTAdj|PTDe:PTDo|typeConcept;PTCon|+Join|+Join|*;
710;40;PTConPlusDe+PTConVerb|^PTDe;PTConVerb|*;
876;40;PTConjAdv|PTComma:PTPunctuation:PTAndOrBut:SEnd;^PTAdv|*;
877;40;PTLinkingverb|PTConjAdv;*|-PTConjAdv;
878;40;PTConjAdv;PTConj;
698;40;PTIndefart:PTDefart|PTInfCon;*|PTCon;
699;40;PTIndefart:PTDefart:PTPrep:PTPrepart|PTAdjVerb:PTNum|PTInfCon;*|PTAdj|PTCon;
694;40;PTAdj:PTIndefpron:PTPrepart|PTInfCon;*|PTCon;
696;40;^PTCon|PTA|PTInfCon;*|^PTA|PTCon;
695;40;PTInfCon;^PTInf;
39;40;PTA|PTAuxCon;PTDefart|PTCon;makes Concept of ambiguous linking verb which can also be concept
40;40;PTIndefart:PTPosspron:PTDemonstr:PTPrepart:PTMaismenos|PTAuxCon;*|PTCon;makes Concept of ambiguous linking verb which can also be concept
44;40;PTPrep+^PTComo|PTAuxCon|^PTPart;*|PTCon|*;makes Concept of ambiguous linking verb which can also be concept, after preposition
66;40;PTAuxCon|PTPart;PTAux+PTVerb|PTPartrel;makes Relation of past participle after ambiguous auxiliary verb which can be concept
234;40;PTAuxCon|PTAdv:PTAdjAdv|PTPart;PTAux+PTVerb|PTAdv|PTPartrel;makes Relation of past participle after ambiguous auxiliary verb which can be concept + adverb
530;40;PTAuxCon+PTLinkingverb;PTAux+PTVerb+PTLinkingverb;
531;40;PTAuxCon;PTAux+PTVerb;
834;40;PTConj:PTRelpron:PTNao|PTRefl|PTAux;*|-PTConj-PTCondition|*;disambiguate 'se'
872;40;PTAux|.PTAdv:PTAdvstruct|PTRefl|PTPart;*|*|-PTConj-PTCondition|*;
928;40;PTRefl+^PTConj|PTAux+PTInf;PTAux+PTInf|Join;avoid that one of the labels gets lost
507;40;PTRefl+^PTConj|PTAux;PTAux|Join;
508;40;PTRefl|PTVerb+^PTAux;PTVerb|+Join;
506;40;PTRefl|PTInf;PTInf|+Join;
240;40;PTEm|PTSegundo;PTEm|PTAdj;makes Concept of 'segundo' after 'em'
1;40;PTMaismenos|PTPart|PTEm;PTCon|PTCon|PTPrep;makes Concept of past participle and 'mais'
2;40;PTEm;PTPrep;
678;40;PTNum:PTNumber+^PTRoman|PTAo;PTNumber|PTCon;
679;40;PTAo;PTPrepart;
159;40;PTA|PTInf:PTNumber;PTPrep|*;rewrites 'a' to preposition before infinitive or number
191;40;PTNum:PTIndefart|PTA|PTNum;PTNum|PTPrep|PTNum;rewrites 'a' to preposition between numerals
190;40;PTA|PTDefart:PTIndefart:PTDemonstr:PTIndefpron;PTPrep|*;rewrites 'a' to preposition before article, demonstrative and indefinite pronoun
196;40;PTA|PTMonth;PTPrep|PTMonth;rewrites 'a' to preposition before month
199;40;PTA|PTPart:PTConPart;PTDefart|PTCon;rewrites 'a' to definite article and past participle to Concept
574;40;PTComma|PTPart|PTA;*|PTPartrel|*;
598;40;PTPart+^PTAux|PTA|PTAdj;*|PTPrep|*;
358;40;PTA|PTNao|PTCon;PTDefart|PTNaoAdj+PTNegation-PTNegBegin|PTCon;
624;40;PTLinkingverb|PTCerto;*|PTAdj;
629;40;PTCerto|PTLinkingverb;PTAdj|*;
630;40;PTVerb|PTCerto|PTRelpron;*|PTAdv|*;
626;40;PTCon:PTConVerb|PTCerto|PTPrep:PTPrepart:PTConj;*|PTAdj|*;
628;40;PTCerto|PTComma:PTAndOrBut:PTPunctuation;PTAdj|*;
631;40;PTCon:PTConVerb|PTCerto|SEnd;*|PTAdj|*;
456;40;PTLinkingverb|PTSalvo;*|PTAdj;
458;40;PTPrep:PTA|PTSalvo;^PTPrep|PTAdj;
457;40;PTSalvo;PTPrep;
3;40;PTDefart:PTPrepart|PTEste;*|PTCon;makes Concept of 'este' if preceded by article
5;40;PTEste;PTDemonstr;
912;40;PTPoder|.PTAdv:PTAdvPR:PTAdvstruct|PTInf;PTAux+PTInf|*|*;
914;40;PTNao+^"nem"|PTPoder;*|PTAux+PTInf;
926;40;PTPoder+PTVerb;-PTPoder;
913;40;PTPoder;PTCon;
637;40;PTComma|PTConVerb|PTIndefpron;PTComma|PTVerb|*;
617;40;PTCon|PTTodo|PTIndefart:PTDefart:PTDemonstr:PTA|PTCon;PTCon|PTBeginconcept|PTCon|+Join;
618;40;PTTodo|PTDefart|PTPosspron;PTAdj|+Join|+Join;
620;40;PTTodo|PTDefart|PTIndefpron;PTTodo+PTIndefpron+PTIndefpronPRCon|+Join|+Join;
615;40;PTTodo|PTIndefart:PTDefart:PTPosspron:PTDemonstr:PTDemonstrPR|^PTVerb+^PTRelpron;PTAdj|+Join|*;
616;40;PTTodo|PTA:PTNum;PTAdj|+Join;
722;40;PTNum:PTMaismenos|PTDe|PTNum:PTPercent;PTNum|+Join|+Join;
327;40;PTNum|PTConVerb;PTNum|PTCon;makes Concept of ConVerb after numeral
720;40;PTNum:PTPercent|PTDe|PTCon:PTConVerb:PTConPart:PTPart;PTCon|+Join|+Join;
721;40;PTNum:PTPercent|PTDe|PTAdj:PTAdjVerb;PTAdj|+Join|+Join;
460;40;PTPrep:PTPrepart:PTIndefart:PTDefart|PTAdvCon;*|PTCon;
462;40;PTAdvCon;PTAdvmanner+PTAdv;
554;40;PTAux|PTPart+PTAdj;*|PTPartrel;
555;40;PTComma|PTPart+PTAdj|PTPrepart;*|PTPartrel|*;
553;40;PTPart+PTAdj;PTAdj;
842;40;PTIndefart:PTDefart:PTPosspron:PTPrepart:PTPrep|PTAdjCon|typeRelation;*|PTCon|*;
570;40;PTIndefart:PTDefart|PTAdjCon|PTConVerb|"a"|PTInf;*|PTCon|PTVerb|*|^PTInf;
575;40;PTIndefpron:PTIndefart:PTDefart:PTPosspron|PTAdjCon|PTPart:PTVerb;*|PTCon|*;
577;40;PTIndefpron|PTAdjCon|PTRelpron:PTComma:SEnd;*|PTCon|*;
576;40;PTPrepart:PTPrep|PTAdjCon|PTPart;*|PTCon|*;
884;40;PTVerb:PTGer+^PTLinkingverb|PTAdjCon|typeRelation;*|PTCon|*;
587;40;PTAdjVerb+PTVerb|.PTAdv|PTInf;PTVerb|*|*;
572;40;PTIndefart:PTDefart|PTCon|PTAdjVerb;*|*|PTAdj;
583;40;PTInf|PTA|PTCon:PTConVerb|PTAdjVerb;*|*|*|PTAdj;
585;40;PTPrep|PTConVerb|PTAdv:PTMaismenos|PTAdjVerb;*|PTCon|PTAdj|+Join;
584;40;PTAux:PTCon:PTAndOrBut:PTComma|PTAdv:PTMaismenos|PTAdjVerb;*|PTAdj|+Join;
605;40;PTCon|PTAdjVerb|PTIndefpronPRCon;*|PTAdj|+Join;
671;40;PTCon:PTAdjCon|PTAdvPR|PTAdjVerb;PTCon|PTAdj|+Join;
582;40;PTAdjVerb+PTVerb;PTVerb;
702;40;PTCon:PTConVerb|PTAdvstruct|PTAdv:PTMaismenos|PTAdj:PTAdjVerb;PTCon|PTAdj|+Join|+Join;
794;40;PTAdj|PTAndOrBut|PTAdjVerb;*|*|PTAdj;
573;40;PTAdjVerb;PTConVerb;
588;40;PTAdj|PTConPart;*|PTCon;
590;40;PTPrep|PTAdjAdv|PTConPart;*|PTAdj|PTCon;
594;40;PTPrep:PTDemonstr|PTConPart;*|PTCon;
591;40;PTCon|PTAndOrBut|PTConPart;*|*|PTCon;
592;40;SBegin|PTConPart|PTDe|.PTDefart:PTIndefart:PTPosspron|PTCon:PTNumber:PTNum:PTAdj;*|PTCon|*|*|*;
595;40;PTComma|PTConPart|PTDe|PTCon:PTNumber:PTNum:PTAdj;*|PTCon|*|*;
593;40;PTVerb+^PTAux|PTConPart|PTPrep:PTPrepart;*|PTCon|*;
603;40;PTVerb|PTConPart|PTIndefpronPRCon;*|PTCon|PTAdj;
619;40;PTIndefpron:PTNaoAdj|PTConPart;*|PTCon;
718;40;PTMaismenos|PTPart|PTConPart;PTAdj|+Join|PTCon;
589;40;PTConPart;PTPart;
674;40;PTAntes|PTPart;PTAdv|*;
646;40;PTAdvdegree:PTMaismenos|PTIndefart:PTDefart:PTA|PTIndefpronPR;PTIndefpronPR|+Join|+Join;
611;40;PTAdvdegree:PTMaismenos|PTIndefpronPR;PTIndefpronPR|+Join;
612;40;PTAdvdegree:PTMaismenos|PTIndefpronPRNR;PTIndefpronPRNR|+Join;
604;40;PTAdvdegree:PTMaismenos|PTIndefpronPRCon;PTIndefpronPRCon|+Join;
669;40;PTAdvdegree:PTMaismenos|PTAdvPR+PTTime;PTAdvPR+PTTime|+Join;
675;40;PTAdvdegree:PTMaismenos|PTAdvPR;PTAdvPR|+Join;
656;40;PTConTime:PTTempBeginEnd:PTDay|PTDe:PTPrepartTime|PTConTime:PTDay:PTTempBeginEnd;PTConTime+PTTempEnd|+Join|+Join;
663;40;PTAdjtemp|PTConTime|PTAdj;PTAdj|PTCon|PTAdj;
650;40;^PTConTime|PTAdjtemp|PTConTime;*|PTConTime+PTTempBeginEnd|+Join;
648;40;PTConTime|PTAdjtemp;PTConTime|+Join;
657;40;PTDemonstr:PTIndefpron|PTConTime:PTDay;PTTempBeginEnd|+Join;
649;40;PTConTime|PTNumber:PTNum;PTConTime|+Join;
54;40;PTNumber:PTNum|PTDe|PTMonth:PTConTime;PTMonth|+Join|+Join;makes Concept of 'de' between number and month or ConTime
53;40;PTMonth:PTConTime:PTTempBeginEnd|PTDe:PTPrepartTime|PTNumber:PTConTime;PTMonth|PTCon|PTEndconcept;
659;40;PTConTime|PTDe|PTMonth;PTMonth|+Join|+Join;
704;40;PTIndefpron|PTDefart|PTConTime:PTDay;PTTempBeginEnd|+Join|+Join;
723;40;PTIndefpronPRCon|PTMonth;PTAdj|PTMonth;
653;40;PTNumber:PTNum|PTPrepartTime|PTConTime;PTTempBeginEnd|+Join|+Join;
668;40;PTConTime|PTAdjtempAfter;PTConTime|+Join;
651;40;PTConTime+^PTTempBeginEnd+^PTTempEnd+^PTNumber;PTCon;
655;40;PTConTime+PTTempBeginEnd;PTTempBeginEnd;
661;40;PTConTime+PTTempEnd;PTTempEnd;
207;40;PTNumber:PTNum|PTCon|PTAndOrBut|PTMeio;PTNum|PTCon|PTCon|PTCon;makes Concept of 'e' between number + Concept and 'meio'
705;40;PTTempBeginEnd|PTDateBrackets;PTTempBeginEnd|+Join;
725;40;PTTempEnd|PTDateBrackets;PTTempEnd|+Join;
707;40;PTDay|PTDateBrackets;PTDay+PTCon|+Join;
543;40;PTAdvdegree|PTAdvdegree;PTAdvdegree|+Join;
724;40;PTNum|PTPart|"pelo":"pela":"no":"por";PTNum|PTPartrel|*;
514;40;PTNum;PTNumber;
513;40;PTAdvdegree|PTNumber;PTNumber|+Join;
82;40;PTCon|PTConVerb|PTNumber;*|PTVerb|PTNumber;makes Relation of ConVerb between Concept and Number
28;40;PTNumber+^PTPercent|PTPart;PTNumber|PTCon;makes Concept of past participle after number
515;40;PTNumber|PTIndefpron|PTCon:PTAdjCon;PTAdj|+Join|PTCon;
516;40;PTNumber|PTAdvstruct|PTAdj:PTPart;PTAdj|+Join|+Join;
527;40;PTMaismenos|PTDe|PTNumber:PTUm|PTSegundo;PTAdj|+Join|+Join|PTCon;
525;40;PTMaismenos|PTDe|PTNumber:PTUm;PTAdj|+Join|+Join;
517;40;PTCon|PTAdvstruct|PTAdj:PTPart|^PTPrepart;PTCon|PTAdj|+Join|*;
178;40;PTIndefart|PTCon|PTConforme;*|*|PTAdj;makes adjective of 'conforme' after article + Concept
157;40;PTDefart:PTIndefart:PTDemonstr:PTPrepart|PTSegundo;*|PTAdj;makes adjective of 'segundo' if preceded by article, demonstrative pronoun or preposition+article
162;40;PTPrep|PTSegundo|PTAndOrBut;^PTPrep|PTAdj|PTAndOrBut;makes adjective of 'segundo' between preposition and AndOrBut
165;40;SBegin|PTSegundo|PTComma;*|PTAdv|PTComma;to make adverb of 'segundo' at beginning sentence
239;40;PTSegundo|PTPerspron;PTAdv|PTPerspron;to make adverb of 'segundo' before personal pronoun
565;40;PTComma:PTAndOrBut|PTMesmo|PTVerb:PTPart;*|PTNonrel|*;
564;40;^PTDemonstr+^PTDefart|PTMesmo|PTPrep:PTPrepart:PTConj:PTRelpron;*|PTNonrel|*;
681;40;PTAux|PTMesmo|PTInf;*|PTNonrel|*;
566;40;PTPrep:PTPrepart|PTMinha|SEnd;*|PTCon|*;
568;40;PTMinha|PTDe;PTCon|*;
567;40;PTMinha;PTPosspron;
687;40;PTNaoAdj|PTIndefpronPR|PTCon;^PTNaoAdj|+Join|*;
688;40;PTNaoAdj|PTIndefpronPR;PTNegPR+PTNegBegin+PTNegation|+Join;
541;40;"pouco"|PTDe|^"que";PTAdvdegree+PTAdv|+Join|*;
448;40;PTCon:PTConVerb|PTAdvdegree|PTPart;PTCon|PTAdj|+Join;
447;40;PTAdvdegree|PTPart;PTPart|+Join;
523;40;PTAdvdegree|PTMaismenos;PTMaismenos|+Join;
520;40;PTAdvdegree+^PTPrep|PTCon;PTCon|+Join;
512;40;PTAdj:PTAdjAdv|PTAdvdegreeAfter;PTAdj|+Join;
529;40;PTAdvdegree|"do":"da":"dos":"das";PTAdj|+Join;
544;40;PTAdvdegree|PTDe|PTCon:PTNumber:PTIndefpron:PTAdj;PTAdj|+Join|*;
532;40;PTAdvdegree|PTConVerb|PTVerb;PTCon|+Join|^PTVerb;
682;40;PTAdvdegree|PTNegPR;PTNegPR|+Join;
484;40;PTLinkingverb|PTAdv+^PTAdvdegree|PTComma;*|PTAdj|*;
485;40;PTLinkingverb|PTAdv|PTNao|PTAdj;*|PTAdj|PTNaoAdj+PTNegation-PTNegBegin|PTAdj;
549;40;PTPrep|PTDemonstr|PTPart|PTComma:PTPrep:PTPrepart:PTA;*|PTDemonstrPR|PTPartrel|*;
440;40;PTIndefart:PTDefart:PTPosspron:PTDemonstr:PTIndefpron|PTPart;*|PTCon;
560;40;PTAlgo:PTNegPR|PTConVerb;*|PTVerb;
6;40;PTDefart:PTIndefart:PTPosspron:PTDemonstr:PTMaismenos:PTIndefpron:PTIndefpronconcept:PTCujo|PTConVerb;*|PTCon;makes Concept of ConVerb after article, possessive, demonstrative, indefinite pronouns and some other cases
183;40;PTA:PTPrepart:PTPrep|PTConVerb;*|PTCon;makes Concept of ConVerb after 'a', preposition or preposition+article
326;40;PTDemonstr:PTDefart:PTIndefart|PTAdj|PTConVerb;PTDemonstr|^PTAdj|PTCon;makes Concept of ConVerb after demonstrative pronoun or article + adjective
14;40;PTPosspron|PTAdj|PTConVerb;*|*|PTCon;makes Concept of ConVerb after possessive pronoun + adjective
184;40;PTTanto|PTConVerb|PTComo;PTTanto|PTCon|PTComo;
305;40;PTInf:PTPrep|PTAdj+^PTAdjCon|PTConVerb;*|^PTAdj|PTCon;
323;40;PTInf+^PTAux|PTConVerb;*|PTCon;
521;40;PTVerb|PTAdvdegree|PTConVerb;*|PTCon|+Join;
909;40;PTNumber|PTConVerb+^PTVerb|^PTDefart+^PTIndefart+^PTPosspron+^PTDemonstr;*|PTCon|*;
73;40;PTPerspron|PTConVerb|PTCon;PTPerspron|PTVerb|*;makes Relation of ConVerb between personal pronoun and Concept
693;40;PTPerspron|PTConVerb|PTAdj|PTComma:PTPrep;*|PTCon|*|*;should be before r75
75;40;PTPerspron|.PTNao|PTConVerb;PTPerspron|*|PTVerb;makes Relation of ConVerb after personal pronoun (+ 'nao')
74;40;PTRelpron|PTConVerb;PTRelpron|PTVerb;makes Relation of ConVerb after relative pronoun
83;40;PTRefl|PTConVerb;^PTVerb|+Join;makes Relation of ConVerb after reflexive pronoun
76;40;PTCon:PTNumber|PTConVerb|PTDefart:PTA|^PTVerb;^PTCon|PTVerb|*|*;makes Relation of ConVerb between Concept or number and article
77;40;PTCon|PTAdj|PTConVerb|PTDefart:PTIndefart;*|*|PTVerb|*;makes Relation of ConVerb between Concept + adjective and article
79;40;PTCon|PTConVerb|PTIndefart:PTInf+^PTAux;*|PTVerb|*;makes Relation of ConVerb between Concept and indefite article
185;40;PTCon|PTConVerb|PTCon:PTTempEnd;^PTCon|PTVerb|^PTCon;makes Relation of ConVerb between Concepts
259;40;PTA|PTCon|PTAdj|PTConVerb|PTA|PTCon;PTA|^PTCon|^PTAdj|PTVerb|PTA|PTCon;makes Relation of ConVerb between 'a' + Concept + adjective and 'a' + Concept
86;40;PTNao|PTConVerb|PTAdv:PTAdvstruct:PTPrepart:PTDefart:PTNao;*|PTVerb|*;makes Relation of ConVerb between 'nao' and adverb
748;40;PTCon|PTNao+^"nem"|PTConVerb;*|*|PTVerb;
526;40;PTConVerb|PTAdvdegree|PTPrep:PTPrepart;PTVerb|PTAdv|PTPrep;
180;40;PTConVerb|PTComo|PTDefart:PTIndefart;PTVerb|PTComo|*;makes Relation of ConVerb before 'como' + definite article
88;40;PTConVerb|PTIndefart|PTCon:PTNum;PTVerb|*|*;makes Relation of ConVerb before indefinite article + Concept or number
80;40;PTConVerb|PTPosspron;PTVerb|^PTPosspron;makes Relation of ConVerb before possessive pronoun
569;40;PTConVerb|"a"|PTInf;PTVerb|*|*;
85;40;PTConj:SBegin:PTNao|PTConVerb|"a";*|PTVerb|*;makes Relation of ConVerb between conjunction/'nao'/beginning sentence and 'a'
89;40;PTConj:PTAndOrBut|PTConVerb|PTDefart:PTIndefart:PTDemonstr:PTIndefpron;*|PTVerb|*;makes Relation of ConVerb between conjunction and article/demonstrative or indefinite pronoun
94;40;SBegin:PTComma|PTConVerb|PTDefart:PTIndefart;*|PTVerb|*;makes Relation of ConVerb between beginning sentence/comma and article
262;40;SBegin|PTConVerb|PTInf;*|PTVerb|*;makes Relation of ConVerb as first word sentence and before infinitive
903;40;SBegin:PTComma|PTConVerb|PTRelpron|PTNao;*|PTVerb|*|*;
665;40;PTTempBeginEnd|PTAdjtempAfter;PTTempBeginEnd|+Join;
673;40;PTAdjtempAfter+PTAdvdir;PTAdv+PTAdvdir;
667;40;PTAdjtempAfter;PTAdvPR+PTTime;
664;40;PTCon:PTAdjCon:PTAdj|PTAdvPR+PTTime|PTAdj:PTPart;PTCon|PTAdj|+Join;
677;40;PTCon:PTAdjCon:PTAdj|PTAdvPR|PTAdj;PTCon|PTAdj|+Join;
498;40;PTAdvdegree:PTMaismenos|PTAdjAdv;PTAdjAdv|+Join;
463;40;PTInf+^PTAux|PTAdjAdv|^PTCon;*|PTAdv|*;
468;40;PTAux|PTAdjAdv|PTPart;*|PTAdv|PTPartrel;
692;40;PTPunctuation|PTAdjAdv|PTVerb;*|PTAdv|*;
511;40;PTA:PTPrep|PTAdjAdv|PTInf;*|PTAdv|*;
480;40;PTAux:PTRefl:PTAdj|PTAdjAdv|PTInf;*|PTAdv|*;
504;40;PTAdjAdv|PTAux|PTInf+^PTAux;PTAdv|*|*;
469;40;PTAdjAdv|PTPart|"pelo":"pelos":"pela":"pelas";PTAdv|PTPartrel|*;
470;40;PTAux|PTAdv:PTAdvPR|PTAdjAdv|PTPart;*|^PTAdv|+Join|PTPartrel;
471;40;PTAdjAdv|PTPart|PTPrepart;PTAdj|+Join|*;
472;40;PTComma:PTAndOrBut|PTAdjAdv|PTPart:PTGer;*|PTAdv|*;
473;40;PTAdj|PTAdjAdv|PTPart;^PTAdj|+Join|+Join;
474;40;PTVerb+^PTLinkingverb|PTAdjAdv|PTDefart:PTIndefart:PTA:PTPrep:PTPrepart:PTRelpron:PTPunctuation;*|PTAdv|*;
505;40;^PTCon+^PTIndefart+^PTDefart|PTAdjAdv|PTVerb|PTPrepart:PTPrep:PTPosspron:PTIndefart:PTDefart;*|PTAdv|*|*;
482;40;PTVerb+^PTLinkingverb:PTPart|PTAdjAdv|PTComma:PTAndOrBut;*|PTAdv|*;
481;40;PTVerb+^PTLinkingverb|PTAdjAdv|SEnd;*|PTAdv|*;
545;40;PTRelpron|PTAdjAdv|PTVerb;*|PTAdv|*;
475;40;PTPart:PTGer|PTTao:PTAdvdegree|PTAdjAdv;*|PTAdv|+Join;
476;40;PTCon|PTAdjAdv|PTPart|PTPrep;*|PTAdv|PTPartrel|*;
483;40;PTAdjAdv|PTAdv;PTAdv|+Join;
546;40;PTPrep|PTAdjAdv|PTVerb;*|PTAdv|*;
464;40;PTAdjAdv;PTAdj;
286;40;PTAdvmanner:PTAdvdegree|PTAdj;PTAdj|PTAdj;to make adverbs of manner or degree adjectives before an adjective
292;40;PTDefart:PTIndefart:PTDemonstr|PTAdj;*|PTAdj;to let words that can be both adjective and adverb lose the adverb label
454;40;PTNao|PTTao|PTAdj;PTNaoAdj+PTNegation|PTAdj|+Join;
453;40;^PTCon|PTTao|PTAdj|.PTComma|"que":"quanto":"como";*|PTPrep|*|*|*;
455;40;PTCon:PTAdj|"tão":"acima":"assim"|PTPart:PTAdj;^PTCon|PTAdj|+Join;
452;40;PTTao;PTAdvstruct;
450;40;PTCon|PTAdvstruct|PTAdj;*|PTAdj|+Join;
57;40;PTCon+^PTEndconcept|PTMaismenos:PTAdvdegree|PTAdj;PTCon|PTCon|PTCon;makes mais-menos part of Concept between Concept and adjective
537;40;PTPrep|PTMaismenos:PTAdvdegree|PTConVerb;*|PTAdj|PTCon;
524;40;PTVerb+^PTAux+^PTLinkingverb|PTMaismenos|PTPrep;*|PTAdv|*;
535;40;PTVerb|PTMaismenos|PTPrep:PTPrepart:PTDefart:PTIndefart;*|PTAdv|*;
867;40;PTVerb:PTInf+^PTAux|PTMaismenos|PTComprel;*|PTAdv|*;
536;40;PTVerb|PTMaismenos|SEnd;*|PTAdv|*;
538;40;PTInf|PTMaismenos|PTDefart:PTIndefart:PTPrepart;*|PTAdv|*;
602;40;^PTCon|PTPart|PTMaismenos|PTPrep:PTPrepart:PTComprel;*|*|PTAdv|*;
130;40;PTMaismenos|PTAdvVerb:PTAdv;PTAdv|PTAdv;makes 'mais' + AdvVerb or Adv both adverb
132;40;PTMaismenos|PTPart;PTMaismenos|PTCon;makes Concept of past participle after 'mais'
533;40;PTMaismenos|PTVerb:PTInf;PTAdv|*;
534;40;PTMaismenos|PTAdj;PTAdj|+Join;
444;40;PTAdvdegree;PTAdvmanner+PTAdv;
819;40;"mais":"maior":"maiores"|*{1,5}^"jamais"|"jamais"|PTPart;*|*|PTAdvPR+PTTime-PTNegation-PTNegBegin|*;
788;40;"mais":"maior":"maiores"|"jamais"|PTPart;*|PTAdvPR+PTTime-PTNegation-PTNegBegin|*;
790;40;"não menos"|PTDe|PTNum:PTNumber;PTAdvdegree-PTNegation-PTNegBegin|Join|*;
640;40;PTVerb|PTRecipr1|PTPrep:PTPrepart|.PTDefart|PTRecipr2;^PTVerb|+Join|+Join|+Join|+Join;
645;40;PTRecipr1|PTPrep:PTPrepart|PTRecipr2;PTIndefpronPR|*|PTIndefpronPR;
641;40;PTIndefart|"dos":"das"|."de"|typeConcept;PTBeginconcept|+Join|+Join|+Join;
643;40;PTIndefart|"dos":"das":"de"|PTPosspron|typeConcept;PTBeginconcept|+Join|+Join|+Join;
636;40;PTIndefart|"dentre"|PTDefart|typeConcept;PTBeginconcept|+Join|+Join|+Join;
644;40;PTIndefart|"para";PTBeginconcept|+Join;
639;40;PTUns|^typeConcept;PTIndefpronPR|*;
559;40;PTAlgo|PTDe|PTAdj;PTBeginconcept|PTAdj|+Join;
558;40;PTAlgo|PTAdj:PTMaismenos;PTBeginconcept|PTAdj;
685;40;PTNegPR|PTDe|PTAdj:PTMaismenos;PTCon|PTAdj|+Join;
683;40;PTNegPR|PTAdj:PTMaismenos;PTCon|PTAdj;
561;40;"entre":"dentre"|PTOutros|^PTAdj+^PTCon+^PTIndefpron;PTAdvstruct|+Join|*;
188;40;PTDefart|PTInterpron;PTDefart|PTCon;makes Concept of interrogative pronoun after definite article, 'the reason'
200;40;^PTConj+^"de"+^"para"|"o"|PTInf+^PTLinkingverb+^PTWithSuffix;*|PTDefart|^PTCon;makes Concept of infinitive preceded by definite article
201;40;PTIndefart|PTInf;*|^PTCon;makes Concept of infinitive preceded by indefinite pronoun
371;40;PTIndefpronconcept|PTPart;*|PTCon;makes Concept of past participle after indefinite pronoun
23;40;PTPrepart|PTPart;PTPrepart|PTCon;makes Concept of past participle after preposition+article
25;40;PTPrep+^PTConforme+^PTComo|PTPart;*|PTCon;makes Concept of past participle after preposition
29;40;PTDefart:PTIndefart:PTPosspron:PTIndefpron:PTDemonstr|PTAdj|PTPart;*|*|PTCon;makes Concept of past participle after article/possessive/indefinite/demonstrative pronoun + adjective
34;40;PTPrepart|PTAdj|PTPart;PTPrepart|*|PTCon;makes Concept of past participle after preposition+article + adjective
35;40;PTPrep+^PTDe|PTAdj|PTPart;*|*|PTCon;makes Concept of past participle after preposition + adjective
502;40;PTAux|PTAdv:PTAdj|PTAndOrBut|PTAdv|PTPart;*|PTAdv|*|*|PTPartrel;
501;40;PTAdj|PTAndOrBut|PTAdv|PTPart;*|*|PTAdj|+Join;
798;40;PTCon|PTAdj|PTAndOrBut|PTPart|^PTPrepart+^"em"+^"por";*|*|*|PTAdj|*;
800;40;PTCon|PTAdj|PTAndOrBut|PTPart|PTDo;*|*|*|PTAdj|*;
849;40;PTCon:PTAdj|PTPart|PTPunctuation:SEnd;*|PTAdj|*;
887;40;^typeConcept|PTNaoAdj|PTPart;*|*|PTCon;
297;40;PTAux|PTAdvmanner|PTPart;*|PTPartrel|+Join;
449;40;PTAux|PTAdvstruct|PTPart;*|*|PTPartrel;
610;40;PTAux|PTPart+PTAux;*|PTPartrel+PTAux;
65;40;PTAux|PTPart;*|PTPartrel;makes Relation of past participle after auxiliary verb
670;40;PTAux|PTAdvPR:PTNegPR:PTAdv|PTPart;*|*|PTPartrel;
689;40;PTCon|PTInf|PTPart;*|*|PTPartrel;
466;40;PTCon:PTConVerb|PTAdv|PTPart|PTComma:PTVerb:PTNao;^PTCon|PTAdj|+Join|*;
467;40;PTCon|PTAdv|PTPart|SEnd;*|PTAdj|+Join|*;
465;40;PTCon|PTAdv|PTPart;*|^PTAdv|PTPartrel;
67;40;PTCon|PTPart|PTAdv|PTPrep|PTCon;*|PTPartrel|PTAdv|*|*;makes Relation of past participle between Concept and adverb + preposition + Concept
68;40;PTPart|PTPrep:PTPrepart:PTComo+^PTDe;PTPartrel|*;makes Relation of past participle followed by preposition/preposition+article/'como'
840;40;PTPart|PTDe|PTNumber;PTPartrel|*|*;
847;40;SBegin:PTPunctuation:PTComma:PTAdv:PTAdvstruct:PTAdvPR|PTPart|PTDe;*|PTPartrel|*;
246;40;PTPart|PTAdv|PTPrepart;PTPartrel|*|*;makes Relation of past participle before adverb + preposition+article
70;40;PTPart|PTAdv:PTAdvPR|PTPrep;PTPartrel|*|*;makes Relation of past participle before adverb/PathRelevant adverb + preposition
72;40;PTComma|PTPart|PTIndefpron:PTDefart:PTIndefart:PTBeginconcept:PTTempEnd:PTTempBeginEnd;PTComma|PTPartrel|*;makes Relation of past participle between comma and indefinite pronoun/article/beginconcept/TempEnd/TempBeginEnd
676;40;PTComma|PTAdvPR:PTAdv|PTPart;*|*|PTPartrel;
680;40;PTConj|PTPart|PTComma;*|PTPartrel|PTComma;
232;40;PTPart|PTAndOrBut|PTPartrel|PTPrep;PTPartrel|PTAndOrBut|PTPartrel|*;makes Relation of past participle before AndOrBut + past participle as Relation
231;40;PTPart|PTAndOrBut|PTPartrel|PTPrepart;PTPartrel|PTAndOrBut|PTPartrel|PTPrep;makes Relation of past participle before AndOrBut + past participle as Relation
229;40;PTPart|PTAndOrBut|PTPartrel;PTPart|PTAndOrBut|PTPart;makes Relation of past participle before AndOrBut + past participle as Relation
230;40;PTPartrel|PTAndOrBut|PTPart;PTPartrel|PTAndOrBut|PTPartrel;makes Relation of past participle after past participle as Relation + AndOrBut
500;40;PTPartrel|PTAndOrBut|PTAdv|PTPart;*|*|*|PTPartrel;
503;40;PTAdj|PTPart|PTAndOrBut|PTAdv|PTPart;^PTAdj|+Join|*|PTAdj|+Join;
522;40;PTAndOrBut|PTAdv|PTPart;*|PTAdj|+Join;
795;40;PTDe|PTNao|PTCon;*|PTNaoAdj+PTNegation-PTNegBegin|PTCon;
58;40;PTCon|PTNao+^"nem"|PTCon;PTCon|PTNaoAdj+PTNegation-PTNegBegin|PTCon;makes 'nao' part of Concept between two Concepts
622;40;PTCon|PTNao+^"nem"|PTPart|PTAdv;PTCon|PTNaoAdj+PTNegation-PTNegBegin|PTCon|+Join;
59;40;PTCon|PTNao+^"nem"|PTPart;PTCon|PTNaoAdj+PTNegation-PTNegBegin|PTCon;makes 'nao' part of Concept between Concept and past participle as Concept
789;40;PTAdj|PTNao+^"nem"|PTPart|^PTPrep+^PTPrepart;PTCon|PTNaoAdj+PTNegation-PTNegBegin|PTCon|*;makes 'nao' part of Concept between adjective and past participle as Concept
60;40;PTCon|.PTAdj|PTNao+^"nem"|PTAdj;PTCon|*|PTNaoAdj+PTNegation-PTNegBegin|*;makes 'nao' part of Concept between Concept (+ adjective) and adjective
366;40;PTConVerb|PTNao+^"nem"|PTAdj;PTCon|PTNaoAdj+PTNegation-PTNegBegin|*;makes 'nao' part of Concept between ConVerb and adjective
367;40;PTConVerb|PTNao+^"nem"|PTPart;PTCon|PTNaoAdj+PTNegation-PTNegBegin|PTAdj;makes 'nao' part of Concept between ConVerb and past participle as Concept
243;40;PTDefart:PTIndefart:PTPrepart:PTPosspron|PTNao+^"nem"|PTCon:PTAdj;*|PTNaoAdj+PTNegation-PTNegBegin|*;makes 'nao' part of Concept between article/preposition+article/possesive pronoun and Concept or adjective
361;40;PTDefart:PTIndefart:PTPrepart|PTNao+^"nem"|PTPart;*|PTNaoAdj+PTNegation-PTNegBegin|PTAdj;makes 'nao' part of Concept between article/preposition+article and past participle as Concept
791;40;PTNaoAdj|PTCon|"nem"|PTPart;*|*|PTNaoAdj+PTNegation-PTNegBegin|PTAdj;
299;40;PTDefart:PTIndefart|PTAdvPR|PTAdj;*|PTAdj|+Join;makes Concept of adverb between article and adjective
48;40;PTDefart:PTIndefart|PTAdvmanner;*|PTAdj;makes Concept of adverb after article
198;40;PTCon|PTAdv|PTAdj;*|PTAdj|*;makes Concept of adverb between Concept and adjective
547;40;PTDemonstr|PTNao|PTCon:PTPart;PTNonrel|PTNaoAdj+PTNegation-PTNegBegin|*;
548;40;PTDemonstr|PTCon:PTAdjCon;PTNonrel|*;
551;40;PTDemonstr|PTAdj:PTNumber;PTNonrel|^PTAdj;
556;40;^PTPrepart+^PTRelpron|PTCon|PTDemonstr|"que";*|*|PTNonrel|*;
550;40;PTDemonstr;PTDemonstrPR;
441;40;PTPrep:PTA|PTRecipr;^PTPrep|PTPerspron;
150;40;PTCon|PTIndefpron|PTCon;PTCon|PTBeginconcept|*;makes BeginConcept of indefinite pronoun between two Concepts
613;40;PTAdj:PTIndefpronPRCon|PTIndefpronPR|PTCon;^PTAdj|+Join|*;
703;40;^PTPrep|PTIndefpronPRCon|PTIndefart:PTDefart:PTPosspron|PTCon:PTAdj;*|PTAdj|+Join|*;
596;40;PTIndefpronPRCon|PTCon:PTAdj:PTMaismenos;PTAdj|*;
608;40;PTCon:PTAdjCon:PTConVerb:PTAdj|PTIndefpronPRCon|^PTAdj+^PTCon;*|PTAdj|*;
597;40;PTIndefpronPRCon;PTIndefpronPR;
623;40;PTIndefpronPRNR|PTCon:PTBeginconcept:PTAdj:PTIndefpronPR;PTNonrel|*;
632;40;PTCon:PTAdjCon:PTConVerb:PTAdj|PTIndefpronPRNR|SEnd;^PTCon|PTNonrel|*;
633;40;PTCon:PTAdjCon:PTConVerb:PTAdj|PTIndefpronPRNR|^PTAdj+^PTCon;*|PTNonrel|*;
625;40;PTIndefpronPRNR;PTIndefpronPR;
614;40;PTIndefpronconcept+PTAdj|PTIndefpronPR;PTIndefpronPR|+Join;
686;40;PTNaoAdj|PTPrepart|PTPosspron;^PTNaoAdj|+Join|+Join;
853;40;"nunhum":"nenhuma"|PTVerb:PTAux;PTPerspron+PTNegation-PTNegBegin|*;
803;40;PTDefart|PTInf;PTPerspron|*;
433;40;PTTanto|*{1,7}^PTComo|PTComo;^PTConj|*|PTComo;makes Relation of 'tanto' in expression 'tanto...como'
896;40;PTA|"não"|"ser"|PTAdj:PTPart:PTPartrel:PTAdv:PTComma;PTConj|*|*|*;
897;40;PTA|"não"|"ser";PTPrep+PTNegStop|Join|Join;
241;40;PTVerb+^PTAux;PTVerb;to remove all other labels than Verb
700;40;PTCon;PTCon;to remove all other labels than Con
885;40;PTAdjCon;PTAdj+PTCon;default
325;40;PTConj+PTConVerb;-PTConVerb;
701;40;PTConVerb;PTCon;default
307;40;PTAdvmanner;PTAdv;
308;40;PTAdv;PTAdv-PTNegBegin;
309;40;PTIndefpronconcept;PTIndefpronconcept;
254;40;PTComma;+PTPunctuation;add Punctuation label to comma
906;40;"para"|PTInf;PTConj|*;
443;40;PTPrep+^PTDe+^PTComo;PTPrep;
478;40;PTAux;-PTPart;to make sure the auxiliary verb becomes a relation
557;40;PTIndefpronPR;PTIndefpronPR;to make sure the pathrelevant indefinite pronoun becomes pathrelevant
652;40;PTEndconcept;PTEndconcept;to remove all other labels than EndConcept
706;40;PTLayout;PTLayout;to remove all other labels than Layout
773;40;PTA;PTDefart;default
866;40;PTRelpron+PTComprel;-PTComprel;
753;60;*PTCon:PTAdj|PTComma|*PTCon:PTAdj|PTComma|*PTCon:PTAdj|PTAndOrBut:"nem"|*PTCon:PTAdj;+PTList|+PTList|+PTList|+PTList|+PTList|+PTList-PTNegStop|+PTList;
754;60;*PTCon:PTAdj|PTComma|*PTCon:PTAdj|PTAndOrBut:"nem"|*PTCon:PTAdj;+PTList|+PTList|+PTList|+PTList-PTNegStop|+PTList;
755;60;*PTCon:PTAdj+^PTList|PTComma|*PTCon:PTAdj+PTList;+PTList|+PTList|*;for longer enumerations
756;60;*PTCon:PTAdj+^PTList|PTComma|*PTCon:PTAdj+PTList;+PTList|+PTList|*;for longer enumerations
757;60;*PTCon:PTAdj+^PTList|PTAndOrBut:"nem"|*PTCon:PTAdj|SEnd;+PTList|+PTList-PTNegStop|+PTList|*;
758;60;PTDefart|*PTCon:PTAdj|PTComma|PTDefart|*PTCon:PTAdj|PTComma|PTDefart|*PTCon:PTAdj|PTAndOrBut:"nem"|PTDefart|*PTCon:PTAdj;+PTList|+PTList|+PTList|+PTList|+PTList|+PTList|+PTList|+PTList|+PTList-PTNegStop|+PTList|+PTList;
759;60;PTDefart|*PTCon:PTAdj|PTComma|PTDefart|*PTCon:PTAdj|PTAndOrBut:"nem"|PTDefart|*PTCon:PTAdj;+PTList|+PTList|+PTList|+PTList|+PTList|+PTList-PTNegStop|+PTList|+PTList;
760;60;PTDefart|*PTCon:PTAdj|PTComma|PTDefart|*PTCon:PTAdj|PTComma|PTAndOrBut:"nem"|PTDefart|*PTCon:PTAdj;+PTList|+PTList|+PTList|+PTList|+PTList|+PTList|+PTList-PTNegStop|+PTList|+PTList;
761;60;PTDefart|*PTCon:PTAdj+^PTList|PTComma|PTDefart+PTList|*PTCon:PTAdj+PTList;+PTList|+PTList|+PTList|*|*;for longer enumerations
762;60;PTIndefart|*PTCon:PTAdj|PTComma|PTIndefart|*PTCon:PTAdj|PTAndOrBut|PTIndefart:"nem"|*PTCon:PTAdj;+PTList|+PTList|+PTList|+PTList|+PTList|+PTList-PTNegStop|+PTList|+PTList;
763;60;PTIndefart|*PTCon:PTAdj+^PTList|PTComma|PTIndefart+PTList|*PTCon:PTAdj+PTList;+PTList|+PTList|+PTList|*|*;for longer enumerations
764;60;PTPosspron|*PTCon:PTAdj|PTComma|PTPosspron|*PTCon:PTAdj|PTAndOrBut:"nem"|PTPosspron|*PTCon:PTAdj;+PTList|+PTList|+PTList|+PTList|+PTList|+PTList-PTNegStop|+PTList|+PTList;
765;60;PTPosspron|*PTCon:PTAdj+^PTList|PTComma|PTPosspron+PTList|*PTCon:PTAdj+PTList;+PTList|+PTList|+PTList|*|*;for longer enumerations
859;60;PTMonth|PTComma|PTMonth|PTComma|PTMonth|PTAndOrBut|PTMonth;+PTList|+PTList|+PTList|+PTList|+PTList|-PTNegStop|+PTList;
860;60;PTMonth|PTComma|PTMonth|PTAndOrBut|PTMonth;+PTList|+PTList|+PTList|-PTNegStop|+PTList;
861;60;PTMonth|PTAndOrBut|PTMonth;+PTList|-PTNegStop|+PTList;
766;60;PTDefart|*PTCon:PTAdj|PTAndOrBut|PTDefart|PTCon:PTAdj;+PTList|+PTList|+PTList-PTNegStop|+PTList|+PTList;
767;60;PTIndefart|*PTCon:PTAdj|PTAndOrBut|PTIndefart|PTCon:PTAdj;+PTList|+PTList|+PTList-PTNegStop|+PTList|+PTList;
778;60;PTNumber|PTAndOrBut|PTNumber;+PTList|+PTList-PTNegStop|+PTList;
796;60;PTDemonstrPR|PTAndOrBut|PTIndefpronPR|PTCon;+PTList|+PTList-PTNegStop|+PTList|+PTList;
799;60;PTCon|PTAdj|PTAndOrBut|PTAdj:PTIndefpronPR;*|+PTList|+PTList-PTNegStop|+PTList;
895;60;PTDo|*PTCon:PTAdj|PTAndOrBut|PTDo|*PTCon:PTAdj;+PTList|+PTList|+PTList-PTNegStop|+PTList|+PTList;
927;60;PTPrepart|*PTCon:PTAdj|PTAndOrBut|PTPrepart|*PTCon:PTAdj;+PTList|+PTList|+PTList-PTNegStop|+PTList|+PTList;
908;60;PTDe|PTDefart:PTIndefart:PTNonrel:PTPosspron|*PTCon:PTAdj|PTAndOrBut|PTDe|PTDefart:PTIndefart:PTNonrel:PTPosspron|*PTCon:PTAdj;+PTList|+PTList|+PTList|+PTList-PTNegStop|+PTList|+PTList|+PTList;
768;60;SBegin:PTColon:PTConj:"como"|*PTCon:PTAdj|PTAndOrBut|*PTCon:PTAdj;*|+PTList|+PTList-PTNegStop|+PTList;
816;60;SBegin:PTColon|PTDefart:PTIndefart:PTPosspron|*PTCon:PTAdj|PTAndOrBut|.PTDefart:PTIndefart:PTPosspron|*PTCon:PTAdj;*|+PTList|+PTList|+PTList-PTNegStop|+PTList|+PTList;
892;60;SBegin:PTColon:PTConj:"como"|PTDefart|PTPosspron|*PTCon:PTAdj|PTAndOrBut|*PTCon:PTAdj;*|+PTList|+PTList|+PTList|+PTList-PTNegStop|+PTList;
882;60;"entre"|*{1,5}^PTAndOrBut|"e"|*^PTPunctuation+^PTComma+^PTVerb+^PTConj+^SEnd;*|+PTList|-PTNegStop+PTList|+PTList;
804;60;PTComma|PTAndOrBut;*|^PTConj;
841;60;SBegin|PTAndOrBut;*|PTConj;
879;60;PTInf|PTAndOrBut|PTInf;+PTRList|+PTRList-PTNegStop|+PTRList;
880;60;PTPartrel|PTAndOrBut|PTPartrel;+PTRList|+PTRList-PTNegStop|+PTRList;
345;70;PTAdj;+PTCon;
848;70;PTPart+PTPreferRel;PTPartrel;
356;70;PTPart;^PTCon;
898;70;PTInf:PTVerb:PTRefl+PTNegStop;-PTNegStop;remove attribute that came from lexrep "se"
899;70;PTAdv+PTNegation+^PTOuNao;PTNao+PTNegation+PTNegBegin-PTNaoAdj;for "dificilmente"
929;70;PTNao+^PTNegation2|PTVerb:PTAux:PTInf:PTPartrel|PTAdvrestrict|^PTNumber;PTAdv|*|PTAdv|*;removing negation from Nao and making Advrestrict Relation when both occur together with a verb in between
780;70;PTComma|PTAdvstruct|PTComma;+PTNonrel|+PTNonrel|+PTNonrel;
747;70;PTDefart:PTIndefart:PTNonrel:PTPosspron:PTCon:PTNumber:PTIndefpronPR;+PTNPC;adding label to diminish number of options in following rules
843;70;PTAdv:PTAdvPR:PTAdvstruct;+PTAdv70;
820;70;SBegin:PTColon:PTConj:PTRelpron:PTComma:PTAndOrBut|"apesar"|PTDo;*|PTConj|Join;
821;70;SBegin:PTColon:PTConj:PTRelpron:PTComma:PTAndOrBut|PTComo+PTPrep;*|PTConj;
839;70;PTVerb:PTAux:PTInf|*PTNPC:PTDe:PTPrep:PTPrepart:PTPerspron:PTList:PTAdvstruct|"e"|*PTNPC:PTDe:PTPrep:PTPrepart:PTPerspron:PTList:PTAdvstruct|PTNao|^PTInf;*|*|-PTAndOrBut+PTConj|*|*|*;
881;70;PTVerb|"e"|^PTVerb;*|+PTConj|*;
845;70;PTVerb:PTAux:PTInf:PTPartrel:PTPunctuation|.PTAdv70|"não"|PTPunctuation:SEnd;*|*|-PTNao+PTNaoAdj-PTNegBegin|*;'não' as opposite of 'sim' at the end of a sentence
846;70;PTDefart|"não"|PTDo:PTRelpron:SEnd;*|-PTNao+PTNaoAdj-PTNegBegin|*;'não' as opposite of 'sim' in specific contexts, very rare!
745;70;SBegin:PTColon:PTConj:PTRelpron:PTPunctuation+^PTList|PTNPC|.PTNPC:PTDe:PTPrep:PTPrepart:PTPerspron:PTList:PTAdv70|PTNao|PTVerb:PTAux:PTInf:SEnd;*|+PTNegBegin|*|+PTNegBegin|-PTNegStop;
750;70;SBegin:PTColon:PTConj:PTRelpron:PTPunctuation+^PTList|PTNPC|.PTNPC:PTDe:PTPrep:PTPrepart:PTPerspron:PTList:PTAdv70|PTNao|PTRefl:PTPerspron|PTVerb:PTAux;*|+PTNegBegin|*|+PTNegBegin|-PTNegStop|*;
771;70;SBegin:PTColon:PTConj:PTRelpron:PTAndOrBut:PTPunctuation+^PTList|.PTPerspron:PTDemonstrPR:PTAdv70|PTNao|PTVerb:PTAux:PTInf:SEnd;*|+PTNegBegin|+PTNegBegin|*;
772;70;SBegin:PTColon:PTConj:PTRelpron:PTAndOrBut:PTPunctuation+^PTList|.PTPerspron:PTDemonstrPR:PTAdv70|PTNao|PTRefl:PTPerspron|PTVerb:PTAux;*|+PTNegBegin|+PTNegBegin|*|*;
792;70;SBegin:PTColon:PTConj:PTRelpron:PTPunctuation+^PTList|PTNPC|.PTNPC:PTDe:PTPrep:PTPrepart:PTPerspron:PTList:PTAdvstruct|PTAux|PTNao|PTVerb:PTAux:PTInf:SEnd;*|+PTNegBegin|*|*|+PTNegBegin|-PTNegStop;
805;70;SBegin:PTColon:PTConj:PTRelpron:PTPunctuation+^PTList|.PTPerspron:PTDemonstrPR|PTAux|PTNao|PTVerb:PTAux:PTInf:SEnd;*|+PTNegBegin|*|+PTNegBegin|*;variant of r792
822;70;SBegin:PTColon:PTConj:PTRelpron:PTPunctuation+^PTList|PTNPC|.PTNPC:PTDe:PTPrep:PTPrepart:PTPerspron:PTList:PTAdvstruct|PTNao|PTDefart:PTPerspron|PTVerb:PTAux:PTInf:SEnd;*|+PTNegBegin|*|+PTNegBegin|*|-PTNegStop;
824;70;SBegin:PTColon:PTConj:PTRelpron:PTAndOrBut:PTPunctuation+^PTList|.PTPerspron:PTDemonstrPR:PTAdvstruct:PTAdv|PTNao|PTDefart:PTPerspron|PTVerb:PTAux:PTInf:SEnd;*|+PTNegBegin|+PTNegBegin|*|*;
801;70;SBegin:PTColon:PTConj:PTRelpron:PTPunctuation+^PTList|PTAdvPR:PTAdv:PTAdvstruct:PTPunctuation|PTNPC|.PTNPC:PTDe:PTPrep:PTPrepart:PTPerspron:PTList:PTAdvstruct|PTNao|PTVerb:PTAux:SEnd;*|*|+PTNegBegin|*|+PTNegBegin|-PTNegStop;
817;70;SBegin:PTColon:PTConj:PTRelpron:PTAndOrBut:PTPunctuation+^PTList|PTAdvPR:PTAdv:PTAdvstruct:PTPunctuation|.PTPerspron:PTDemonstrPR:PTAdvstruct:PTAdv|PTNao|PTVerb:PTAux:SEnd;*|*|+PTNegBegin|+PTNegBegin|-PTNegStop;
818;70;SBegin:PTColon:PTConj:PTRelpron:PTAndOrBut:PTPunctuation+^PTList|PTAdvPR:PTAdv:PTAdvstruct:PTPunctuation|.PTPerspron:PTDemonstrPR:PTAdvstruct:PTAdv|PTNao|PTRefl:PTPerspron|PTVerb:PTAux;*|*|+PTNegBegin|+PTNegBegin|-PTNegStop|*;
809;70;^PTRelpron+^PTPrep|PTRelpron|.PTPerspron:PTDemonstrPR|PTAdvPR:PTAdv:PTAdvstruct|PTNao|PTVerb:PTAux:SEnd;*|+PTNegBegin+PTBeginrel|*|*|+PTNegBegin|*;
812;70;PTCon|PTDefart:PTBeginconcept:PTNonrel|*PTNPC:PTDe:PTPrep:PTPrepart:PTPerspron:PTList:PTAdvstruct|PTNao|PTVerb:PTAux:PTInf:SEnd;*|*|+PTNegBegin|+PTNegBegin|-PTNegStop;
813;70;PTCon|PTDefart:PTBeginconcept:PTNonrel|*PTNPC:PTDe:PTPrep:PTPrepart:PTPerspron:PTList:PTAdvstruct|PTNao|PTRefl:PTPerspron|PTVerb:PTAux;*|*|+PTNegBegin|+PTNegBegin|-PTNegStop|*;
814;70;PTCon|PTDefart:PTBeginconcept:PTNonrel|*PTNPC:PTDe:PTPrep:PTPrepart:PTPerspron:PTList:PTAdvstruct|PTAux|PTNao|PTVerb:PTAux:PTInf:SEnd;*|*|+PTNegBegin|*|+PTNegBegin|-PTNegStop;
837;70;PTCon|.PTAdvstruct|PTNao|.PTAdv|PTPartrel;+PTNegBegin|*|+PTNegBegin|*|*;
852;70;PTCon|PTAux|PTPrep+PTNegBegin;+PTNegBegin|*|*;
850;70;^PTDo|PTCon|PTPrep+PTNegation|PTNPC;*|+PTNegBegin|*|*;
856;70;"nenhum":"nenhuma"|"das":"dos"|.PTIndefpronPR|PTCon;+PTBeginconcept-PTNaoAdj|PTAdj|PTAdj|*;
857;70;"nenhum":"nenhuma"|PTDe|PTPerspron;PTPerspron+PTNegation-PTNaoAdj|Join|Join;
900;70;^PTPrep+^PTPrepart|*PTCon+^PTAdj+^PTNegBegin|PTRelpron|PTNegBegin+^PTPerspron+^PTNPC;*|+PTNegBegin|-PTBeginrel|*;
901;70;^PTPrep+^PTPrepart|PTCon+^PTAdj|.PTCon|PTRelpron|PTNegBegin+^PTPerspron+^PTNPC;*|+PTNegBegin|+PTNegBegin|-PTBeginrel|*;
769;70;PTCondition|PTNegBegin;+PTBeginrel+PTNegBegin|*;include conditional conjunction
797;70;SBegin:PTColon:PTConj:PTRelpron:PTComma+^PTList+^"para"|PTInf|.PTNPC:PTDe:PTPrep:PTPrepart:PTPerspron:PTList|PTNao|PTVerb:PTAux:SEnd;*|+PTNegBegin|*|+PTNegBegin|-PTNegStop;infinitive as subject
774;70;typeRelation+^PTAndOrBut+^PTPrep+^PTPrepart+^PTRelpron+^PTNegation+^PTNegBegin|PTRelpron:"e"|.PTAdv70|typeRelation+PTNegBegin;*|+PTBeginrel|*|*;split relation when negation only applies to part of it
775;70;typeRelation+^PTAndOrBut+^PTPrep+^PTPrepart+^PTRelpron+^PTNegation+^PTNegBegin|PTAndOrBut|PTRelpron|.PTAdv70|typeRelation+PTNegBegin;*|+PTBeginrel|*|*|*;split relation when negation only applies to part of it
844;70;PTVerb:PTPartrel+^PTAux|.PTPrep:PTPrepart|PTNao|PTInf;*|*|+PTNegBegin+PTBeginrel|*;split relation before an infinitive clause with negation
777;70;PTAndOrBut|PTBeginrel;+PTBeginrel|-PTBeginrel;
776;70;PTDefart|PTRelpron|typeRelation+PTNegBegin;*|+PTBeginrel|*;
808;70;PTVerb+^PTAux|"não"+PTNegBegin;*|+PTNegBegin+PTBeginrel;split relation when negation only applies to part of it
851;70;PTVerb:PTPartrel:PTInf+^PTAux|.PTAdv70|PTPrep+PTNegBegin;*|*|+PTNegBegin+PTBeginrel;
893;70;PTVerb:PTPartrel:PTInf|PTConj+PTNegation;*|+PTBeginrel;split relation before "sem que"
854;70;PTNegation|.typeRelation+^PTNegBegin+^PTNegStop|PTNegBegin;+PTNegBegin|*|*;include negation marker in immediately following negation span
746;70;PTNegBegin+^typeConcept+^typeRelation+^typePathRelevant|typeConcept:typeRelation:typePathRelevant;*|+PTNegBegin;move NegBegin from nonrelevant to relevant lexrep
779;70;PTComma|PTAdvstruct+^PTNegBegin|PTComma;PTNonrel|*|PTNonrel;
911;70;PTNao|.PTComma|*PTVerb:PTAux:PTInf|.PTComma|PTNegation2+^"nem";*|*|*|*|+PTAdv70-PTNegBegin;a negation marker that enforces a preceding negation marker must not act as NegBegin
858;70;^PTNegation2+^"sem"|PTPunctuation+^PTList|^PTNegBegin+^PTNegation+^PTNegation2;*|*|+PTNegStop;stop the right expansion at a punctuation mark, except when it concerns a comma in an enumeration
863;70;PTNegation2|PTPunctuation|PTConj+^PTNegBegin;*|*|+PTNegStop;cover cases that are excluded by r858
864;70;^typeRelation+^PTNegBegin|PTRelpron+^PTNegBegin;*|+PTNegStop;stop expansion at Relpron
874;70;^typeRelation|PTDe|PTRelpron+^PTNegBegin;*|+PTNegStop|*;stop expansion at de+Relpron
869;70;^PTNao|PTConj+^PTNegBegin+^PTNegation+^"de"|^PTNegBegin+^PTNegation;*|+PTNegStop|*;stop expansion at conjunction (not "de")
870;70;PTConj+"de"+^PTNegBegin+^PTNegation|PTDefart+^PTNegBegin+^PTNegation;+PTNegStop|*;stop expansion at conjunction "de"
883;70;PTCon+^PTAdj+^PTNegation+^PTNegBegin|PTDe:PTPrep|PTInf;*|^PTConj+PTNegStop|*;stop expansion at conjunction labeled as Prep before infinitive
888;70;^PTNegation+^PTNegBegin|PTPrep:PTPrepart|PTRelpron:PTComo|^PTNegBegin;*|+PTNegStop|*|*;stop expansion at prep(art)+Relpron or Como
889;70;PTNegBegin|*^PTNegStop|PTNegStop+PTPrep:PTPrepart|PTRelpron:PTComo;*|*|+PTBeginrel|*;adding Beginrel to result of r888 in case of negation
891;70;PTNao|PTVerb+^PTAux|.PTAdv70|PTRelpron:PTAux+^PTInf;*|*|*|+PTNegStop+PTBeginrel;stop expansion at beginning of subordinate clause
904;70;PTNao|PTAux|PTInf|PTRelpron;*|*|*|+PTNegStop+PTBeginrel;stop expansion at beginning of subsordinate clause
875;70;PTNegPR|PTRelpron+PTNegStop|typeRelation;*|-PTNegStop|*;
871;70;PTNegBegin|*^PTNegStop|PTConj:PTAndOrBut+PTNegStop+^PTNegBegin+^PTRList;*|*|+PTBeginrel;split relation at conjunction in negation span
873;70;PTConj:PTRelpron:PTPrep|PTBeginrel+PTNegStop;+PTNegStop|*;move Beginrel to conjunction to exclude the conjunction from the expansion
886;70;PTPartrel|*^PTVerb+^PTAux+^PTNegBegin|PTVerb:PTAux+^PTNegBegin+^PTNegation;*|*|+PTNegStop;stop expansion on conjugated verb after Partrel
907;70;PTNegation+PTNegBegin+^PTNaoAdj|PTPunctuation|*{1,3}^PTPunctuation|PTPunctuation|^PTAndOrBut+^PTConj;*|+PTNegBegin|+PTNegBegin|+PTNegBegin|+PTNegBegin;don't let an adverbial expression between commas interrupt the expansion
894;70;PTPrep+PTNegation|*PTNPC:PTDe:PTPrep:PTPrepart:PTList|PTVerb:PTPartrel;*|*|+PTNegStop;
910;70;PTPrep+PTNegation|.PTDefart:PTIndefart:PTNonrel:PTPosspron|*PTCon|PTDefart:PTIndefart:PTNonrel:PTPosspron;*|*|*|+PTNegStop;stop at concept after concept
862;70;PTNegStop+^typeConcept+^typeRelation+^typePathRelevant|typeConcept:typeRelation:typePathRelevant;*|+PTNegStop;move NegStop from nonrelevant to relevant lexrep
905;70;PTNegStop+^typeConcept+^typeRelation+^typePathRelevant|^typeConcept+^typeRelation+^typePathRelevant|typeConcept:typeRelation:typePathRelevant;*|*|+PTNegStop;move NegStop from nonrelevant to relevant lexrep
385;70;PTCon|PTPunctuation|PTVerb;^PTCon|PTPunctuation|^PTVerb+PTPosSentimentStop;
386;70;PTCon|PTPunctuation|PTVerb;^PTCon|PTPunctuation|^PTVerb+PTNegSentimentStop;
387;70;PTCon|PTPunctuation|PTPrep;^PTCon|PTPunctuation|^PTPrep+PTPosSentimentStop;
388;70;PTCon|PTPunctuation|PTPrep;^PTCon|PTPunctuation|^PTPrep+PTNegSentimentStop;
389;70;PTCon|PTPunctuation|PTPrepart;^PTCon|PTPunctuation|^PTPrepart+PTPosSentimentStop;
390;70;PTCon|PTPunctuation|PTPrepart;^PTCon|PTPunctuation|^PTPrepart+PTNegSentimentStop;
391;70;PTCon|PTPunctuation|PTPartrel;^PTCon|PTPunctuation|^PTPartrel+PTPosSentimentStop;
392;70;PTCon|PTPunctuation|PTPartrel;^PTCon|PTPunctuation|^PTPartrel+PTNegSentimentStop;
395;70;PTCon|PTPunctuation|PTConj;^PTCon|PTPunctuation|^PTConj+PTPosSentimentStop;
396;70;PTCon|PTPunctuation|PTConj;^PTCon|PTPunctuation|^PTConj+PTNegSentimentStop;
397;70;PTCon|PTPunctuation|PTComo;^PTCon|PTPunctuation|^PTComo+PTPosSentimentStop;
398;70;PTCon|PTPunctuation|PTComo;^PTCon|PTPunctuation|^PTComo+PTNegSentimentStop;
399;70;PTCon|PTPunctuation|PTCujo;^PTCon|PTPunctuation|^PTCujo+PTPosSentimentStop;
400;70;PTCon|PTPunctuation|PTCujo;^PTCon|PTPunctuation|^PTCujo+PTNegSentimentStop;
401;70;PTCon|PTPunctuation|PTAdv;^PTCon|PTPunctuation|^PTAdv+PTPosSentimentStop;
402;70;PTCon|PTPunctuation|PTAdv;^PTCon|PTPunctuation|^PTAdv+PTNegSentimentStop;
403;70;PTInf|PTPunctuation|PTAux;^PTInf|PTPunctuation|^PTAux+PTPosSentimentStop;
404;70;PTInf|PTPunctuation|PTAux;^PTInf|PTPunctuation|^PTAux+PTNegSentimentStop;
405;70;PTVerb|PTPunctuation|PTCon;^PTVerb|PTPunctuation|^PTCon+PTPosSentimentStop;
406;70;PTVerb|PTPunctuation|PTCon;^PTVerb|PTPunctuation|^PTCon+PTNegSentimentStop;
409;70;PTCon|PTAndOrBut|PTCon;^PTCon|-PTPosSentimentStop|^PTCon;to NOT make AndOrBut a sentimentstopper between two concepts
410;70;PTCon|PTAndOrBut|PTCon;^PTCon|-PTNegSentimentStop|^PTCon;to NOT make AndOrBut a sentimentstopper between two concepts
415;70;PTCon|PTCon|PTCon|PTPosSentiment;+PTPosSentimentBegin|^PTCon|^PTCon|^PTPosSentiment;
416;70;PTCon|PTCon|PTCon|PTNegSentiment;+PTNegSentimentBegin|^PTCon|^PTCon|^PTNegSentiment;
417;70;PTCon|PTCon|PTPosSentiment;+PTPosSentimentBegin|^PTCon|^PTPosSentiment;
418;70;PTCon|PTCon|PTNegSentiment;+PTNegSentimentBegin|^PTCon|^PTNegSentiment;
419;70;PTCon|PTPosSentiment;+PTPosSentimentBegin|^PTPosSentiment;
420;70;PTCon|PTNegSentiment;+PTNegSentimentBegin|^PTNegSentiment;
423;70;PTCon|PTRelpron|PTPosSentiment;+PTPosSentimentBegin|PTRelpron|^PTPosSentiment;
424;70;PTCon|PTRelpron|PTNegSentiment;+PTNegSentimentBegin|PTRelpron|^PTNegSentiment;
425;70;PTCon|PTAndOrBut|PTCon|PTPosSentiment;+PTPosSentimentBegin|PTAndOrBut|^PTCon|^PTPosSentiment;
426;70;PTCon|PTAndOrBut|PTCon|PTNegSentiment;+PTNegSentimentBegin|PTAndOrBut|^PTCon|^PTNegSentiment;
427;70;PTCon|PTDe|PTCon|PTPosSentiment;+PTPosSentimentBegin|PTDe|^PTCon|^PTPosSentiment;
428;70;PTCon|PTDe|PTCon|PTNegSentiment;+PTNegSentimentBegin|PTDe|^PTCon|^PTNegSentiment;
431;70;PTCon|PTDe|PTPosspron|PTCon|PTPosSentiment;+PTPosSentimentBegin|PTDe|^PTPosspron|^PTCon|^PTPosSentiment;
432;70;PTCon|PTDe|PTPosspron|PTCon|PTNegSentiment;+PTNegSentimentBegin|PTDe|^PTPosspron|^PTCon|^PTNegSentiment;
770;95;PTBeginrel;PTBeginrel;deletes Conj, Refl, etc. to avoid conflict with Beginrel
378;$;PTPunctuation;Punctuation;
