10;1;CapitalInitial;^SVCapitalInitial;rewriting mandatory label to a language-specific copy
11;1;CapitalMixed;^SVCapitalMixed;rewriting mandatory label to a language-specific copy
12;1;CapitalAll;^SVCapitalAll;rewriting mandatory label to a language-specific copy
336;1;Punctuation;SVPunctuation;rewriting mandatory label to a language-specific copy 10-10-2014-sde
727;1;UDNegation;+SVNegation;place before 730 and use + to avoid overwriting other UD-labels 28-05-2015-sde
728;1;UDPosSentiment;+SVPosSentiment+SVPosSentimentBegin;place before 730 and use + to avoid overwriting other UD-labels 28-05-2015-sde
729;1;UDNegSentiment;+SVNegSentiment+SVNegSentimentBegin;place before 730 and use + to avoid overwriting other UD-labels 28-05-2015-sde
730;1;UDConcept;UDConcept+SVCon;28-05-2015-sde
731;1;UDRelation;UDRelation+SVRel;28-05-2015-sde
732;1;UDNonRelevant;NonRelevant;28-05-2015-sde
538;10;"varken"|^"eller"|"eller";SVNegrel+SVNegation|+SVDummy|SVNegrel+SVNegation;08-01-2015-sde
539;10;"varken"|^"eller"|^"eller"|"eller";SVNegrel+SVNegation|+SVDummy|+SVDummy|SVNegrel+SVNegation;08-01-2015-sde
540;10;"varken"|^"eller"|^"eller"|^"eller"|"eller";SVNegrel+SVNegation|+SVDummy|+SVDummy|+SVDummy|SVNegrel+SVNegation;08-01-2015-sde
541;10;"varken"|^"eller"|^"eller"|^"eller"|^"eller"|"eller";SVNegrel+SVNegation|+SVDummy|+SVDummy|+SVDummy|+SVDummy|SVNegrel+SVNegation;08-01-2015-sde
542;10;"varken"|^"eller"|^"eller"|^"eller"|^"eller"|^"eller"|"eller";SVNegrel+SVNegation|+SVDummy|+SVDummy|+SVDummy|+SVDummy|+SVDummy|SVNegrel+SVNegation;08-01-2015-sde
543;10;"varken"|^"eller"|^"eller"|^"eller"|^"eller"|^"eller"|^"eller"|"eller";SVNegrel+SVNegation|+SVDummy|+SVDummy|+SVDummy|+SVDummy|+SVDummy|+SVDummy|SVNegrel+SVNegation;08-01-2015-sde
544;10;"varken"|^"eller"|^"eller"|^"eller"|^"eller"|^"eller"|^"eller"|^"eller"|"eller";SVNegrel+SVNegation|+SVDummy|+SVDummy|+SVDummy|+SVDummy|+SVDummy|+SVDummy|+SVDummy|SVNegrel+SVNegation;08-01-2015-sde
545;10;"varken"|^"eller"|^"eller"|^"eller"|^"eller"|^"eller"|^"eller"|^"eller"|^"eller"|"eller";SVNegrel+SVNegation|+SVDummy|+SVDummy|+SVDummy|+SVDummy|+SVDummy|+SVDummy|+SVDummy|+SVDummy|SVNegrel+SVNegation;08-01-2015-sde
546;10;"varken"+^SVNegrel;SVInte+SVNegation;default for varken if no eller is found, 08-01-2015-sde, added ^Negrel because of JDN190 24-09-2015-sde
547;10;"eller"+^SVNegrel;SVAndOrBut;default for eller if not preceded by varken, 08-01-2015-sde, added ^Negrel because of JDN190 24-09-2015-sde
16;40;SBegin|SVCapitalInitial;SBegin|-SVCapitalInitial;ignore capital at beginning of sentence
17;40;":"|SVCapitalInitial+^SVConIfCap;SVPunctuation|-SVCapitalInitial;ignore capital after colon
18;40;"-"|SVCapitalInitial;+SVDummy|-SVCapitalInitial;ignore capital after -
882;40;SBegin|SVLayout|SVCapitalInitial;SBegin|SVLayout|-SVCapitalInitial;ignore capital after *, 21-10-2015-sde
19;40;SVCapitalInitial+^SVIgnoreCap|SVCapitalInitial+^SVIgnoreCap;SVCon+SVCapitalInitial|SVCon+SVCapitalInitial;make capitalized words Concept, added +CapitalInitial to first Con too 26-10-2015-sde
813;40;SVsVerbPart+SVCapitalInitial+SVRegex;SVAdj+SVGen;to account for names, 25-06-2015-sde
172;40;SVConIfAllCap+SVCapitalAll;SVCon;make capitalized words Concept 05-09-2014-sde
21;40;SVConIfCap+SVCapitalInitial;SVCon+SVCapitalInitial;make capitalized words Concept
556;40;SVCapitalInitial|"i"+SVCapitalAll;SVCon|SVCon;recognize names with roman numeral I, 13-01-2015-sde
616;40;SVCapitalInitial|"&"|SVCapitalInitial;SVCon|Join|+Join;recognize names with &, 21-01-2015-sde, added "+" 15-06-2015-sde
14;40;":";+SVPunctuation;Punctuation is not assigned automatically since ":" is used in rules
860;40;"den"|SVOrdnumber|SVMonth|SVYear;SVAdvTime+SVAdv+SVDate|Join|Join|Join;02-09-2015-sde, corrected 02-11-2015-sde
861;40;"den"|SVNum|SVMonth|SVYear;SVAdvTime+SVAdv+SVDate|Join|Join|Join;02-09-2015-sde
862;40;"den"|SVOrdnumber|SVMonth|"år"|SVYear;SVAdvTime+SVAdv+SVDate|Join|Join|Join|Join;02-09-2015-sde, corrected 02-11-2015-sde
863;40;"den"|SVNum|SVMonth|"år"|SVYear;SVAdvTime+SVAdv+SVDate|Join|Join|Join|Join;02-09-2015-sde
908;40;"den"|SVOrdnumber|SVMonth|SVAdvTime;SVAdvTime+SVAdv+SVDate|Join|Join|Join;28-10-2015-sde, adapted 02-11-2015-sde
909;40;"den"|SVNum|SVMonth|SVAdvTime;SVAdvTime+SVAdv+SVDate|Join|Join|Join;28-10-2015-sde, adapted 02-11-2015-sde
858;40;"den"|SVOrdnumber|SVMonth;SVAdvTime+SVAdv+SVDate|Join|Join;28-08-2015-sde, corrected 02-11-2015-sde
859;40;"den"|SVNum|SVMonth;SVAdvTime+SVAdv+SVDate|Join|Join;28-08-2015-sde
736;40;"senast"|"år"|SVYear;SVAdvTime+SVAdv|Join|Join;time indication, specific exception for 735, 03-06-2015-sde, moved and changed 02-11-2015-sde
737;40;"senast"|SVMonth;SVAdvTime+SVAdv|+Join;03-06-2015-sde, moved and changed 02-11-2015-sde
914;40;SVYear|"och"|"framåt";SVYear|Join|Join;30-10-2015-sde, moved and adapted 02-11-2015-sde
915;40;SVMonth|"och"|"framåt";SVMonth|Join|Join;30-10-2015-sde, moved and adapted 02-11-2015-sde
735;40;^SVMonth+^SVbCon|"år"|SVYear;+SVDummy|SVAdvTime+SVAdv+SVDate|Join;time indication, 02-06-2015-sde, added left context 03-06-2015-sde, keeping label Year 18-06-2015-sde, added ^bCon to avoid interference with r418, moved and adapted 02-11-2015-sde
922;40;SVMonth|SVAdvTime+SVAdv;SVAdvTime+SVAdv+SVDate|Join;02-11-2015-sde
25;40;SVNumber|"plus";SVNumber|Join;04-07-2014-sde
864;40;^SVNum+^SVDecinum|SVPlussign|^SVNum+^SVDecinum+^SVPlussign;+SVDummy|SVAndOrBut|+SVDummy;03-09-2015-sde
119;40;SVIndefart|"man";SVIndefart|SVCon;22-08-2014-sde
122;40;SVIndefart|SVCon|"man";SVIndefart|SVAdj|SVCon;22-08-2014-sde
626;40;SVIndefart|SVAdj|"man";SVIndefart|SVAdj|SVCon;22-01-2015-sde, copy of 122 now that adjectives are partly labeled as such
332;40;SVAttrpron|"man";^SVAttrpron|SVCon;07-10-2014-sde
499;40;SVOrdnumber|"man";^SVOrdnumber|SVCon;18-12-2014-sde
144;40;"avseende"|SVCon;SVPrep|^SVCon;29-08-2014-sde, added ^ to preserve Conpart1 label 22-09-2014-sde
529;40;"avseende"|SVAdj;SVPrep|SVAdj;08-01-2015-sde
145;40;"avseende"|SVIndefart;SVPrep|SVIndefart;29-08-2014-sde
147;40;"avseende"|SVPrespart;SVPrep|SVCon;29-08-2014-sde
146;40;"avseende"+^SVPrep;SVCon;29-08-2014-sde, added ^Prep because of JDN190 24-09-2015-sde
169;40;"en"|SVPrep|SVNumber;SVNumber|SVPrep|SVNumber;03-09-2014-sde
383;40;"de"|SVpAux;SVSubjpron|SVpAux;05-11-2014-sde
384;40;"de"|SVmAux;SVSubjpron|SVmAux;05-11-2014-sde
385;40;"de"|SVVerb;SVSubjpron|SVVerb;05-11-2014-sde
386;40;"de"|SVVerbInf;SVSubjpron|SVVerb;05-11-2014-sde
907;40;SVPrep|"de"|SVSom;SVPrep|SVObjpron|^SVSom;28-10-2015-sde
289;40;SVPrep|"de"|^SVSom;SVPrep|SVDemonstr+SVDefart|+SVDummy;29-09-2014-sde, added ^Som to not interfer with r907 28-10-2015-sde
288;40;SVConj|"de"|^SVCon+^SVAdj;SVConj|SVSubjpron|+SVDummy;29-09-2014-sde, added Adj 08-01-2015-sde
827;40;SVIndefart|SVAnnan|SVCon;SVIndefart|SVAdj|^SVCon;30-06-2015-sde
828;40;SVIndefart|SVAnnan|SVAdj;SVIndefart|SVAdj|^SVCon;30-06-2015-sde
838;40;SVIndefart|SVAnnan|SVAdvAdj;SVIndefart|SVAttrpron+SVAdjpron|SVAdj;30-06-2015-sde
839;40;SVIndefart|"annat"|SVImpCon;SVIndefart|SVAdj|SVCon;30-06-2015-sde
868;40;SVIndefart|SVAnnan|SEnd;SVSubjpron+SVObjpron|+Join|SEnd;19-10-2015-sde, added + to join 2016-03-31-sde
877;40;SVIndefart|SVAnnan|SVPunctuation;SVSubjpron+SVObjpron|+Join|+SVDummy;20-10-2015-sde, added + to join 2016-03-31-sde
927;40;SVIndefart|SVAnnan|typeRelation;SVSubjpron+SVObjpron|+Join|+SVDummy;replaces r867+r869-878, 17-12-2015-sde, added + to join 2016-03-31-sde
829;40;SVIndefart|SVAnnan;SVIndefart|SVSubjpron+SVObjpron+SVAttrpron+SVAdjpron;default, 30-06-2015-sde, changed 19-10-2015-sde
830;40;"någon"|SVAnnan|SVCon;SVIndefart|SVAdj|^SVCon;30-06-2015-sde
831;40;"någon"|SVAnnan|SVAdj;SVIndefart|SVAdj|^SVCon;annan = adj before adjective or genitive, 30-06-2015-sde
832;40;"någon"|SVAnnan;SVSubjpron+SVObjpron+SVAttrpron|+Join;default, 30-06-2015-sde, added + to join 2016-03-31-sde
834;40;"något"|SVAnnan|SVCon;SVIndefart|SVAdj|^SVCon;30-06-2015-sde
837;40;"något"|SVAnnan|SVAdvAdj;SVIndefart|SVAttrpron+SVAdjpron|SVAdj;annat = adj before adjective or genitive, 30-06-2015-sde
840;40;"något"|"annat"|SVImpCon;SVIndefart|SVAdj|SVCon;att = adj before ImpCon, 30-06-2015-sde
836;40;"något"|SVAnnan;SVSubjpron+SVObjpron+SVAttrpron|+Join;default, 30-06-2015-sde, added + to join 2016-03-31-sde
833;40;SVAnnan;-SVAnnan;remove label to avoid conflicts, 30-06-2015-sde
816;40;SVDefart|"andra"|SVCon;SVDefart|SVAdj|^SVCon;andra = adj before non-specified concept, 29-06-2015-sde
820;40;SVDefart|"andra"|SVAdj;SVDefart|SVAdj|^SVAdj;andra = adj before adjective or genitive, 29-06-2015-sde
817;40;SVDefart|"andra"+^SVAdj;SVSubjpron+SVObjpron+SVAttrpron|+Join;default, 29-06-2015-sde, added ^Adj because of JDN190 24-09-2015-sde, added + to join 2016-03-31-sde
822;40;SVConpart1|"andra";SVAdj|SVAdj;29-06-2015-sde
823;40;SVGen|"andra";^SVGen|SVAdj;29-06-2015-sde
826;40;SVPossibleGennoun|"andra";^SVGen|SVAdj;29-06-2015-sde
824;40;SVNum|"andra";^SVNum|SVAdj;29-06-2015-sde
825;40;SVNumber|"andra";^SVNumber|SVAdj;29-06-2015-sde
821;40;"andra"|SVAndOrBut|SVOrdnumber;SVOrdnumber|^SVAndOrBut|^SVOrdnumber;29-06-2015-sde
819;40;"andra"+^SVAdj+^SVOrdnumber;SVSubjpron+SVObjpron+SVAttrpron+SVAdjpron;default, 29-06-2015-sde, added ^Adj and ^Ordnumber because of JDN190 24-09-2015-sde
299;40;SVPrep|"respektive"|^SVPrep+^SVPrepAdv;SVPrep|SVAdj|+SVDummy;01-10-2014-sde
302;40;SVConj|"respektive";SVPrep|SVAdj;01-10-2014-sde
300;40;SVPosspron|"respektive";SVPosspron|SVAdj;01-10-2014-sde
362;40;SVAttrpron+^SVSubjpron+^SVObjpron|"respektive";SVAttrpron|SVAdj;16-10-2014-sde
301;40;"respektive"+^SVAdj;SVAndOrBut;01-10-2014-sde, added ^Adj because of JDN190 24-09-2015-sde
500;40;"var"|SVOrdnumber+^"första";+SVAttrpron+SVAdjpron|^SVOrdnumber;18-12-2014-sde, changed 11-06-2015-sde
565;40;SVAdvDegree|SVNumber|SVTimeconcept|"senare";SVAdvTime+SVAdv|Join|Join|Join;14-01-2015-sde
566;40;SVAdvDegree|SVIndefart|SVTimeconcept|"senare";SVAdvTime+SVAdv|Join|Join|Join;14-01-2015-sde
568;40;SVAdvDegree|SVNum|SVTimeconcept|"senare";SVAdvTime+SVAdv|Join|Join|Join;14-01-2015-sde
562;40;SVNumber|SVTimeconcept|"senare";SVAdvTime+SVAdv|Join|Join;14-01-2015-sde
563;40;SVNum|SVTimeconcept|"senare";SVAdvTime+SVAdv|Join|Join;14-01-2015-sde
569;40;SVIndefart|SVTimeconcept|"senare";SVAdvTime+SVAdv|Join|Join;14-01-2015-sde
850;40;SVAttrpron|SVTimeconcept|"senare";SVAdvTime+SVAdv-SVAdjpron|Join|Join;25-08-2015-sde
851;40;SVTimeconcept|"senare";SVAdvTime+SVAdv|Join;25-08-2015-sde
847;40;SVDefart|"senare"|SVmAux;SVSubjpron+SVObjpron|Join|^SVmAux;25-08-2015-sde
848;40;SVDefart|"senare"|SVAux;SVSubjpron+SVObjpron|Join|^SVAux;25-08-2015-sde
849;40;SVDefart|"senare"|SVVerb;SVSubjpron+SVObjpron|Join|^SVVerb;25-08-2015-sde
564;40;"senare";SVAdvAdj+SVAdvTemp;14-01-2015-sde, changed AdvTime into AdvTemp 25-08-2015-sde
852;40;"för"|SVTimeconcept|"sedan";SVAdvTime+SVAdv|Join|Join;25-08-2014-sde
303;40;"för"|^SVTimeconcept|SVTimeconcept|"sedan";SVAdvTime+SVAdv|+Join|Join|Join;02-10-2014-sde, added + to join 2016-03-31-sde
304;40;"för"|^SVTimeconcept|^SVTimeconcept|SVTimeconcept|"sedan";SVAdvTime+SVAdv|+Join|+Join|Join|Join;02-10-2014-sde, added + to join 2016-03-31-sde
307;40;"för"|^SVTimeconcept|^SVTimeconcept|^SVTimeconcept|SVTimeconcept|"sedan";SVAdvTime+SVAdv|+Join|+Join|+Join|Join|Join;02-10-2014-sde, added + to join 2016-03-31-sde
308;40;"för"|^SVTimeconcept|^SVTimeconcept|^SVTimeconcept|^SVTimeconcept|SVTimeconcept|"sedan";SVAdvTime+SVAdv|+Join|+Join|+Join|+Join|Join|Join;02-10-2014-sde, added + to join 2016-03-31-sde
916;40;"sedan"|SVTimeconcept|"tillbaka";SVAdvTime|Join|Join;30-10-2015-sde
917;40;"sedan"|^SVTimeconcept|SVTimeconcept|"tillbaka";SVAdvTime+SVAdv|+Join|Join|Join;30-10-2015-sde, added + to join 2016-03-31-sde
918;40;"sedan"|^SVTimeconcept|^SVTimeconcept|SVTimeconcept|"tillbaka";SVAdvTime+SVAdv|+Join|+Join|Join|Join;30-10-2015-sde, added + to join 2016-03-31-sde
919;40;"sedan"|^SVTimeconcept|^SVTimeconcept|^SVTimeconcept|SVTimeconcept|"tillbaka";SVAdvTime+SVAdv|+Join|+Join|+Join|Join|Join;30-10-2015-sde, added + to join 2016-03-31-sde
309;40;SVSedan|SVCon;SVPrep|SVCon;01-10-2014-sde
528;40;SVSedan|SVAdj;SVPrep|SVAdj;08-01-2015-sde
310;40;SVSedan|SVYear;SVPrep|SVYear;01-10-2014-sde
906;40;SVSedan|SVAdvTime;SVPrep|^SVAdvTime;28-10-2015-sde
323;40;SVSedan|SVSubjpron+^SVAttrpron;SVConj|^SVSubjpron;06-10-2014-sde
325;40;SVPunctuation|SVSedan|SVIndefart;SVPunctuation|SVAdvStruct+SVAdv|SVIndefart;06-10-2014-sde TO BE EVALUATED
324;40;SVSedan|SVIndefart;SVConj|SVIndefart;06-10-2014-sde
329;40;SVSedan|SVPosspron;SVConj|SVPosspron;06-10-2014-sde
326;40;SVSedan|SVNum;SVPrep|^SVNum;06-10-2014-sde
327;40;SVSedan|SVNumber;SVPrep|^SVNumber;06-10-2014-sde
330;40;SVSedan|"slutet";SVPrep|SVCon;06-10-2014-sde
331;40;SVSedan|"i";SVPrep|SVPrep;07-10-2014-sde, refine later by adding Time as right context
311;40;SVSedan+^SVPrep+^SVAdv;SVAdvStruct+SVAdv;01-10-2014-sde, added ^Prep and ^Adv to avoid interference with lexreps 28-01-2015-sde and 30-01-2015-sde
476;40;"dagen"|"efter"|SEnd;SVAdvTime+SVAdv|Join|SEnd;16-12-2014-sde
477;40;"dagen"|"efter"|SVVerb;SVAdvTime+SVAdv|Join|+SVDummy;16-12-2014-sde
478;40;"dagen"|"efter"|SVVerbPart;SVAdvTime+SVAdv|Join|+SVDummy;16-12-2014-sde
479;40;"dagen";SVCon;16-12-2014-sde
340;40;"någonting"|SVAdvAdj;SVAttrpron|SVAdj;to avoid that prep-någonting becomes NR when någonting belongs to an adjective 15-10-2014-sde, changed Adj into AdvAdj 05-08-2015-sde
341;40;"någonting"|SVCon;SVAttrpron|SVCon;same as previous rule: most adjectives are not labeled as such 15-10-2014-sde
841;40;"någonting"|SVPart;SVAttrpron|SVAdj;to avoid that prep-någonting becomes NR when någonting belongs to an participle-adjective 05-08-2015-sde
342;40;"nånting"|SVAdvAdj;SVAttrpron|SVAdj;to avoid that prep-någonting becomes NR when någonting belongs to an adjective 15-10-2014-sde, changed Adj into AdvAdj 05-08-2015-sde
343;40;"nånting"|SVCon;SVAttrpron|SVCon;same as previous rule: most adjectives are not labeled as such 15-10-2014-sde
344;40;SVPrep|"detsamma";^SVPrep|SVObjpron;not frequent, 15-10-2014-sde
345;40;"detsamma"|SVVerb;SVSubjpron|SVVerb;15-10-2014-sde
346;40;"detsamma"|SVAux;SVSubjpron|SVAux;15-10-2014-sde
347;40;"detsamma"|SVpAux;SVSubjpron|SVpAux;15-10-2014-sde
348;40;"detsamma"|SVmAux;SVSubjpron|SVmAux;15-10-2014-sde
349;40;"detsamma"|SVVerbPart;SVSubjpron|SVVerb;15-10-2014-sde
363;40;SVSom|"sådan"|^SVCon;SVCon+NonRelevant|Join|+SVDummy;16-10-2014-sde, REVIEW THESE LABELS?
366;40;SVSom|"sådant"|^SVCon;SVCon+NonRelevant|Join|+SVDummy;20-10-2014-sde, REVIEW THESE LABELS?
502;40;"omkring"|SVNum|SVCon;SVAdvDegree+SVAdv|^SVNum|^SVCon;18-12-2014-sde
497;40;"omkring"|SVNum+^SVYear;SVAdvDegree+SVAdv|^SVNum;18-12-2014-sde
501;40;"omkring"|SVNumber;SVAdvDegree+SVAdv|^SVNumber;18-12-2014-sde
755;40;"omkring"|"var";SVAdvDegree+SVAdv|+SVDummy;11-06-2015-sde
498;40;"omkring"+^SVAdvDegree;SVPrep;18-12-2014-sde, added ^AdvDegree because of JDN190 24-09-2015-sde
507;40;SVPrep|"få";^SVPrep|SVAdj;18-12-2014-sde
524;40;SVPrep|"visst";^SVPrep|SVAttrpron;23-12-2014-sde
583;40;"mer"|"än"|SVNum+^SVYear;SVAdvDegree+SVAdv|Join|^SVNum;15-01-2015-sde
584;40;"mer"|"än"|SVNumber;SVAdvDegree+SVAdv|Join|^SVNumber;15-01-2015-sde
587;40;"mindre"|"än"|SVNum+^SVYear;SVAdvDegree+SVAdv|Join|^SVNum;15-01-2015-sde
588;40;"mindre"|"än"|SVNumber;SVAdvDegree+SVAdv|Join|^SVNumber;15-01-2015-sde
585;40;"mer";SVAdvAdj+SVAdvDegree;default 15-01-2015-sde
589;40;"mindre";SVAdvAdj+SVAdvDegree;default 15-01-2015-sde
853;40;SVAdvTemp|"än";SVAndOrBut|Join;25-08-2015-sde
854;40;SVAdvFreq|"än";SVAndOrBut|Join;25-08-2015-sde
904;40;"fler"|"än"|SVNum;SVAdvDegree|Join|^SVNum;28-10-2015-sde
905;40;"fler"|"än"|SVNumber;SVAdvDegree|Join|^SVNumber;28-10-2015-sde
586;40;"än";SVAndOrBut;default 15-01-2015-sde
369;40;SVCon|"då"|SVCon;^SVCon|SVRelpron-SVAdvStruct-SVAdv|^SVCon;21-10-2014-sde
370;40;SVCon|"då"|SVSubjpron;^SVCon|SVRelpron-SVAdvStruct-SVAdv|^SVSubjpron;21-10-2014-sde
371;40;SVCon|"då"|SVAttrpron;^SVCon|SVRelpron-SVAdvStruct-SVAdv|^SVAttrpron;21-10-2014-sde
372;40;SVCon|"då"|SVIndefart;^SVCon|SVRelpron-SVAdvStruct-SVAdv|SVIndefart;22-10-2014-sde
534;40;SVCon|"då"|SVAdj;^SVCon|SVRelpron-SVAdvStruct-SVAdv|^SVAdj;08-01-2015-sde
627;40;SVAdj|"då"|SVCon;^SVAdj|SVRelpron-SVAdvStruct-SVAdv|^SVCon;copy of 369 for Adj, 22-01-2015-sde, only 1 example found so far
628;40;SVAdj|"då"|SVSubjpron;^SVAdj|SVRelpron-SVAdvStruct-SVAdv|^SVSubjpron;copy of 370 for Adj, 22-01-2015-sde
629;40;SVAdj|"då"|SVAttrpron;^SVAdj|SVRelpron-SVAdvStruct-SVAdv|^SVAttrpron;copy of 371 for Adj, 22-01-2015-sde
630;40;SVAdj|"då"|SVIndefart;^SVAdj|SVRelpron-SVAdvStruct-SVAdv|SVIndefart;copy of 372 for Adj, 22-01-2015-sde
631;40;SVAdj|"då"|SVAdj;^SVAdj|SVRelpron-SVAdvStruct-SVAdv|^SVAdj;copy of 534 for Adj, 22-01-2015-sde
667;40;"då"|SVSubjpron|^SVCon+^SVAdj+^SVPrespart+^SVSom;SVRelpron-SVAdvStruct-SVAdv|^SVSubjpron|+SVDummy;general rule to extend 370 and 628, 17-02-2015-sde
668;40;^SVmAux+^SVpAux|"då"|SVCon;+SVDummy|SVRelpron-SVAdvStruct-SVAdv|^SVCon;extension of 369 and 627, 17-02-2015-sde
671;40;SVComma|"då"|^SVmAux+^SVpAux+^SVAux+^SVVerb+^SVVerbInf;SVPunctuation|SVRelpron-SVAdvStruct-SVAdv|+SVDummy;18-02-2015-sde
761;40;SVAndOrBut|"då"|SVAttrpron;SVAndOrBut|SVRelpron-SVAdvStruct-SVAdv|^SVAttrpron;15-06-2015-sde
636;40;SBegin|"då"|SVSubjpron;SBegin|SVRelpron-SVAdvStruct-SVAdv|^SVSubjpron;23-01-2015-sde
637;40;SBegin|"då"|SVCon;SBegin|SVRelpron-SVAdvStruct-SVAdv|^SVCon;23-01-2015-sde
638;40;SBegin|"då"|SVAdj;SBegin|SVRelpron-SVAdvStruct-SVAdv|^SVAdj;23-01-2015-sde
639;40;SVYear|"då";^SVYear|SVRelpron-SVAdvStruct-SVAdv;23-01-2015-sde
379;40;SVCon|"där"|^SVVerb+^SVVerbInf+^SVmAux+^SVpAux+^SVAux+^SVVerbPart+^SVPrep+^SVAndOrBut;^SVCon|SVRelpron-SVAdvPlace-SVAdv|+SVDummy;23-10-2014-sde, changed AdvPlace into AdvPlaceNR 16-01-2015-sde, added ^Prep ^AndOrBut 19-02-2015-sde, changed AdvPlaceNR back into AdvPlace 02-11-2015-sde
676;40;"där"|SVCon|^SVSom;SVRelpron-SVAdvPlace-SVAdv|^SVCon|+SVDummy;19-02-2015-sde, changed AdvPlaceNR into AdvPlace 02-11-2015-sde
679;40;SBegin|"där"|SVCon;SBegin|SVRelpron-SVAdvPlace-SVAdv|^SVCon;19-02-2015-sde, changed AdvPlace back into AdvPlace 02-11-2015-sde
412;40;"där"|SVSubjpron;SVRelpron-SVAdvPlace-SVAdv|^SVSubjpron;18-11-2014-sde, changed AdvPlace into AdvPlaceNR 16-01-2015-sde, changed AdvPlaceNR back into AdvPlace 02-11-2015-sde
677;40;"där"|SVIndefart;SVRelpron-SVAdvPlace-SVAdv|^SVIndefart;19-12-2015-sde, changed AdvPlaceNR into AdvPlace 02-11-2015-sde
413;40;SVPunctuation|"där"|^SVVerb+^SVVerbInf+^SVmAux+^SVpAux+^SVAux+^SVVerbPart;SVPunctuation|SVRelpron-SVAdvPlace-SVAdv|+SVDummy;18-11-2014-sde, changed AdvPlace into AdvPlaceNR 16-01-2015-sde, changed AdvPlaceNR back into AdvPlace 02-11-2015-sde
387;40;"en"|"del"|^SVCon+^SVAdj;SVIndefart|SVCon+SVAdj|+SVDummy;06-11-2014-sde, tried +Conpart1 -> too strong -> added +Adj 08-06-2015-sde
388;40;"en"|"del"+^SVCon;SVAttrpron+SVAdjpron|Join;06-11-2014-sde, added ^Con because of JDN190 24-09-2015-sde
389;40;"del"+^SVAdj;SVCon;default, 06-11-2014-sde, added ^Adj because of JDN190 24-09-2015-sde
470;40;"men"|SEnd;SVCon|SEnd;11-12-2014-sde
481;40;"inte"|"ens"|SVNum;SVAdvDegree+SVAdv+SVNegation|Join|^SVNum;16-12-2014-sde
482;40;"inte"|"ens"|SVNumber;SVAdvDegree+SVAdv+SVNegation|Join|^SVNumber;16-12-2014-sde
483;40;"ens"|SVCon;SVPosspron|^SVCon;16-12-2014-sde
484;40;"ens";SVAdvStruct+SVAdv;16-12-2014-sde
602;40;SVPrep|SVFast;^SVPrep|SVAdj;20-01-2015-sde
603;40;SVAttrpron|SVFast;^SVAttrpron|SVAdj;20-01-2015-sde
604;40;SVIndefart|SVFast;^SVIndefart|SVAdj;20-01-2015-sde
605;40;SVDefart|SVFast;^SVDefart|SVAdj;20-01-2015-sde
606;40;SVpAux|SVFast;SVpAux|SVAdvAdj+SVAdvManner;20-01-2015-sde
607;40;SVFast;SVVerbpt2;20-01-2015-sde, ignoring that it can be an R-adverb
608;40;SVRunt|SVNum+^SVYear;SVAdvDegree+SVAdv|^SVNum;20-01-2015-sde
609;40;SVRunt|SVNumber;SVAdvDegree+SVAdv|SVNumber;20-01-2015-sde
612;40;SVIndefart|SVRunt;^SVIndefart|SVAdj;20-01-2015-sde
610;40;SVRunt;SVPrep;20-01-2015-sde
615;40;SVAdvDegree|SVIndefart|SVTimeconcept;^SVAdvDegree|SVNumber|^SVTimeconcept;20-01-2015-sde
713;40;^SVCon|"över"|SVNum+^SVDecinum;+SVDummy|SVAdvDegree+SVAdv|^SVNum;05-03-2015-sde
714;40;SBegin|"över"|SVNum+^SVDecinum;SBegin|SVAdvDegree+SVAdv|^SVNum;05-03-2015-sde
618;40;"över"|SVNum+^SVDecinum|"år";SVCon|Join|Join;22-01-2015-sde
619;40;"under"|SVNum+^SVDecinum|"år";SVCon|Join|Join;22-01-2015-sde
650;40;SVGen|"andra";^SVGen|SVAdj;27-01-2015-sde
682;40;"rent"|SVAdvAdj;SVAdvDegree+SVAdv|^SVAdvAdj;20-02-2015-sde
683;40;"rent"+^SVAdvDegree;SVAdvAdj+SVAdvManner;20-02-2015-sde, added ^AdvDegree because of JDN190 24-09-2015-sde
723;40;SVAdvAdj|"sett";^SVAdv|Join;experiment 25-02-2015-sde, added after feedback MS 06-05-2015-sde, add restriction ^AdvTime???
724;40;"sett";SVPartSup;experiment from 25-02-2015-sde, added after feedback MS 06-05-2015-sde
698;40;SVSaa|SVAdvAdj|SVSom|"möjligt";SVAdv+SVAdvManner|+Join|Join|Join;26-02-2015-sde, added + to join 2016-03-31-sde
699;40;"möjligt";SVAdvAdj+SVAdvModal;26-02-2015-sde
733;40;SVNum|"§"|SVCapitalInitial;^SVNum|SVeCon|^SVCapitalInitial;on request of MS, 02-06-2015-sde
734;40;"§"+^SVeCon;SVCon;default 02-06-2015-sde, added ^eCon because of JDN190 24-09-2015-sde
22;40;SVNum|"-"|SVNum;SVCon|Join|Join;avoid that hyphen becomes nonrelevant between numbers 02-07-2014-sde
13;40;SVPrepCon;SVPrep;preliminary default
721;40;SVPossibleGennoun|SVCon;SVAdj+SVGen|^SVCon;23-03-2015-sde
910;40;SVPrepAdv|SVComma;^SVAdv|^SVComma;29-10-2015-sde
35;40;SVPrepAdv|^SVInf+^SVVerb+^SVVerbInf+^SVAux+^SVpAux+^SVmAux+^SVSup+^SVAndOrBut;SVPrep|+SVDummy;preliminary default, added right context 29-10-2015-sde
925;40;SVPrepAdv;-SVPrepAdv;avoid conflicting labels in output 17-12-2015-sde
593;40;SVIndefart|SVPossCon;^SVIndefart|SVCon;15-01-2015-sde, corrected 21-10-2015-sde
592;40;SVAdj|SVPossCon;^SVAdj|SVCon;15-01-2015-sde
880;40;SVNum|"min";^SVNum|SVCon;21-10-2015-sde
881;40;SVPossCon|SVPrep;SVCon|^SVPrep;21-10-2015-sde
879;40;SVPossCon;SVPosspron;default, 21-10-2015-sde
56;40;SVmAux|SVVerbInf;SVmAux|SVInf;08-08-2014-sde
24;40;SBegin|SVVerbInfAdjCon;SBegin|SVAdj;04-07-2014-sde
26;40;SVAtt|SVVerbInfAdjCon;SVAtt|SVInf;04-07-2014-sde
27;40;SVmAux|SVVerbInfAdjCon;SVmAux|SVInf;04-07-2014-sde
46;40;SVmAux|SVAdv|SVVerbInfAdjCon;SVmAux|^SVAdv|SVInf;06-08-2014-sde
48;40;SVAux|SVVerbInfAdjCon;SVAux|SVAdjCon;06-08-2014-sde
28;40;SVDefart|SVVerbInfAdjCon;SVDefart|SVAdjCon;04-072014-sde
40;40;SVIndefart|SVVerbInfAdjCon;SVIndefart|SVAdjCon;06-08-2014-sde
489;40;SVAdvDegree|SVVerbInfAdjCon;^SVAdvDegree|SVAdj;17-12-2014-sde
29;40;SVPrep|SVVerbInfAdjCon;SVPrep|SVAdjCon;04-07-2014-sde
508;40;SVPrep|SVAttrpron|SVVerbInfAdjCon;SVPrep|^SVAttrpron|SVAdjCon;18-12-2014-sde
41;40;SVVerb|SVVerbInfAdjCon;SVVerb|SVAdjCon;06-08-2014-sde
42;40;SVInf|SVVerbInfAdjCon;SVInf|SVAdjCon;06-08-2014-sde
43;40;SVVerbInf|SVVerbInfAdjCon;SVVerbInf|SVAdjCon;06-08-2014-sde
249;40;SVConpart1|SVVerbInfAdjCon;SVCon|SVAdjCon;22-09-2014-sde
45;40;SVVerbInfAdjCon|SVRefl;SVVerbInf|SVRefl;06-08-2014-sde
30;40;SVVerbInfAdjCon|SVObjpron;SVVerb|SVObjpron;07-07-2014-sde
47;40;SVVerbInfAdjCon|SVIndefart;SVVerb|SVIndefart;06-08-2014-sde
73;40;SVVerbInfAdjCon|SVVerbpt2;SVInf|SVVerbpt2;13-08-2014-sde
59;40;SVVerbInfAdjCon;SVAdjCon;default 06-08-2014-sde
76;40;SVAtt|SVVerbInfCon;SVAtt|SVInf;13-08-2014-sde
594;40;SVAtt|SVInte|SVVerbInfCon;SVAtt|SVInte|SVInf;15-01-2015-sde
77;40;SVmAux|SVVerbInfCon;SVmAux|SVInf;13-08-2014-sde
94;40;SVmAux|SVInte|SVVerbInfCon;SVmAux|SVNegrel|SVInf;18-08-2014-sde
78;40;SVmAux|SVAdv|SVVerbInfCon;SVmAux|^SVAdv|SVInf;13-08-2014-sde
97;40;SVmAux|SVAdv|SVInte|SVVerbInfCon;SVmAux|^SVAdv|SVNegrel|SVInf;19-08-2014-sde
90;40;SVmAux|SVAdvCon|SVVerbInfCon;SVmAux|^SVAdv|SVInf;13-08-2014-sde
87;40;SVmAux|SVSubjpron+^SVAttrpron|SVVerbInfCon;SVmAux|SVSubjpron|SVInf;13-08-2014-sde
96;40;SVmAux|SVSubjpron+^SVAttrpron|SVAdv|SVVerbInfCon;SVmAux|SVSubjpron|^SVAdv|SVInf;19-08-2014-sde no examples in devcorpus
95;40;SVmAux|SVSubjpron+^SVAttrpron|SVAdvCon|SVVerbInfCon;SVmAux|SVSubjpron|^SVAdv|SVInf;19-08-2014-sde
808;40;SVmAux|SVCon|SVVerbInfCon;SVmAux|^SVCon|SVInf;23-06-2015-sde
645;40;SVVerbInfCon+SVSForm|SEnd;SVVerb|SEnd;23-01-2015-sde, low-frequent and mostly covered by other rules
250;40;SVConpart1|SVVerbInfCon;SVCon|SVCon;22-09-2014-sde
80;40;SVVerbInfCon|SVRefl;SVVerbInf|SVRefl;13-08-2014-sde
79;40;SVAux|SVVerbInfCon;SVAux|SVAdjCon;13-08-2014-sde
86;40;SVVerbInfCon|SVVerbpt2;SVInf|SVVerbpt2;13-08-2014-sde, moved to be before 81 18-08-2014-sde
81;40;SVDefart|SVVerbInfCon+^SVSForm;SVDefart|SVAdjCon;13-08-2014-sde, not perfect, but still an improvement, added ^SForm 10-06-2015-sde
82;40;SVIndefart|SVVerbInfCon;SVIndefart|SVAdjCon;13-08-2014-sde
678;40;SVAdj|SVVerbInfCon;^SVAdj|SVCon;19-02-2015-sde
83;40;SVPrep|SVVerbInfCon;SVPrep|SVAdjCon;13-08-2014-sde, corrected VerbInfAdjCon->VerbInfCon 18-12-2014-sde
84;40;SVVerbInfCon|SVObjpron;SVVerb|SVObjpron;13-08-2014-sde
168;40;SVVerbInfCon|SVSubjpron+^SVAttrpron;SVVerb|SVSubjpron;03-09-2014-sde
88;40;SVSubjpron+^SVAttrpron|SVVerbInfCon;SVSubjpron|SVVerb;13-08-2014-sde
807;40;^SVpAux+^SVVerb+^SVInf+^SVVerbInf+^SVAux+^SVComma|SVAdv|SVVerbInfCon;+SVDummy|^SVAdv|SVVerb;23-06-2015-sde
551;40;SVVerbInfCon+SVSForm;SVVerb;default 12-01-2015-sde
89;40;SVVerbInfCon;SVCon;preliminary default 13-08-2014-sde
106;40;SVmAux|SVVara;SVmAux|SVpAux;19-08-2014-sde
527;40;"en"|SVAdj|SVVara;SVIndefart|SVAdj|SVCon;08-01-2015-sde
771;40;"en"|SVAdvDegree|SVAdj|SVVara;SVIndefart|^SVAdvDegree|SVAdj|SVCon;22-06-2015-sde
578;40;SVVara;SVpAux;new default rule for vara, 15-01-2015-sde
260;40;SVAtt|SVVerbInfPart;SVAtt|SVInf;23-09-2014-sde
261;40;SVmAux|SVVerbInfPart;SVmAux|SVInf;23-09-2014-sde
262;40;SVmAux|SVInte|SVVerbInfPart;SVmAux|SVNegrel|SVInf;23-09-2014-sde
263;40;SVmAux|SVAdv|SVVerbInfPart;SVmAux|^SVAdv|SVInf;23-09-2014-sde
264;40;SVmAux|SVAdv|SVInte|SVVerbInfPart;SVmAux|^SVAdv|SVNegrel|SVInf;23-09-2014-sde
265;40;SVmAux|SVAdvCon|SVVerbInfPart;SVmAux|^SVAdv|SVInf;23-09-2014-sde, theoretically possible but no example found.
266;40;SVmAux|SVSubjpron+^SVAttrpron|SVVerbInfPart;SVmAux|SVSubjpron|SVInf;23-09-2014-sde
267;40;SVmAux|SVSubjpron+^SVAttrpron|SVAdv|SVVerbInfPart;SVmAux|SVSubjpron|^SVAdv|SVInf;23-09-2014-sde
268;40;SVmAux|SVSubjpron+^SVAttrpron|SVAdvCon|SVVerbInfPart;SVmAux|SVSubjpron|^SVAdv|SVInf;23-09-2014-sde, theoretically possible, but no example found.
269;40;SVConpart1|SVVerbInfPart;SVCon|SVAdj;23-09-2014-sde
270;40;SVVerbInfPart|SVRefl;SVVerbInf|SVRefl;23-09-2014-sde
271;40;SVAux|SVVerbInfPart;SVAux|SVPart;23-09-2014-sde, very low-frequent
272;40;SVVerbInfPart|SVVerbpt2;SVVerbInf|SVVerbpt2;23-09-2014-sde
273;40;SVVerbInfPart;SVVerbPart;23-09-2014-sde
31;40;SVAtt|SVInfPart;SVAtt|SVInf;10-07-2014-sde
32;40;SVmAux|SVInfPart;SVmAux|SVInf;10-07-2014-sde
33;40;SVmAux|SVSubjpron+^SVAttrpron|SVInfPart;SVmAux|SVSubjpron|SVInf;10-07-2014-sde
60;40;SVmAux|^SVInfPart|SVInfPart;SVmAux|+SVDummy|SVInf;09-08-2014-sde
58;40;SVpAux|SVInfPart;SVpAux|SVVerb;09-08-2014-sde
251;40;SVConpart1|SVInfPart;SVCon|SVAdj;22-09-2014-sde, no examples in corpora -> very low-frequent
74;40;SVInfPart|SVVerbpt2;SVInf|SVVerbpt2;13-08-2014-sde
107;40;SVDefart|SVInfPart;SVDefart|SVAdj;19-08-2014-sde
108;40;SVPrep|SVInfPart;SVPrep|SVAdj;19-08-2014-sde
142;40;SVAttrpron|SVInfPart;^SVAttrpron|SVAdj;28-08-2014-sde
36;40;SVInfPart;SVVerb;PRELIMINARY DEFAULT 06-08-2014-sde
51;40;SVAtt|SVInfCon;SVAtt|SVInf;07-08-2014-sde
49;40;SVmAux|SVInfCon;SVmAux|SVInf;07-08-2014-sde
50;40;SVmAux|SVSubjpron+^SVAttrpron|SVInfCon;SVmAux|SVSubjpron|SVInf;07-08-2014-sde
52;40;SVmAux|SVAdv|SVInfCon;SVmAux|^SVAdv|SVInf;07-08-2014-sde
91;40;SVmAux|SVAdvCon|SVInfCon;SVmAux|^SVAdv|SVInf;13-08-2014-sde, no examples in devcorpus or europarl-part1
54;40;SVmAux|^SVInfCon|SVInfCon;SVmAux|+SVDummy|SVInf;07-08-2014-sde
252;40;SVConpart1|SVInfCon;SVCon|SVCon;22-09-2014-sde
53;40;SVInfCon|SVRefl;SVInf|SVRefl;07-08-2014-sde
55;40;SVmAux|SVInf|SVAndOrBut|SVInfCon;SVmAux|SVInf|SVAndOrBut|SVInf;08-08-2014-sde
75;40;SVInte|SVInfCon;SVNegrel|SVInf;13-08-2014-sde
72;40;SVInfCon|SVVerbpt2;SVInf|SVVerbpt2;13-08-2014-sde
70;40;SVPosspron|SVInfCon;SVPosspron|SVCon;13-08-2014-sde
131;40;SVIndefart|SVInfCon;SVIndefart|SVCon;25-08-2014-sde
133;40;SVPrep|SVInfCon;SVPrep|SVCon;25-08-2014-sde
132;40;SVInfCon|SVCon;SVInf|^SVCon;PRELIMINARY DEFAULT 25-08-2014-sde, added ^ to preserve Conpart1 label 22-09-2014-sde
537;40;SVInfCon|SVAdj;SVInf|^SVAdj;08-01-2015-sde
510;40;SVInfCon|SVIndefart;SVInf|^SVIndefart;18-12-2014-sde
742;40;SVSInfCon;SVInf;default for s-forms, 04-06-2015-sde
773;40;SVInfCon+SVPreferRelation;SVInf;default for selected words, see lexreps, 22-06-2015-sde
57;40;SVInfCon;SVCon;PRELIMINARY DEFAULT 07-08-2014-sde
98;40;SVmAux|SVVerbInfAdj;SVmAux|SVInf;19-08-2014-sde
99;40;SVmAux|SVSubjpron+^SVAttrpron|SVVerbInfAdj;SVmAux|SVSubjpron|SVInf;19-08-2014-sde
100;40;SVmAux|SVAdv|SVVerbInfAdj;SVmAux|^SVAdv|SVInf;19-08-2014-sde
140;40;SVmAux|SVInte|SVVerbInfAdj;SVmAux|SVNegrel|SVInf;28-08-2014-sde
548;40;SVpAux|SVVerbInfAdj;SVpAux|SVAdj;08-01-2015-sde
745;40;SVpAux|SVSaa|SVVerbInfAdj;SVpAux|^SVSaa|SVAdj;04-06-2015-sde
550;40;SVAux|SVVerbInfAdj;SVAux|SVAdj;12-01-2015-sde
253;40;SVConpart1|SVVerbInfAdj;SVCon|SVAdj;22-09-2014-sde
101;40;SVVerbInfAdj|SVRefl;SVInf|SVRefl;19-08-2014-sde
491;40;SVVerbInfAdj|SVObjpron;SVInf|^SVObjpron;11-12-2014-sde
102;40;SVVerbInfAdj|SVVerbpt2;SVInf|SVVerbpt2;19-08-2014-sde
135;40;SVPrep|SVVerbInfAdj;SVPrep|SVAdj;27-08-2014-sde
596;40;SVPrep+^SVConj|SVDefart|SVVerbInfAdj|SVCon;^SVPrep|SVDefart|SVAdj|SVCon;16-01-2015-sde
138;40;SVIndefart|SVVerbInfAdj;SVIndefart|SVAdj;28-08-2014-sde
139;40;SVPosspron|SVVerbInfAdj;SVPosspron|SVAdj;28-08-2014-sde
509;40;SVDemonstr|SVVerbInfAdj;SVDemonstr|SVAdj;18-12-2014-sde
141;40;SVAttrpron|SVVerbInfAdj;^SVAttrpron|SVAdj;28-08-2014-sde
490;40;SVAdvDegree|SVVerbInfAdj;^SVAdvDegree|SVAdj;17-12-2014-sde
774;40;SVGen|SVVerbInfAdj;^SVGen|SVAdj;22-06-2015-sde
580;40;SVVerb|SVVerbInfAdj|SVCon;SVVerb|SVAdj|^SVCon;15-01-2015-sde
812;40;SVVerb|SVAdv|SVVerbInfAdj|SVCon;SVVerb|^SVAdv|SVAdj|^SVCon;25-06-2015-sde
590;40;SVInf|SVVerbInfAdj;SVInf|SVAdj;15-01-2015-sde
591;40;SVVerbInf|SVVerbInfAdj;SVVerbInf|SVAdj;15-01-2015-sde
666;40;SVVerb|SVVerb|SVVerbInfAdj;SVVerb|SVVerb|SVAdj;16-02-2015-sde
137;40;SVVerbInfAdj;SVVerb;PRELIMINARY DEFAULT 27-08-2014-sde
279;40;SVmAux|SVInfAdj;SVmAux|SVInf;24-09-2014-sde
282;40;SVmAux|SVSubjpron+^SVAttrpron|SVInfAdj;SVmAux|SVSubjpron|SVInf;24-09-2014-sde
283;40;SVmAux|SVAdv|SVInfAdj;SVmAux|^SVAdv|SVInf;24-09-2014-sde
284;40;SVmAux|SVInte|SVInfAdj;SVmAux|SVNegrel|SVInf;24-09-2014-sde
280;40;SVAtt|SVInfAdj;SVAtt|SVInf;24-09-2014-sde
285;40;SVInfAdj|SVRefl;SVInf|SVRefl;24-09-2014-sde
286;40;SVInfAdj|SVVerbpt2;SVInf|SVVerbpt2;24-09-2014-sde
647;40;SVPrep|SVInfAdj;^SVPrep|SVAdj;27-01-2015-sde
281;40;SVInfAdj|SVCon;SVAdj|SVCon;PRELIMINARY DEFAULT 24-09-2014-sde
287;40;SVInfAdj;SVInf;PRELIMINARY DEFAULT 24-09-2014-sde
314;40;SVAux|SVPartSupCon;SVAux|SVSup;02-10-2014-sde
318;40;SVAux|SVAdv|SVPartSupCon;SVAux|^SVAdv|SVSup;02-10-2014-sde
707;40;SVAux|SVAdvAdj+SVAdvTime|SVPartSupCon;SVAux|^SVAdv+SVAdvTime|SVSup;04-03-2015-sde, no examples in corpora
708;40;SVAux|SVAdvAdj+SVAdvTemp|SVPartSupCon;SVAux|^SVAdv+SVAdvTemp|SVSup;04-03-2015-sde
315;40;SVIndefart|SVPartSupCon;SVIndefart|SVCon;03-10-2014-sde
316;40;SVPosspron|SVPartSupCon;SVPosspron|SVCon;03-10-2014-sde
319;40;SVAttrpron|SVPartSupCon;^SVAttrpron|SVCon;03-10-2014-sde
320;40;SVAdj|SVPartSupCon;SVAdj|SVCon;03-10-2014-sde
317;40;SVPrep|SVPartSupCon;SVPrep|SVCon;03-10-2014-sde
321;40;SVConj|SVPartSupCon;SVConj|SVVerb;03-10-2014-sde
334;40;SVPartSupCon;SVCon;PRELIMINARY DEFAULT 02-10-2014-sde
275;40;SVIndefart|SVPartCon;SVIndefart|SVCon;23-09-2014-sde
276;40;SVPrep|SVPartCon;SVPrep|SVCon;23-09-2014-sde
277;40;SVPosspron|SVPartCon;SVPosspron|SVCon;23-09-2014-sde
278;40;SVPartCon;SVCon;PRELIMINARY DEFAULT 23-09-2014-sde
466;40;SVInf|SVVerbAdjCon;^SVVerb|SVCon;03-12-2014-sde
467;40;SVVerb|SVInte|SVVerbAdjCon;^SVVerb|^SVInte|SVCon;03-12-2014-sde
764;40;SVPrep+^SVConj|SVDefart+^SVObjpron|SVVerbAdjCon;SVPrep|SVDefart|SVAdj;18-06-2015-sde
765;40;SVGen|SVVerbAdjCon;^SVGen|SVAdjCon;18-06-2015-sde
457;40;SVVerbAdjCon;+SVVerbCon;28-11-2014-sde
148;40;SVSubjpron+^SVAttrpron|SVVerbCon;SVSubjpron|SVVerb;01-09-2014-sde
149;40;SVVerbCon|SVRefl;SVVerb|SVRefl;01-09-2014-sde
162;40;SVAttrpron+^SVSubjpron|SVVerbCon;^SVAttrpron|SVCon;02-09-2014-sde, added restriction for Subjpron 17-12-2014-sde, moved from after 161 01-06-2015-sde
150;40;SVVerbCon|SVSubjpron+^SVAttrpron;SVVerb|^SVSubjpron;01-09-2014-sde, added ^ in right part 23-01-2015-sde
158;40;SVVerbCon|SVObjpron;SVVerb|^SVObjpron;02-09-2014-sde, added ^ 13-10-2014-sde
163;40;SVVerbCon|SVVerbpt2;SVVerb|SVVerbpt2;02-09-2014-sde
549;40;SVVerbCon+SVSForm|SVPrep;SVVerb|^SVPrep;12-01-2015-sde
614;40;SVVerbCon|SVDecinum;SVVerb|^SVDecinum;20-01-2015-sde
160;40;SVIndefart|SVVerbCon;SVIndefart|SVCon;02-09-2014-sde
161;40;SVPosspron|SVVerbCon;SVPosspron|SVCon;02-09-2014-sde
254;40;SVConpart1|SVVerbCon;SVCon|SVCon;22-09-2014-sde
751;40;SVPrep|SVNum+^SVYear|SVVerbCon;^SVPrep|^SVNum|SVCon;11-06-2015-sde
752;40;SVConj|SVNum+^SVYear|SVVerbCon;^SVConj|^SVNum|SVCon;11-06-2015-sde, very low-frequent, no examples in devcorpus
753;40;SVPrep|SVNumber|SVVerbCon;^SVPrep|^SVNumber|SVCon;11-06-2015-sde
754;40;SVConj|SVNumber|SVVerbCon;^SVConj|^SVNumber|SVCon;11-06-2015-sde
511;40;SBegin|SVRelpron|SVVerbCon;SBegin|^SVRelpron|SVVerb;for question words at the beginning of a sentence, 22-12-2014-sde
152;40;SVVerbCon|SVCon;SVVerb|SVCon;01-09-2014-sde, added ^ to preserve Conpart1 label 22-09-2014-sde, moved 11-06-2015-sde
164;40;SVVerbCon|SVIndefart;SVVerb|SVIndefart;02-09-2014-sde
170;40;SVVerbCon|SVAdvDegree;SVVerb|^SVAdvDegree;04-09-2014-sde
177;40;SVVerbCon|SVAttrpron;SVVerb|^SVAttrpron;10-09-2014-sde
533;40;SVVerbCon|SVAdj;SVVerb|^SVAdj;08-01-2015-sde
200;40;SVInte|SVVerbCon;SVInte|SVVerb;12-09-2014-sde
410;40;SBegin|SVAdv|SVVerbCon;SBegin|^SVAdv|SVVerb;07-11-2014-sde
411;40;SVSom|SVAdv|SVVerbCon;^SVSom|^SVAdv|SVVerb;07-11-2014-sde  -> veroorzaakt een fout, niet duidelijk wat het probleem is
469;40;SVSom|SVVerbCon|SVPrep;^SVSom|SVVerb|^SVPrep;11-12-2014-sde
722;40;SVVerbCon|SVInte|^SVInf+^SVVerbInf+^SVAux+^SVmAux+^SVSup;SVVerb|SVInte|+SVDummy;23-03-2015-sde
473;40;SVVerbCon+SVCapitalInitial+^SVImpCon;SVCon;default for capitalized words 12-12-2014-sde
472;40;SVVerbCon+SVSForm+^SVImpCon+^SVVerbAdjCon;SVVerb;default for s-forms 12-12-2014-sde
746;40;SVVerbCon+SVPreferRelation;SVVerb;default for selected forms, see lexreps 04-06-2015-sde
747;40;SVCon+^SVPossibleGennoun+^SVAdj|SVVerbCon|^SVCon;+SVDummy|SVVerb|+SVDummy;04-06-2015-sde, added ^Adj 05-06-2015-sde
750;40;SVCon+^SVPossibleGennoun+^SVAdj|SVAdvAdj|SVVerbCon|^SVCon;+SVDummy|^SVAdvAdj|SVVerb|+SVDummy;08-06-2015-sde
756;40;^SVComma|^SVComma|SVComma|SVVerbCon+^SVImpCon|^SVCon+^SVAndOrBut+^SVAux+^SVComma+^SVAv;+SVDummy|+SVDummy|+SVDummy|SVVerb|+SVDummy;for verb in the main clause after a subordinate clause, 11-06-2015-sde
151;40;SVVerbCon+^SVImpCon+^SVVerbAdjCon;SVCon;PRELIMINARY DEFAULT 01-09-2014-sde, added restriction for SVImpCon after adding extra labels in lexreps 12-09-2014-sde, added restriction for VerbAdjCon 28-11-2014-sde
153;40;SBegin|SVImpCon|SVRefl;SBegin|SVVerb|SVRefl;02-09-2014-sde, moved to position before 155 08-10-2014-sde, very low-frequent, no examples in corpora
155;40;SBegin|SVImpCon|SVObjpron;SBegin|SVVerb|SVObjpron;02-09-2014-sde, no examples in corpora
154;40;SBegin|SVImpCon|SVAdv;SBegin|SVVerb|^SVAdv;02-09-2014-sde
156;40;SBegin|SVImpCon|SVAdvAdj;SBegin|SVVerb|^SVAdvAdj;02-09-2014-sde, theoretically possible but no examples in corpora
157;40;SBegin|SVImpCon|SVVerbpt2;SBegin|SVVerb|SVVerbpt2;02-09-2014-sde, example from recepee (not in corpora)
189;40;SBegin|SVImpCon|SVIndefart;SBegin|SVVerb|SVIndefart;11-09-2014-sde, theoretically possible but no examples in corpora
884;40;SBegin|SVImpCon|SVPluralnoun;SBegin|SVVerb|^SVPluralnoun;22-10-2015-sde
165;40;SVAndOrBut|SVImpCon|SVVerbpt2;SVAndOrBut|SVVerb|SVVerbpt2;03-09-2014-sde
188;40;SVAndOrBut|SVImpCon|SVIndefart;SVAndOrBut|SVVerb|SVIndefart;11-09-2014-sde
885;40;SVComma|SVImpCon|SVAdv;^SVComma|SVVerb|^SVAdv;22-10-2015-sde
649;40;SVImpCon+SVSForm;SVVerb;27-01-2015-sde
763;40;SVImpCon+SVPreferRelation;SVVerb;default for selected forms, see lexreps 16-06-2015-sde
159;40;SVImpCon+^SVVerbAdjCon;SVCon;PRELIMINARY DEFAULT 01-09-2014-sde, added restriction for VerbAdjCon 03-12-2014-sde
462;40;SVAdvDegree|SVVerbAdjCon;^SVAdvDegree|SVAdj;28-11-2014-sde
463;40;SVVerbAdjCon+SVSForm;SVVerb;28-11-2014-sde
459;40;SVVerbAdjCon;SVCon;default, 28-11-2014-sde
226;40;SVIndefart|SVVerbAdj;SVIndefart|SVAdj;17-09-2014-sde
227;40;SVPrep|SVVerbAdj;SVPrep|SVAdj;17-09-2014-sde
228;40;SVAdvDegree|SVVerbAdj;SVAdj|SVAdj;17-09-2014-sde
245;40;SVPrespart|SVVerbAdj;SVAdj|SVAdj;19-09-2014-sde
229;40;SVpAux|SVVerbAdj;SVpAux|SVAdj;17-09-2014-sde
232;40;SVAux|SVVerbAdj;SVAux|SVAdj;17-09-2014-sde
255;40;SVConpart1|SVVerbAdj;SVCon|SVCon;22-09-2014-sde, only 1 example in europarl1
230;40;SVVerbAdj|SVPrep;SVVerb|SVPrep;17-09-2014-sde
233;40;SVVerbAdj|SVRefl;SVVerb|SVRefl;17-09-2014-sde
234;40;SVVerbAdj|SVSubjpron;SVVerb|SVSubjpron;17-09-2014-sde
239;40;SVVerbAdj|SVVerbpt2;SVVerb|SVVerbpt2;18-09-2014-sde
235;40;SVCon|SVVerbAdj;SVCon|SVVerb;added some lexreps for exceptions, 18-09-2014-sde
236;40;"de"|SVVerbAdj;SVSubjpron|SVVerbAdj;18-09-2014-sde
237;40;SVSubjpron+^SVDefart|SVVerbAdj;SVSubjpron|SVVerb;18-09-2014-sde
238;40;SVSaa|SVVerbAdj;SVSaa|SVAdj;18-09-2014-sde
240;40;SVAndOrBut|SVVerbAdj|SVCon;SVAndOrBut|SVAdj|^SVCon;18-09-2014-sde, added ^ to preserve Conpart1 label 22-09-2014-sde
242;40;SVAdv|SVVerbAdj;^SVAdv|SVVerb;18-09-2014-sde
243;40;SVConj|SVVerbAdj;SVConj|SVVerb;10-09-2014-sde, good in corpus, but not sure if this rule will be always good
244;40;SVVerbAdj|SVCon;SVAdj|^SVCon;19-09-2014-sde, added ^ to preserve Conpart1 label 22-09-2014-sde
554;40;SVVerbAdj|SVAdj;SVAdj|SVAdj;13-01-2015-sde
231;40;SVVerbAdj+^SVVerbAdjCon;SVVerb;TEMPORARY DEFAULT 19-09-2014-sde, added restriction for VerbAdjCon 28-11-2014-sde
274;40;SVVerbPartSup;SVVerb;PRELIMINARY DEFAULT 23-09-2014-sde
111;40;SVpAux|SVPartSup;SVpAux|SVAdj;19-08-2014-sde, changed 29-08-2014-sde
572;40;SVpAux|SVAdvDegree|SVPartSup;SVpAux|^SVAdvDegree|SVAdj;14-01-2015-sde
573;40;SVpAux|SVAdvManner|SVPartSup|^SVPrep;SVpAux|^SVAdvManner|SVAdj|+SVDummy;15-01-2015-sde
574;40;SVpAux|SVAdvManner|SVPartSup|SEnd;SVpAux|^SVAdvManner|SVAdj|SEnd;15-01-2015-sde
646;40;SVpAux|SVInte|SVPartSup;SVpAux|^SVInte|SVAdj;27-01-2015-sde
143;40;SVIndefart|SVPartSup;SVIndefart|SVAdj;29-08-2014-sde
416;40;SVIndefart|SVAdvDegree|SVPartSup;SVIndefart|SVAdj|SVAdj;18-11-2014-sde
749;40;SVIndefart|SVAdvManner|SVPartSup|SVCon;SVIndefart|SVAdj|SVAdj|SVCon;08-06-2015-sde
759;40;SVIndefart|SVAdj|SVPartSup|^SVPrep;SVIndefart|SVAdj|SVAdj|+SVDummy;12-06-2015-sde
526;40;SVPrep|SVPartSup;^SVPrep|SVAdj;29-12-2014-sde
715;40;SVPrep+^SVConj|SVAdvAdj|SVPartSup;^SVPrep|^SVAdvAdj|SVAdj;05-03-2015-sde
552;40;SBegin|SVPartSup|SVCon;SBegin|SVAdj|^SVCon;mainly in titles, 13-01-2015-sde
709;40;SBegin|^SVAux|SVPartSup|SVCon;SBegin|+SVDummy|SVAdj|^SVCon;mainly in titles, 04-03-2015-sde
760;40;SVPunctuation|SVPartSup|SVCon+^SVPluralnoun;^SVPunctuation|SVAdj|^SVCon;variant of 552, 15-06-2015-sde
115;40;SVPartSup;SVSup;PRELIMINARY DEFAULT 20-08-2014-sde
814;40;SVDefart+^"det"|SVsVerbPart|SVCon;SVDefart|SVAdj|^SVCon;25-06-2015-sde
536;40;SVsVerbPart;SVVerb;default for s-forms, 08-01-2015-sde, moved up 18-06-2015-sde
290;40;SVpAux|SVVerbPart+^SVAdj|SVPrep;SVpAux|SVVerb|SVPrep;29-09-2014-sde
291;40;SVpAux|SVAdv|SVVerbPart+^SVAdj|SVPrep;SVpAux|^SVAdv|SVVerb|SVPrep;29-09-2014-sde
123;40;SVpAux|SVVerbPart;SVpAux|SVAdj;22-08-2014-sde, changed Sup into Adj 01-09-2014-sde
178;40;SVpAux|SVAdv|SVVerbPart;SVpAux|^SVAdv|SVAdj;10-09-2014-sde
575;40;SVpAux|SVAdvDegree|SVVerbPart;SVpAux|^SVAdvDegree|SVAdj;15-01-2015-sde
576;40;SVpAux|SVAdvManner|SVVerbPart|^SVPrep;SVpAux|^SVAdvManner|SVAdj|+SVDummy;15-01-2015-sde
577;40;SVpAux|SVAdvManner|SVVerbPart|SEnd;SVpAux|^SVAdvManner|SVAdj|SEnd;15-01-2015-sde
248;40;SVConpart1|SVVerbPart;SVCon|SVCon;22-08-2014-sde
811;40;SVVerbPart|SVVerbpt2;SVVerb|SVVerbpt2;25-06-2015-sde
293;40;SVPrep+^SVConj|SVDefart+^SVSubjpron|SVVerbPart;SVPrep|SVDefart|SVAdj;29-09-2014-sde
295;40;SVVerbPart|SVIndefart;SVVerb|SVIndefart;30-09-2014-sde
296;40;SVVerbPart|SVSubjpron;SVVerb|^SVSubjpron;30-09-2014-sde, added ^ 13-10-2014-sde
297;40;SVVerbPart|SVPosspron;SVVerb|SVPosspron;30-09-2014-sde
292;40;SVPrep+^SVConj|SVVerbPart;SVPrep|SVPart;29-09-2014-sde, deleted +^sVerbPart 08-01-2015-sde
125;40;SVVerbPart|SVPrep;SVSup|SVPrep;22-08-2014-sde
128;40;SVIndefart|SVVerbPart|SVCon;SVIndefart|SVAdj|^SVCon;22-08-2014-sde, added ^ to preserve Conpart1 label 22-09-2014-sde
361;40;SVAttrpron+^SVSubjpron+^SVObjpron|SVVerbPart;^SVAttrpron|SVAdj;16-10-2014-sde, moved up 24-06-2015-sde, added ^ in right part to avoid loss of Posspron label 22-10-2015-sde
648;40;SVGen|SVVerbPart;^SVGen|SVAdj;27-01-2015-sde, moved up 24-06-2015-sde
810;40;SVAdj|SVVerbPart;^SVAdj|SVAdj;24-06-2015-sde, moved up 24-06-2015-sde
899;40;SVPrep|SVDefart+^"det"|SVVerbPart;^SVPrep|SVDefart|SVAdj;27-10-2015-sde
900;40;SVCon|SVVerbPart|^SVCon+^SVAdj+^SVpAux+^SVAux;^SVCon|SVVerb|+SVDummy;variant of r127, 27-10-2015-sde
127;40;SVVerbPart|^SVCon+^SVAdj+^SVpAux+^SVAux+^SVComma+^SVAndOrBut;SVVerb|+SVDummy;22-08-2014-sde, added ^pAux and ^Aux 03-06-2015-sde, added ^Comma and ^AndOrBut 27-10-2015-sde
738;40;SVCon|SVVerbPart|SVpAux;^SVCon|SVVerb|+SVDummy;03-06-2015-sde
739;40;SVCon|SVVerbPart|SVAux;^SVCon|SVVerb|+SVDummy;03-06-2015-sde
126;40;SVVerbPart|SEnd;SVVerb|SEnd;22-08-2014-sde
247;40;SVDefart|SVPrep|SVCon|SVVerbPart;SVDefart|SVAdj|SVAdj|SVAdj;19-09-2014-sde
256;40;SVAdvDegree|SVVerbPart+^SVsVerbPart|SVCon;SVAdj|SVAdj|^SVCon;22-09-2014-sde, good in most cases, but not always, added ^sVerbPart 08-01-2015-sde
246;40;SVCon|SVVerbPart|SVCon;SVCon|SVVerb|^SVCon;19-09-2014-sde, added ^ to preserve Conpart1 label 22-09-2014-sde
530;40;SVCon|SVVerbPart|SVAdj;^SVCon|SVVerb|^SVAdj;08-01-2015-sde, partly replaces 520
531;40;SVVerbPart|"hela";SVVerb|SVAdj;08-01-2015-sde, partly replaces 520
532;40;^SVDefart+^SVIndefart+^SVAttrpron|SVVerbPart|SVGen;+SVDummy|SVVerb|^SVAdj;08-01-2015-sde, partly replaces 520
257;40;"som"|SVVerbPart;SVRelpron|SVVerb;22-09-2014-sde
901;40;"som"|SVInte|SVVerbPart;SVRelpron|SVInte|SVVerb;27-10-2015-sde
258;40;^SVVerb|SVSubjpron+^SVDefart+^SVAttrpron|SVVerbPart;+SVDummy|SVSubjpron|SVVerb;22-09-2014-sde
259;40;SBegin|SVSubjpron+^SVDefart+^SVAttrpron|SVVerbPart;SBegin|SVSubjpron|SVVerb;22-09-2014-sde, not covered by 258
471;40;SBegin|SVAdv|SVVerbPart;SBegin|^SVAdv|SVVerb;11-12-2014-sde
523;40;SBegin|SVRelpron|SVVerbPart;SBegin|^SVConj|SVVerb;23-12-2014-sde
422;40;SVAttrRelpron|SVVerbPart;SVRelpron|SVVerb;19-11-2014-sde
525;40;SVYear|SVVerbPart;^SVYear|SVVerb;29-12-2014-sde
921;40;SVAdvTime+^SVAdvAdj|SVVerbPart;^SVAdvTime|SVVerb;02-11-2015-sde
893;40;SVComma|SVVerbPart|SVCapitalInitial;^SVComma|SVVerb|^SVCapitalInitial;26-10-2015-sde
894;40;SVComma|SVVerbPart|SVCapitalAll;^SVComma|SVVerb|^SVCapitalAll;26-10-2015-sde
895;40;SVComma|SVVerbPart|SVCapitalMixed;^SVComma|SVVerb|^SVCapitalMixed;26-10-2015-sde
896;40;^SVPrep|SVCon|SVComma|SVVerbPart|SVCon;+SVDummy|^SVCon|^SVComma|SVAdj|^SVCon;26-10-2015-sde
897;40;SVAdj|SVComma|SVVerbPart|SVCon;^SVAdj|^SVComma|SVAdj|^SVCon;26-10-2015-sde
898;40;SVComma|SVVerbPart;^SVComma|SVVerb;default after comma, 26-10-2015-sde
902;40;SVSubjpron|SVVerb|SVAndOrBut|SVVerbPart;SVSubjpron|SVVerb|SVAndOrBut|SVVerb;27-10-2015-sde
903;40;SVVerbPart|SVAndOrBut|SVVerb;SVVerb|SVAndOrBut|SVVerb;don't move up: fallback rule, 27-10-2015-sde
129;40;SVVerbPart;SVCon;PRELIMINARY DEFAULT
503;40;SVpAux|SVSupAdj;SVpAux|SVAdj;18-12-2014-sde
504;40;SVIndefart|SVSupAdj;SVIndefart|SVAdj;18-12-2014-sde
505;40;SVIndefart|SVAdvDegree|SVSupAdj;SVIndefart|SVAdj|SVAdj;18-12-2014-sde
506;40;SVSupAdj;SVSup;PRELIMINARY DEFAULT 20-08-2014-sde
514;40;SVAux|SVSupCon;SVAux|SVSup;22-12-2014-sde
515;40;SVAux|SVAdv|SVSupCon;SVAux|^SVAdv|SVSup;22-12-2014-sde
517;40;SVAux|SVInte|SVSupCon;SVAux|SVInte|SVSup;22-12-2014-sde
518;40;SVAux|SVAdv|SVInte|SVSupCon;SVAux|^SVAdv|SVInte|SVSup;22-12-2014-sde
758;40;SVAux|SVCon+^SVAdj+^SVGen+^SVConpart1|SVSupCon;^SVAux|+SVDummy|SVSup;inversion, 11-06-2015-sde
516;40;SVSupCon;SVCon;default 22-12-2014-sde
553;40;SVConpart1|SVPart;SVCon|SVCon;13-01-2015-sde, moved up 22-06-2015-sde
109;40;SVpAux|SVPart;SVpAux|SVeCon;19-08-2014-sde, changed Verb into eCon 28-08-2014-sde
117;40;SVCon|SVPart|SVPrep;^SVCon|SVVerb|SVPrep;20-08-2014-sde, deleted 20-08-2014-sde, reintroduced with left context 13-01-2015-sde
110;40;SVPart;SVAdj;PRELIMINARY DEFAULT Con 19-08-2014-sde, changed to Adj 13-01-2015-sde
116;40;SVPrespart;SVAdj;PRELIMINARY DEFAULT 20-08-2014-sde
423;40;SVVerb;+SVvRel;21-11-2014-sde
424;40;SVVerbInf;+SVvRel;21-11-2014-sde
425;40;SVInf;+SVvRel;21-11-2014-sde
426;40;SVSup;+SVvRel;21-11-2014-sde
427;40;SVAux;+SVvRel;21-11-2014-sde
428;40;SVmAux;+SVvRel;21-11-2014-sde
429;40;SVpAux;+SVvRel;21-11-2014-sde
430;40;SVVerbpt2;+SVvRel;21-11-2014-sde
365;40;SVPosspron|SVCon;SVPosspron|SVCon;make 'er' Posspron before a noun, 17-10-2014-sde
339;40;SVPrep|SVObjpron|SVSom;SVPrep|SVObjpron|SVRelpron;rules 171 and 338 must not be applied, 13-10-2014-sde, changed Subjpron into Objpron 23-10-2014-sde, last edited 17-12-2015-sde
171;40;SVPrep|SVObjpron+^SVDefart+^SVSubjpron|^SVRelpron;SVPrep|SVObjpron|+SVDummy;04-09-2014-sde, added ^Subjpron 13-10-2014-sde, added ^Relpron context after changing rule 339 23-10-2014-sde, last edited 17-12-2015-sde
338;40;SVPrep|SVObjpron+SVSubjpron+^SVAttrpron+^SVDefart|^SVRelpron;SVPrep|SVObjpron|+SVDummy;13-10-2014-sde, for independant pronouns, added ^Relpron context after changing rule 339 23-10-2014-sde, last edited 17-12-2015-sde
357;40;SVPrep|SVObjpron|SVPunctuation;SVPrep|SVObjpron|SVPunctuation;16-10-2014-sde, for independant pronouns, removed ^CPron because CPron is not in this phase 22-10-2014-sde, last edited 17-12-2015-sde
358;40;SVPrep|SVObjpron|SEnd;SVPrep|SVObjpron|SEnd;16-10-2014-sde, for independant pronouns, removed ^CPron because CPron is not in this phase 22-10-2014-sde, last edited 17-12-2015-sde
173;40;SVAttrRelpron|^SVCon+^SVAdj;SVRelpron|+SVDummy;09-09-2014-sde
350;40;SVNumber|SVAttrpron;SVNumber|+SVAdjpron;15-10-2014-sde, e.g. två andra, corrected 20-10-2014-sde
640;40;SVPrep|SVObjpron+SVAttrpron|SVvRel;SVPrep|SVObjpron|^SVvRel;replaces 207-212 + 220, 23-01-2015-sde, reintroduced Prep in right part 26-02-2015-sde, removed PathRelevant+Mod from Prep 19-10-2015-sde, changed PathRelevant+Mod into Objpron 17-12-2015-sde
214;40;SVPrep|SVObjpron+SVAttrpron|SVPrep;SVPrep|SVObjpron|SVPrep;15-09-2014-sde, last edited 17-12-2015-sde
216;40;SVPrep|SVObjpron+SVAttrpron|SVAtt;SVPrep|SVObjpron|SVAtt;15-09-2014-sde, last edited 17-12-2015-sde
218;40;SVPrep|SVObjpron+SVAttrpron|SVAndOrBut;SVPrep|SVObjpron|SVAndOrBut;15-09-2014-sde, last edited 17-12-2015-sde
222;40;SVPrep|SVObjpron+SVAttrpron|SVIndefart;SVPrep|SVObjpron|SVIndefart;15-09-2014-sde, last edited 17-12-2015-sde
866;40;SVPosspron;SVPosspron;19-10-2015-sde, adapted 17-12-2015-sde
492;40;SVDefart|SVOrdnumber;SVDefart|^SVOrdnumber;17-12-2014-sde
493;40;SVDefart|SVNum;SVDefart|^SVNum;17-12-2014-sde
494;40;SVDefart|SVNumber;SVDefart|^SVNumber;17-12-2014-sde
519;40;SVDefart|SVAdj;SVDefart|^SVAdj;23-12-2014-sde
643;40;SBegin|SVDefart+SVSubjpron|SVAdv|SVvRel;SBegin|SVSubjpron|^SVAdv|^SVvRel;23-01-2015-sde
644;40;SBegin|SVDefart+SVSubjpron|SVInte|SVvRel;SBegin|SVSubjpron|SVInte|^SVvRel;23-01-2015-sde
642;40;SBegin|SVDefart|^SVvRel+^SVSom+^SVSubjpron;SBegin|SVDefart|+SVDummy;23-01-2015-sde
886;40;SVDefart|SVAndOrBut;^SVSubjpron+SVObjpron|^SVAndOrBut;22-10-2015-sde
766;40;SVDemonstr|SVvRel;SVSubjpron|^SVvRel;18-06-2015-sde, adapted 17-12-2015-sde
926;40;SVDemonstr|SVAndOrBut;SVSubjpron|^SVAndOrBut;17-12-2015-sde, adapted 17-12-2015-sde
512;40;SVIndefart|SVAndOrBut;SVNumber|^SVAndOrBut;22-12-2014-sde
513;40;SVIndefart|SVPrep|SVNumber;SVNumber|^SVPrep|^SVNumber;22-12-2014-sde
641;40;SVSubjpron+SVAttrpron|SVvRel;SVSubjpron|^SVvRel;replaces 201-203, 205, 206, 213 and 221, 23-01-2015-sde
215;40;SVSubjpron+SVAttrpron|SVPrep;SVSubjpron|SVPrep;15-09-2014-sde
217;40;SVSubjpron+SVAttrpron|SVAtt;SVSubjpron|SVAtt;15-09-2014-sde
219;40;SVSubjpron+SVAttrpron|SVAndOrBut;SVSubjpron|SVAndOrBut;15-09-2014-sde
223;40;SVSubjpron+SVAttrpron|SVIndefart;SVSubjpron|SVIndefart;15-09-2014-sde
924;40;"något"|SVAdvDegree|SVAdvAdj+SVAdvManner;SVIndefart|SVAdj+SVCon|+Join;03-11-2015-sde, added + to join 2016-03-31-sde
740;40;"något"|SVAdvAdj|^SVCon;SVbCon|+Join|+SVDummy;04-06-2015-sde
741;40;"något"|SVAdvAdj|SEnd;SVbCon|+Join|SEnd;variation of 740 for end of sentence, 04-06-2015-sde
712;40;SVCon|SVAdvDegree|SVAdvAdj+SVAdvManner;^SVCon|SVAdvAdj+SVAdvManner+SVbCon|+Join;05-03-2015-sde, added + to join 2016-03-31-sde
710;40;SVAdvDegree|SVAdvAdj+SVAdvManner;SVAdvAdj+SVAdvManner|+Join;05-03-2015-sde, added + to join 2016-03-31-sde
767;40;SVAdvAdj+SVAdvDegree|SVNumber;SVAdvDegree|SVNumber;18-06-2015-sde
557;40;SVvRel+^SVpAux|SVAdvAdj|SVPrep+^SVConj;^SVvRel|^SVAdv|SVPrep;13-01-2015-sde
558;40;SVvRel+^SVpAux|SVAdvAdj|SVConj;^SVvRel|^SVAdv|^SVConj;13-01-2015-sde
716;40;SVvRel+^SVpAux|SVAdvAdj|SVAttrRelpron;^SVvRel|^SVAdv|^SVAttrRelpron;11-03-2015-sde
687;40;SVvRel+^SVpAux|SVAdvStruct|SVAdvAdj|SVPrep;^SVvRel|^SVAdvStruct|^SVAdv|^SVPrep;20-02-2015-sde
809;40;SVvRel+^SVpAux|SVAdvStruct|SVAdvAdj|SVPunctuation;^SVvRel|^SVAdvStruct|^SVAdv|^SVPunctuation;24-06-2015-sde
688;40;SVvRel+^SVpAux|SVAdvTime|SVAdvAdj|^SVCon+^SVAdj+^SVAdvAdj;^SVvRel|^SVAdvTime|^SVAdv|+SVDummy;20-02-2015-sde
689;40;SVvRel+^SVpAux|SVAdvTime|SVAdvAdj|SEnd;^SVvRel|^SVAdvTime|^SVAdv|SEnd;20-02-2015-sde
845;40;SVvRel+^SVpAux|SVAdvFreq|SVAdvAdj|^SVCon+^SVAdj+^SVAdvAdj;^SVvRel|^SVAdvFreq|^SVAdv|+SVDummy;20-08-2015-sde
846;40;SVvRel+^SVpAux|SVAdvFreq|SVAdvAdj|SEnd;^SVvRel|^SVAdvFreq|^SVAdv|SEnd;20-08-2015-sde
664;40;SVpAux|SVAdvAdj|SVpAux;^SVpAux|SVAdj|^SVpAux;16-02-2015-sde
665;40;SVpAux|SVAdvAdj|SVmAux;^SVpAux|SVAdj|^SVmAux;16-02-2015-sde
686;40;SVRefl|SVAdvAdj|SVPrep;^SVRefl|^SVAdj|^SVPrep;20-02-2015-sde
691;40;SVPunctuation|SVAdvAdj|SVConj;SVPunctuation|^SVAdv|^SVConj;
561;40;SVAdvAdj|SVvRel;^SVAdv|^SVvRel;14-01-2015-sde
571;40;SVvRel|SVAdvAdj|SVRelpron;^SVvRel|^SVAdv|SVRelpron;14-01-2015-sde
579;40;SVvRel|SVAdvAdj|SVDefart;^SVvRel|^SVAdv|^SVDefart;15-01-2015-sde
581;40;SVvRel+^SVpAux|SVAdvAdj|SEnd;^SVvRel|^SVAdv|SEnd;
690;40;SVRefl|SVAdvAdj|SEnd;^SVRefl|^SVAdj|SEnd;20-02-2015-sde
595;40;SVvRel+^SVpAux|SVAdvAdj|SVPunctuation;^SVvRel|^SVAdv|SVPunctuation;
582;40;SVvRel+^SVpAux|SVAdvAdj|SVAndOrBut;^SVvRel|^SVAdv|^SVAndOrBut;
694;40;SVvRel+^SVpAux|SVAdvAdj|SVAtt;^SVvRel|^SVAdv|SVAtt;
887;40;SVvRel+^SVpAux|SVAdvAdj|SVYear;^SVvRel|^SVAdv|^SVYear;22-10-2015-sde
888;40;SVvRel+^SVpAux|SVAdvAdj|SVAdvTime;^SVvRel|^SVAdv|^SVAdvTime;22-10-2015-sde
685;40;SVRefl|SVAdvAdj|SVAndOrBut|^SVAdvAdj+^SVAdv;^SVRefl|^SVAdv|^SVAndOrBut|+SVDummy;20-02-2015-sde
652;40;SVCon|SVAdvAdj+^SVAdvTime|SVPrep;^SVCon|^SVAdv|^SVPrep;30-01-2015-sde
653;40;SVCon|SVAdvAdj+^SVAdvTime|SVConj;^SVCon|^SVAdv|^SVConj;30-01-2015-sde
693;40;SVCon|SVAdvAdj+^SVAdvTime|SVAndOrBut+^"än"|SVAdvAdj+^SVAdvTime|^SVCon;^SVCon|^SVAdv|^SVAndOrBut|^SVAdv|+SVDummy;26-02-2015-sde
695;40;SVCon|SVAdvAdj+^SVAdvTime|SVAndOrBut+^"än"|SVAdvAdj+^SVAdvTime|SEnd;^SVCon|^SVAdv|^SVAndOrBut|^SVAdv|SEnd;26-02-2015-sde
680;40;SVCon|SVAdvAdj+^SVAdvTime|SVAndOrBut|^SVAdvAdj+^SVAdv;^SVCon|^SVAdv|^SVAndOrBut|+SVDummy;20-02-2015-sde
681;40;SVCon|SVAdvAdj+^SVAdvTime|SVPunctuation|^SVAdvAdj+^SVAdv;^SVCon|^SVAdv|SVPunctuation|+SVDummy;20-02-2015-sde
684;40;SVCon|SVAdvAdj+^SVAdvTime|SVAtt|^SVAdvAdj+^SVAdv;^SVCon|^SVAdv|SVAtt|+SVDummy;20-02-2015-sde
662;40;SVCon|SVAdvAdj|SEnd;^SVCon|^SVAdv|SEnd;10-02-2015-sde
692;40;SVAdv|SVAndOrBut|SVAdvAdj|SVAndOrBut;^SVAdv|^SVAndOrBut|^SVAdv|^SVAndOrBut;26-02-2015-sde
697;40;SVConj|SVAdvAdj|SVPrep;^SVConj|^SVAdv|^SVPrep;26-02-2015-sde
762;40;^SVAdvAdj+^SVAdj|SVAndOrBut|SVAdvAdj|SVPrep;+SVDummy|^SVConj|^SVAdv|^SVPrep;15-06-2015-sde
702;40;SVConj|SVAdvAdj|SVSom;^SVConj|^SVAdv|^SVPrep;02-03-2015-sde
701;40;"någonting"|SVAdvAdj|^SVCon+^SVAdj+^SVAdvAdj;^SVAttrpron|SVAdj|+SVDummy;02-03-2015-sde
700;40;^SVpAux|SVSubjpron+^SVAttrpron+^SVDefart|SVAdvAdj|^SVCon+^SVAdj+^SVAdvAdj;+SVDummy|^SVSubjpron|^SVAdv|+SVDummy;02-03-2015-sde
703;40;SVAdvAdj+SVRegex|SVPluralnoun;^SVAdv|^SVPluralnoun;04-03-2015-sde
856;40;SVAdvDegree|SVAdvAdj+SVAdvTemp|^SVCon;SVAdv+SVAdvTemp|+Join|+SVDummy;27-08-2015-sde, added + to join 2016-03-31-sde
706;40;^SVPrep+^SVConj+^SVDefart+^SVIndefart+^SVAttrpron|SVAdvAdj+SVAdvTemp|^SVCon;+SVDummy|SVAdv+SVAdvTemp|+SVDummy;04-03-2015-sde
726;40;SVSaa|SVAdvAdj|SVSubjpron+^SVEttform;SVConj|+Join|^SVSubjpron;11-05-2015-sde, added + to join 2016-03-31-sde
725;40;SVAdvAdj|SVSubjpron+^SVEttform;^SVAdv|^SVSubjpron;07-04-2015-sde - not good, needs further evaluation, adapted 11-05-2015-sde
744;40;SVConpart1|SVAdvCon;SVCon|SVCon;04-06-2015-sde
911;40;SVCon+^SVAdj|"akter"|"om";^SVCon|SVPrep|Join;
175;40;SVSaa|SVSubjpron+^SVAttrpron;SVConj|SVSubjpron;10-09-2014-sde
196;40;SVInte|SVSaa|SVmAux;SVInte|SVConj|SVmAux;12-09-2014-sde, removed +SVNegation to re-add later 21-10-2014-sde
197;40;SVInte|SVSaa;SVbCon|Join;12-09-2014-sde, removed +SVNegation to re-add later 21-10-2014-sde
180;40;SVCon|SVSaa|SVmAux;SVCon|SVConj|SVmAux;11-09-2014-sde
183;40;SVCon|SVSaa|SVpAux;SVCon|SVConj|SVpAux;11-09-2014-sde
181;40;SVCon|SVSaa|SVVerb;SVCon|SVConj|SVVerb;11-09-2014-sde
184;40;SVSaa|SVCon;SVbCon|SVCon;11-09-2014-sde
185;40;SVSaa|SVAdj;SVbCon|SVAdj;11-09-2014-sde
187;40;SVSaa|SVAdvAdj;SVbCon|SVAdj;PRELIMINARY RULE 11-09-2014-sde
186;40;SVPunctuation|SVSaa;SVPunctuation|SVConj;11-09-2014-sde
174;40;SVSaa;SVAdvStruct;TEMPORARY DEFAULT 10-09-2014-sde, changed from SVCon 11-09-2014-sde
620;40;SVIndefart|SVInte|SVAdvDegree;SVIndefart|SVAdvDegree+SVNegWord|+Join;22-01-2015-sde, added + to join 2016-03-31-sde
621;40;SVIndefart|SVInte|SVAdvManner;SVIndefart|SVAdvManner+SVNegWord|+Join;22-01-2015-sde, added + to join 2016-03-31-sde
622;40;SVIndefart|SVInte|SVAdvAdj;SVIndefart|SVAdj+SVNegWord|+Join;22-01-2015-sde, added + to join 2016-03-31-sde
623;40;SVIndefart|SVInte|SVAdj;SVIndefart|SVAdj+SVNegWord|+Join;22-01-2015-sde, added + to join 2016-03-31-sde
624;40;SVIndefart|SVInte|SVCon;SVIndefart|SVAdj+SVNegWord|+Join;for unknown adjectives, 22-01-2015-sde, added + to join 2016-03-31-sde
632;40;SVDefart|SVInte|SVAdvDegree|SVAdj|SVCon;SVDefart|SVAdvDegree+SVNegWord|+Join|SVAdj|SVCon;22-01-2015-sde, added + to join 2016-03-31-sde
635;40;SVDefart|SVInte|SVAdj|SVCon;SVDefart|SVAdj+SVNegWord|+Join|SVCon;22-01-2015-sde, added + to join 2016-03-31-sde
67;40;SVmAux|SVInte;SVmAux|SVNegrel;09-08-2014-sde
68;40;SVInte|SVInf;SVNegrel|SVInf;09-08-2014-sde
69;40;SVInte|SVVerb;SVNegrel|SVVerb;09-2014-sde
92;40;SVInte|SVVerbInf;SVNegrel|SVVerb;14-08-2014-sde
93;40;SVInte|SVmAux;SVNegrel|SVmAux;14-08-2014-sde
103;40;SVInte|SVAtt;SVNegrel|SVAtt;19-08-2014-sde
104;40;SVInte|SVpAux;SVNegrel|SVpAux;19-08-2014-sde
105;40;SVInte|SVPrep;SVNegrel|SVPrep;19-08-2014-sde
136;40;SVInte|SVAux;SVNegrel|SVAux;28-08-2014-sde
176;40;SVInte|SEnd;SVNegrel|SEnd;10-09-2014-sde
190;40;SVInte|SVSup;SVNegrel|SVSup;11-09-2014-sde
191;40;SVInte|SVRelpron;SVNegrel|SVRelpron;11-09-2014-sde
892;40;SVInte|SVGen;SVNegrel|^SVGen;r199 does not apply here, 26-10-2015-sde
192;40;SVpAux|SVInte;SVpAux|SVNegrel;11-09-2014-sde
193;40;SVVerb|SVInte;SVVerb|SVNegrel;12-09-2014-sde
199;40;SVInte|SVAdj+^SVCon;SVbCon|SVCon;12-09-2014-sde, added ^Con 16-02-2015-sde
857;40;SVInte|SVAdvTemp;SVNegrel|SVAdvManner;28-08-2015-sde, note that this rule makes AdvTemp Con or Rel without time attribute!
659;40;SVPunctuation|SVExample|^SVvRel+^SVPrep+^SVConj;SVPunctuation|SVConj|+SVDummy;10-02-2015-sde
660;40;SVExample|SEnd;SVAdvStruct|SEnd;10-02-2015-sde
661;40;SBegin|SVExample;SBegin|SVAdvStruct;10-02-2015-sde
656;40;^SVCon|SVExample;+SVDummy|SVAdvStruct;10-02-2015-sde
657;40;SVExample|^SVCon+^SVAdj+^SVIndefart+^SVDefart;SVAdvStruct|+SVDummy;10-02-2015-sde
658;40;SVExample;SVConj;default, 10-02-2015-sde
717;40;SVCon|"@connect@"|SVAndOrBut|SVCon;SVCon|Join|Join|+Join;16-03-2015-sde
748;40;SVCon|"@connect@"|SVAndOrBut|SVAdj;SVAdj|Join|Join|+Join;05-06-2015-sde
923;40;SVCon|"@connect@"|SVAndOrBut|SVYear;SVYear|Join|Join|+Join;02-11-2015-sde
718;40;SVCon|"@connect@"|SVAndOrBut|SVvRel;SVvRel|Join|Join|+Join;16-03-2015-sde
719;40;"@connect@";SVCon;to avoid that concepts get split if no AndOrBut is present, 16-03-2015-sde
711;40;SVAdvAdj+SVbCon;SVbCon;default, 05-03-2015-sde
37;40;SVAdvAdj;SVAdj;preliminary default
38;40;SVAdvCon;SVCon;preliminary default
39;40;SVAdvAdjCon;SVCon;preliminary default
195;40;SVInte|SVbCon;SVInte|SVCon;preliminary default 20-09-2014-sde
64;40;SVInte;SVNegrel;preliminary default, changed from Con 12-09-2014-sde
121;40;"man"+^SVCon;SVSubjpron;22-08-2014-sde, added ^Con because of JDN190 24-09-2015-sde
333;40;SVRefl+SVObjpron;SVRefl;08-10-2014-sde, adapted from Refl as default after JL's review of the results
225;40;SVSubjpron+SVAttrpron|"som";SVSubjpron|SVRelpron;15-09-2014-sde
204;40;SVSubjpron+SVAttrpron|SVCon;SVAttrpron|^SVCon;preliminary default 12-09-2014-sde, added right context 15-10-2014-sde, added ^ for Con to protect Adj label 08-06-2015-sde
356;40;SVSubjpron+SVAttrpron|SVAdj;SVAttrpron|SVAdj;variation on 204, 16-10-2014-sde
359;40;SVSubjpron+SVAttrpron|SVNumber;SVAttrpron|SVNumber;variation on 204, 16-10-2014-sde
364;40;SVSubjpron+SVAttrpron|SVAttrpron;SVAttrpron|SVAttrpron;variation on 204, this rule might be too general -> to be evaluated, 17-10-2014-sde
355;40;SVSubjpron+SVAttrpron;SVSubjpron;new default rule 16-10-2014-sde
380;40;SVAdvDirection;SVAdvDirection;remove conflicting Adv label, 28-10-2014-sde
419;40;SVAdj|"nog";SVAdj|SVCon;19-11-2014-sde
421;40;SVCon|"nog";SVAdj|SVCon;19-11-2014-sde, REMOVE AFTER ADDING ADJECTIVES?
420;40;"nog"+^SVCon;SVAdvModal;19-11-2014-sde, added ^Con because of JDN190 24-09-2015-sde
381;40;SVAdvModal;SVAdvModal;remove conflicting Adv label, 28-10-2014-sde
655;40;SVAdvManner|SVvRel;SVRel|^SVvRel;replaces 390-394, 401, 405, 10-02-2015-sde
395;40;SVAdvManner|SVPrep;SVRel|SVPrep;06-11-2014-sde
396;40;SVAdvManner|SVConj;SVRel|SVConj;06-11-2014-sde
406;40;SVPrep|SVAdvManner;SVPrep|SVCon;07-2014-sde
407;40;SVAttrpron|SVAdvManner;^SVAttrpron|SVCon;07-11-2014-sde
408;40;SVIndefart|SVAdvManner;SVIndefart|SVCon;07-11-2014-sde
409;40;SVAdvManner|SVAdj;SVAdj|SVAdj;07-11-2014-sde
397;40;SVAdvManner;SVRel;default, 07-11-2014-sde
382;40;SVRel;SVRel;remove possibly conflicting labels, 29-10-2014-sde
414;40;SVAttrpron|SVAdvDegree;^SVAttrpron|SVCon;18-11-2014-sde
415;40;SVIndefart|SVAdvDegree;SVIndefart|SVCon;18-11-2014-sde
417;40;SVAdvDegree|SVAdj+^SVCon;SVbCon|SVAdj;18-11-2014-sde, added ^Con 16-02-2015-sde
418;40;SVAdvDegree+^"särskilt"|SVCon;SVbCon|SVCon;18-11-2014-sde
474;40;SVAdvDegree|SVNum;SVbCon|SVNum;12-12-2014-sde, changed Con into Num in right part 11-02-2015-sde
475;40;SVAdvDegree|SVNumber;SVbCon|SVNumber;12-12-2014-sde, changed Con into Number in right part 11-02-2015-sde
480;40;SVAdvDegree|SVIndefart;SVbCon|SVNumber;16-12-2014-sde
757;40;SVGen|SVbCon;SVAdj|SVCon;11-06-2015-sde
23;40;SVIgnoreCap;-SVIgnoreCap;04-07-2014-sde
44;40;SVConIfCap;-SVConIfCap;06-08-2014-sde
555;40;SVConIfAllCap;-SVConIfAllCap;13-01-2015-sde
306;40;SVTimeconcept+SVCon;-SVTimeconcept;02-10-2014-sde, moved 20-01-2015-sde
617;40;"&";SVCon;21-01-2015-sde
865;40;"-";NonRelevant;24-09-2015-sde
883;40;SBegin|SVLayout;SBegin|NonRelevant;21-10-2015-sde
889;40;SBegin|SVAndOrBut;SBegin|NonRelevant;22-10-2015-sde
495;50;SVpAux|SVSubjpron|^SVvRel+^SVPrep|SVAtt;^SVpAux|SVSubjpron|+SVDummy|^SVAtt;18-12-2014-sde, possibly adapt ^vRel+^Prep to Adj later
496;50;^SVSubjpron|SVpAux|"det"|^SVvRel+^SVPrep|^SVvRel+^SVPrep|SVAtt;+SVDummy|^SVpAux|SVSubjpron|+SVDummy|+SVDummy|^SVAtt;18-12-2014-sde, possibly adapt ^vRel+^Prep to Adj later, added ^Subjpron as left context 18-06-2015-sde
352;50;SVSubjpron+SVDefart|SVCon;-SVSubjpron|SVCon;15-10-2014-sde, PRELIMINARY RULE FOR 'den' and 'det'
353;50;SVObjpron+SVDefart|SVCon;-SVObjpron|SVCon;15-10-2014-sde, PRELIMINARY RULE FOR 'den'
559;50;SVPrep|SVSubjpron+SVDefart|SVAdj;SVPrep|-SVSubjpron|SVAdj;14-01-2015-sde
560;50;SVPrep|SVObjpron+SVDefart|SVAdj;SVPrep|-SVObjpron|SVAdj;14-01-2015-sde
663;50;SVCon+^SVConpart1|SVAdjpron;SVCon|SVbCon;11-02-2015-sde
487;50;SVAdvDegree|SVAdjpron;SVbCon-SVAdv|SVAdjpron;17-12-2014-sde
488;50;SVAdvDegree|SVOrdnumber;SVbCon-SVAdv|SVAdj;17-12-2014-sde
521;50;SVNumber|SVbCon;SVbCon|SVCon;23-12-2014-sde
522;50;SVOrdnumber|SVbCon;SVbCon|SVCon;23-12-2014-sde
768;50;SVYear|SVGen+^"års";SVeCon|+SVDummy;18-06-2015-sde
769;50;SVYear|SVAdj+^"års";SVeCon|+SVDummy;18-06-2015-sde
775;50;SVYear|SVNum;SVeCon|^SVNum;23-06-2015-sde
776;50;SVYear|SVNumber;SVeCon|^SVNumber;23-06-2015-sde
770;50;SVMonth|SVYear|^"kl."+^"klockan"+^"kl";^SVMonth|SVeCon|+SVDummy;19-06-2015-sde
920;50;SVDate|"klockan";SVbCon-SVAdvTime-SVAdv|+SVDummy;02-11-2015-sde
890;50;SVCon+^SVMonth+^SVDay|"klockan";+SVDummy|SVbCon;22-10-2015-sde
772;50;SVPluralnoun|SVAdj;SVeCon|SVAdj;22-06-2015-sde
928;50;SVCPron|SVbCon;SVbCon|SVCon;18-12-2015-sde
351;50;SVSubjpron;SVSubjpron;experiment Subjpron->+Mod 15-10-2014-sde, changed 17-12-2015-sde after changing type of Subjpron
354;50;SVObjpron;SVObjpron;experiment 15-10-2014-sde, adapted 17-12-2015-sde
335;50;SVAdjpron+SVAttrpron;SVAdjpron;10-10-2014-sde
374;60;SVAdvPlace+^SVAdvC;SVAdvPlace;remove non-applicable labels for PR place adverbs, 23-10-2014-sde, experiment 30-10-2015-sde, changed AdvPlaceNR into AdvPlace 02-11-2015-sde
486;60;SVAdvDegree|SVAdvTime;SVAdvTime|+Join;16-12-2014-sde, added + to join 2016-03-31-sde
855;60;SVAdvDegree|SVAdvTemp;SVAdvTemp|+Join;27-08-2015-sde, added + to join 2016-03-31-sde
842;60;SVAdvDegree|SVAdvFreq;SVAdvFreq|+Join;20-08-2015-sde, added + to join 2016-03-31-sde
601;60;SVAdvDegree|SVAdvC;SVAdvC|+Join;19-01-2015-sde, added + to join 2016-03-31-sde
485;60;SVAdvDegree+^"särskilt";SVRel;16-12-2014-sde
367;60;SVAdvTime+^SVAdj;-SVAdv;21-10-2014-sde, added -Adv to avoid conflicting labels 20-08-2015-sde, removed +Mod from right part for compliance with guidelines 28-10-2015-sde
368;60;SVAdj+SVAdvTime;-SVAdvTime;avoid that the word becomes NR because of conflicting labels 21-10-2014-sde, no examples in devcorpus
843;60;SVAdvFreq+^SVAdj;-SVAdv;remove conflicting labels, 20-08-2015-sde, adapted 17-12-2015-sde
844;60;SVAdj+SVAdvFreq;-SVAdvFreq;avoid that the word becomes NR because of conflicting labels, 20-08-2015-sde
704;60;SVAdvTemp+^SVAdj;SVAdvTemp+SVTime;remove conflicting labels, 04-03-2015-sde, added +Mod 24-08-2015-sde, added Time 15-12-2015-sde, removed +Mod 17-12-2015-sde
705;60;SVAdvTemp+SVAdj;-SVAdvTemp;avoid that the word becomes NR because of conflicting labels 04-03-2015-sde, no examples in corpus
654;60;SVAdvPlace+SVAdvC;SVAdvC;10-02-2015-sde
891;60;SVAdvPlace;SVAdvPlace;default, 22-10-2015-sde, removed +Mod 17-12-2015-sde
912;60;^SVCon|"framme";+SVDummy|SVeCon;default for framme, 29-10-2015-sde
913;60;^SVCon|"borta";+SVDummy|SVeCon;default for borta, 29-10-2015-sde
625;70;SVNegWord+SVNegation;-SVNegation;22-01-2015-sde
448;70;SVAdjpron+SVNegation;+SVNegStart;25-11-2014-sde
431;70;^SVSubjpron+^SVObjpron+SVNegation+^SVNegStart;+SVNegBegin;21-11-2014-sde, added ^NegStart 24-11-2014-sde
432;70;SVvRel|SVNegrel+SVNegBegin;+SVNegBegin|-SVNegBegin;21-11-2014-sde
433;70;SVCon|SVNegBegin;^SVCon+SVNegBegin|-SVNegBegin;21-11-2014-sde
449;70;SVNegation|SVCon|SVUtan;^SVNegation|^SVCon|+SVNegStop;25-11-2014-sde
450;70;SVNegation|^SVUtan|SVCon|SVUtan;^SVNegation|+SVDummy|^SVCon|+SVNegStop;25-11-2014-sde
451;70;SVNegation|^SVUtan|^SVUtan|SVCon|SVUtan;^SVNegation|+SVDummy|+SVDummy|^SVCon|+SVNegStop;26-11-2014-sde
452;70;SVNegation|^SVUtan|^SVUtan|^SVUtan|SVCon|SVUtan;^SVNegation|+SVDummy|+SVDummy|+SVDummy|^SVCon|+SVNegStop;27-11-2014-sde
434;70;SVPunctuation|SVAndOrBut;SVPunctuation|+SVbRel+SVNegStop;negation stops on punctuation|AndOrBut, 21-11-2014-sde
439;70;SVAndOrBut|SVConj+^SVPrep|SVNegBegin;+SVbRel|+SVDummy|^SVNegBegin;split before AndOrBut when followed by Conj and NegBegin, to avoid expansion to a non-affected part of the relation, 21-11-2014-sde
435;70;SVAndOrBut|SVConj+^SVPrep|^SVNegBegin;+SVNegStop|+SVDummy|+SVDummy;stop negation before AndOrBut|Conj, 21-11-2014-sde
436;70;SVAndOrBut|SVAtt;+SVbRel|+SVNegStop;split before AndOrBut|Att to avoid expansion to a non-affected part of the relation, 21-11-2014-sde
437;70;SVAndOrBut|SVvRel+^SVNegBegin;SVAndOrBut|+SVNegStop;21-11-2014-sde
441;70;SVPunctuation|SVAdvStruct|SVCon;SVPunctuation|+SVDummy|+SVNegStop;24-11-2014-sde
442;70;SVPunctuation|SVAdvStruct|SVvRel;SVPunctuation|+SVDummy|+SVNegStop;24-11-2014-sde
443;70;SVPunctuation|SVvRel+^SVNegBegin;SVPunctuation|+SVNegStop;24-11-2014-sde
453;70;SVCon|SVConj+^SVPrep;^SVCon|+SVNegStop;27-11-2014-sde
454;70;SVCon|SVRelpron;^SVCon|+SVNegStop;27-11-2014-sde
455;70;SVCon|SVPrep|SVAtt;^SVCon|+SVNegStop|+SVDummy;27-11-2014-sde
780;80;SVCon|SVPosSentimentBegin;^SVCon+SVPosSentimentBegin|+SVDummy;23-06-2015-sde
784;80;SVCon|SVNegSentimentBegin;^SVCon+SVNegSentimentBegin|+SVDummy;23-06-2015-sde
785;80;SVPunctuation|SVAndOrBut;SVPunctuation|+SVbRel+SVPosSentimentStop;23-06-2015-sde
786;80;SVAndOrBut|SVConj+^SVPrep|SVPosSentimentBegin;+SVbRel|+SVDummy|^SVPosSentimentBegin;23-06-2015-sde, no example was found in the corpus with the rules profiler 12-Oct-2016-nl
787;80;SVAndOrBut|SVConj+^SVPrep|^SVPosSentimentBegin;+SVPosSentimentStop|+SVDummy|+SVDummy;23-06-2015-sde
788;80;SVAndOrBut|SVAtt;+SVbRel|+SVPosSentimentStop;23-06-2015-sde
789;80;SVAndOrBut|SVvRel+^SVPosSentimentBegin;SVAndOrBut|+SVPosSentimentStop;23-06-2015-sde
790;80;SVPunctuation|SVAdvStruct|SVCon;SVPunctuation|+SVDummy|+SVPosSentimentStop;23-06-2015-sde
791;80;SVPunctuation|SVAdvStruct|SVvRel;SVPunctuation|+SVDummy|+SVPosSentimentStop;23-06-2015-sde
792;80;SVPunctuation|SVvRel+^SVPosSentimentBegin;SVPunctuation|+SVPosSentimentStop;23-06-2015-sde
793;80;SVCon|SVConj+^SVPrep;^SVCon|+SVPosSentimentStop;23-06-2015-sde
794;80;SVCon|SVRelpron;^SVCon|+SVPosSentimentStop;23-06-2015-sde
795;80;SVCon|SVPrep|SVAtt;^SVCon|+SVPosSentimentStop|+SVDummy;23-06-2015-sde
796;80;SVPunctuation|SVAndOrBut;SVPunctuation|+SVbRel+SVNegSentimentStop;23-06-2015-sde
797;80;SVAndOrBut|SVConj+^SVPrep|SVNegSentimentBegin;+SVbRel|+SVDummy|^SVNegSentimentBegin;23-06-2015-sde, no example was found in the corpus with the rules profiler 12-Oct-2016-nl
798;80;SVAndOrBut|SVConj+^SVPrep|^SVNegSentimentBegin;+SVNegSentimentStop|+SVDummy|+SVDummy;23-06-2015-sde
799;80;SVAndOrBut|SVAtt;+SVbRel|+SVNegSentimentStop;23-06-2015-sde
800;80;SVAndOrBut|SVvRel+^SVNegSentimentBegin;SVAndOrBut|+SVNegSentimentStop;23-06-2015-sde
801;80;SVPunctuation|SVAdvStruct|SVCon;SVPunctuation|+SVDummy|+SVNegSentimentStop;23-06-2015-sde
802;80;SVPunctuation|SVAdvStruct|SVvRel;SVPunctuation|+SVDummy|+SVNegSentimentStop;23-06-2015-sde
803;80;SVPunctuation|SVvRel+^SVNegSentimentBegin;SVPunctuation|+SVNegSentimentStop;23-06-2015-sde
804;80;SVCon|SVConj+^SVPrep;^SVCon|+SVNegSentimentStop;23-06-2015-sde
805;80;SVCon|SVRelpron;^SVCon|+SVNegSentimentStop;23-06-2015-sde
806;80;SVCon|SVPrep|SVAtt;^SVCon|+SVNegSentimentStop|+SVDummy;23-06-2015-sde
438;80;SVbRel+SVAndOrBut;-SVAndOrBut;21-11-2014-sde, changed phase 23-06-2015-sde
15;$;SVPunctuation;Punctuation;rewrite language-specific label back to default
