;;А.;0;initial
;;А.А.;0;initial
;;А.Б.;0;initial
;;А.В.;0;initial
;;А.Г.;0;initial
;;А.Ґ.;0;initial
;;А.Д.;0;initial
;;А.Дж.;0;initial 26-05-2014-nl
;;А.Е.;0;initial
;;А.Є.;0;initial
;;А.Ж.;0;initial
;;А.З.;0;initial
;;А.И.;0;initial
;;А.І.;0;initial
;;А.Ї.;0;initial
;;А.Й.;0;initial
;;А.К.;0;initial
;;А.Л.;0;initial
;;А.М.;0;initial
;;А.Н.;0;initial
;;А.О.;0;initial
;;А.П.;0;initial
;;А.Р.;0;initial
;;А.С.;0;initial
;;А.Т.;0;initial
;;А.У.;0;initial
;;А.Ф.;0;initial
;;А.Х.;0;initial
;;А.Ц.;0;initial
;;А.Ч.;0;initial
;;А.Ш.;0;initial
;;А.Щ.;0;initial
;;А.Ю.;0;initial
;;А.Я.;0;initial
;;Б.;0;initial
;;Б.А.;0;initial
;;Б.Б.;0;initial
;;Б.В.;0;initial
;;Б.Г.;0;initial
;;Б.Ґ.;0;initial
;;Б.Д.;0;initial
;;Б.Дж.;0;initial 26-05-2014-nl
;;Б.Е.;0;initial
;;Б.Є.;0;initial
;;Б.Ж.;0;initial
;;Б.З.;0;initial
;;Б.И.;0;initial
;;Б.І.;0;initial
;;Б.Ї.;0;initial
;;Б.Й.;0;initial
;;Б.К.;0;initial
;;Б.Л.;0;initial
;;Б.М.;0;initial
;;Б.Н.;0;initial
;;Б.О.;0;initial
;;Б.П.;0;initial
;;Б.Р.;0;initial
;;Б.С.;0;initial
;;Б.Т.;0;initial
;;Б.У.;0;initial
;;Б.Ф.;0;initial
;;Б.Х.;0;initial
;;Б.Ц.;0;initial
;;Б.Ч.;0;initial
;;Б.Ш.;0;initial
;;Б.Щ.;0;initial
;;Б.Ю.;0;initial
;;Б.Я.;0;initial
;;В.;0;initial
;;В.А.;0;initial
;;В.Б.;0;initial
;;В.В.;0;initial
;;В.Г.;0;initial
;;В.Ґ.;0;initial
;;В.Д.;0;initial
;;В.Дж.;0;initial 26-05-2014-nl
;;В.Е.;0;initial
;;В.Є.;0;initial
;;В.Ж.;0;initial
;;В.З.;0;initial
;;В.І.;0;initial
;;В.Ї.;0;initial
;;В.И.;0;initial
;;В.Й.;0;initial
;;В.К.;0;initial
;;В.Л.;0;initial
;;В.М.;0;initial
;;В.Н.;0;initial
;;В.О.;0;initial
;;В.П.;0;initial
;;В.Р.;0;initial
;;В.С.;0;initial
;;В.Т.;0;initial
;;В.У.;0;initial
;;В.Ф.;0;initial
;;В.Х.;0;initial
;;В.Ц.;0;initial
;;В.Ч.;0;initial
;;В.Ш.;0;initial
;;В.Щ.;0;initial
;;В.Ю.;0;initial
;;В.Я.;0;initial
;;Г.;0;initial
;;Г.А.;0;initial
;;Г.Б.;0;initial
;;Г.В.;0;initial
;;Г.Г.;0;initial
;;Г.Ґ.;0;initial
;;Г.Д.;0;initial
;;Г.Дж.;0;initial 26-05-2014-nl
;;Г.Е.;0;initial
;;Г.Є.;0;initial
;;Г.Ж.;0;initial
;;Г.З.;0;initial
;;Г.І.;0;initial
;;Г.Ї.;0;initial
;;Г.И.;0;initial
;;Г.Й.;0;initial
;;Г.К.;0;initial
;;Г.Л.;0;initial
;;Г.М.;0;initial
;;Г.Н.;0;initial
;;Г.О.;0;initial
;;Г.П.;0;initial
;;Г.Р.;0;initial
;;Г.С.;0;initial
;;Г.Т.;0;initial
;;Г.У.;0;initial
;;Г.Ф.;0;initial
;;Г.Х.;0;initial
;;Г.Ц.;0;initial
;;Г.Ч.;0;initial
;;Г.Ш.;0;initial
;;Г.Щ.;0;initial
;;Г.Ю.;0;initial
;;Г.Я.;0;initial
;;Ґ.;0;28-04-2014-nl
;;Ґ.А.;0;28-04-2014-nl
;;Ґ.Б.;0;28-04-2014-nl
;;Ґ.В.;0;28-04-2014-nl
;;Ґ.Г.;0;28-04-2014-nl
;;Ґ.Ґ.;0;28-04-2014-nl
;;Ґ.Д.;0;28-04-2014-nl
;;Ґ.Дж.;0;initial 26-05-2014-nl
;;Ґ.Е.;0;28-04-2014-nl
;;Ґ.Є.;0;28-04-2014-nl
;;Ґ.Ж.;0;28-04-2014-nl
;;Ґ.З.;0;28-04-2014-nl
;;Ґ.І.;0;28-04-2014-nl
;;Ґ.Ї.;0;28-04-2014-nl
;;Ґ.И.;0;28-04-2014-nl
;;Ґ.Й.;0;28-04-2014-nl
;;Ґ.К.;0;28-04-2014-nl
;;Ґ.Л.;0;28-04-2014-nl
;;Ґ.М.;0;28-04-2014-nl
;;Ґ.Н.;0;28-04-2014-nl
;;Ґ.О.;0;28-04-2014-nl
;;Ґ.П.;0;28-04-2014-nl
;;Ґ.Р.;0;28-04-2014-nl
;;Ґ.С.;0;28-04-2014-nl
;;Ґ.Т.;0;28-04-2014-nl
;;Ґ.У.;0;28-04-2014-nl
;;Ґ.Ф.;0;28-04-2014-nl
;;Ґ.Х.;0;28-04-2014-nl
;;Ґ.Ц.;0;28-04-2014-nl
;;Ґ.Ч.;0;28-04-2014-nl
;;Ґ.Ш.;0;28-04-2014-nl
;;Ґ.Щ.;0;28-04-2014-nl
;;Ґ.Ю.;0;28-04-2014-nl
;;Ґ.Я.;0;28-04-2014-nl
;;Д.;0;initial
;;Д.А.;0;initial
;;Д.Б.;0;initial
;;Д.В.;0;initial
;;Д.Г.;0;initial
;;Д.Ґ.;0;initial
;;Д.Д.;0;initial
;;Д.Дж.;0;initial 26-05-2014-nl
;;Д.Е.;0;initial
;;Д.Є.;0;initial
;;Д.Ж.;0;initial
;;Д.З.;0;initial
;;Д.І.;0;initial
;;Д.Ї.;0;initial
;;Д.И.;0;initial
;;Д.Й.;0;initial
;;Д.К.;0;initial
;;Д.Л.;0;initial
;;Д.М.;0;initial
;;Д.Н.;0;initial
;;Д.О.;0;initial
;;Д.П.;0;initial
;;Д.Р.;0;initial
;;Д.С.;0;initial
;;Д.Т.;0;initial
;;Д.У.;0;initial
;;Д.Ф.;0;initial
;;Д.Х.;0;initial
;;Д.Ц.;0;initial
;;Д.Ч.;0;initial
;;Д.Ш.;0;initial
;;Д.Щ.;0;initial
;;Д.Ю.;0;initial
;;Д.Я.;0;initial
;;Дж.;0;initial
;;Дж.А.;0;initial
;;Дж.Б.;0;initial
;;Дж.В.;0;initial
;;Дж.Г.;0;initial
;;Дж.Ґ.;0;initial
;;Дж.Д.;0;initial
;;Дж.Дж.;0;initial 26-05-2014-nl
;;Дж.Е.;0;initial
;;Дж.Є.;0;initial
;;Дж.Ж.;0;initial
;;Дж.З.;0;initial
;;Дж.И.;0;initial
;;Дж.І.;0;initial
;;Дж.Ї.;0;initial
;;Дж.Й.;0;initial
;;Дж.К.;0;initial
;;Дж.Л.;0;initial
;;Дж.М.;0;initial
;;Дж.Н.;0;initial
;;Дж.О.;0;initial
;;Дж.П.;0;initial
;;Дж.Р.;0;initial
;;Дж.С.;0;initial
;;Дж.Т.;0;initial
;;Дж.У.;0;initial
;;Дж.Ф.;0;initial
;;Дж.Х.;0;initial
;;Дж.Ц.;0;initial
;;Дж.Ч.;0;initial
;;Дж.Ш.;0;initial
;;Дж.Щ.;0;initial
;;Дж.Ю.;0;initial
;;Дж.Я.;0;initial
;;Е.;0;initial
;;Е.А.;0;initial
;;Е.Б.;0;initial
;;Е.В.;0;initial
;;Е.Г.;0;initial
;;Е.Ґ.;0;initial
;;Е.Д.;0;initial
;;Е.Дж.;0;initial 26-05-2014-nl
;;Е.Е.;0;initial
;;Е.Є.;0;initial
;;Е.Ж.;0;initial
;;Е.З.;0;initial
;;Е.І.;0;initial
;;Е.Ї.;0;initial
;;Е.И.;0;initial
;;Е.Й.;0;initial
;;Е.К.;0;initial
;;Е.Л.;0;initial
;;Е.М.;0;initial
;;Е.Н.;0;initial
;;Е.О.;0;initial
;;Е.П.;0;initial
;;Е.Р.;0;initial
;;Е.С.;0;initial
;;Е.Т.;0;initial
;;Е.У.;0;initial
;;Е.Ф.;0;initial
;;Е.Х.;0;initial
;;Е.Ц.;0;initial
;;Е.Ч.;0;initial
;;Е.Ш.;0;initial
;;Е.Щ.;0;initial
;;Е.Ю.;0;initial
;;Е.Я.;0;initial
;;Є.;0;28-04-2014-nl
;;Є.А.;0;28-04-2014-nl
;;Є.Б.;0;28-04-2014-nl
;;Є.В.;0;28-04-2014-nl
;;Є.Г.;0;28-04-2014-nl
;;Є.Ґ.;0;28-04-2014-nl
;;Є.Д.;0;28-04-2014-nl
;;Є.Дж.;0;initial 26-05-2014-nl
;;Є.Е.;0;28-04-2014-nl
;;Є.Є.;0;28-04-2014-nl
;;Є.Ж.;0;28-04-2014-nl
;;Є.З.;0;28-04-2014-nl
;;Є.І.;0;28-04-2014-nl
;;Є.Ї.;0;28-04-2014-nl
;;Є.И.;0;28-04-2014-nl
;;Є.Й.;0;28-04-2014-nl
;;Є.К.;0;28-04-2014-nl
;;Є.Л.;0;28-04-2014-nl
;;Є.М.;0;28-04-2014-nl
;;Є.Н.;0;28-04-2014-nl
;;Є.О.;0;28-04-2014-nl
;;Є.П.;0;28-04-2014-nl
;;Є.Р.;0;28-04-2014-nl
;;Є.С.;0;28-04-2014-nl
;;Є.Т.;0;28-04-2014-nl
;;Є.У.;0;28-04-2014-nl
;;Є.Ф.;0;28-04-2014-nl
;;Є.Х.;0;28-04-2014-nl
;;Є.Ц.;0;28-04-2014-nl
;;Є.Ч.;0;28-04-2014-nl
;;Є.Ш.;0;28-04-2014-nl
;;Є.Щ.;0;28-04-2014-nl
;;Є.Ю.;0;28-04-2014-nl
;;Є.Я.;0;28-04-2014-nl
;;Ж.;0;initial
;;Ж.А.;0;initial
;;Ж.Б.;0;initial
;;Ж.-Б.;0;initial 28-04-2014-nl
;;Ж.В.;0;initial
;;Ж.Г.;0;initial
;;Ж.Ґ.;0;initial
;;Ж.Д.;0;initial
;;Ж.Дж.;0;initial 26-05-2014-nl
;;Ж.Е.;0;initial
;;Ж.Є.;0;initial
;;Ж.Ж.;0;initial
;;Ж.З.;0;initial
;;Ж.І.;0;initial
;;Ж.Ї.;0;initial
;;Ж.И.;0;initial
;;Ж.Й.;0;initial
;;Ж.К.;0;initial
;;Ж.Л.;0;initial
;;Ж.М.;0;initial
;;Ж.Н.;0;initial
;;Ж.О.;0;initial
;;Ж.П.;0;initial
;;Ж.Р.;0;initial
;;Ж.С.;0;initial
;;Ж.Т.;0;initial
;;Ж.У.;0;initial
;;Ж.Ф.;0;initial
;;Ж.Х.;0;initial
;;Ж.Ц.;0;initial
;;Ж.Ч.;0;initial
;;Ж.Ш.;0;initial
;;Ж.Щ.;0;initial
;;Ж.Ю.;0;initial
;;Ж.Я.;0;initial
;;З.;0;initial
;;З.А.;0;initial
;;З.Б.;0;initial
;;З.В.;0;initial
;;З.Г.;0;initial
;;З.Ґ.;0;initial
;;З.Д.;0;initial
;;З.Дж.;0;initial 26-05-2014-nl
;;З.Е.;0;initial
;;З.Є.;0;initial
;;З.Ж.;0;initial
;;З.З.;0;initial
;;З.І.;0;initial
;;З.Ї.;0;initial
;;З.И.;0;initial
;;З.Й.;0;initial
;;З.К.;0;initial
;;З.Л.;0;initial
;;З.М.;0;initial
;;З.Н.;0;initial
;;З.О.;0;initial
;;З.П.;0;initial
;;З.Р.;0;initial
;;З.С.;0;initial
;;З.Т.;0;initial
;;З.У.;0;initial
;;З.Ф.;0;initial
;;З.Х.;0;initial
;;З.Ц.;0;initial
;;З.Ч.;0;initial
;;З.Ш.;0;initial
;;З.Щ.;0;initial
;;З.Ю.;0;initial
;;З.Я.;0;initial
;;И.;0;initial
;;И.А.;0;initial
;;И.Б.;0;initial
;;И.В.;0;initial
;;И.Г.;0;initial
;;И.Ґ.;0;initial
;;И.Д.;0;initial
;;И.Дж.;0;initial 26-05-2014-nl
;;И.Е.;0;initial
;;И.Є.;0;initial
;;И.Ж.;0;initial
;;И.З.;0;initial
;;И.І.;0;initial
;;И.Ї.;0;initial
;;И.И.;0;initial
;;И.Й.;0;initial
;;И.К.;0;initial
;;И.Л.;0;initial
;;И.М.;0;initial
;;И.Н.;0;initial
;;И.О.;0;initial
;;И.П.;0;initial
;;И.Р.;0;initial
;;И.С.;0;initial
;;И.Т.;0;initial
;;И.У.;0;initial
;;И.Ф.;0;initial
;;И.Х.;0;initial
;;И.Ц.;0;initial
;;И.Ч.;0;initial
;;И.Ш.;0;initial
;;И.Щ.;0;initial
;;И.Ю.;0;initial
;;И.Я.;0;initial
;;І.;0;28-04-2014-nl
;;І.А.;0;28-04-2014-nl
;;І.Б.;0;28-04-2014-nl
;;І.В.;0;28-04-2014-nl
;;І.Г.;0;28-04-2014-nl
;;І.Ґ.;0;28-04-2014-nl
;;І.Д.;0;28-04-2014-nl
;;І.Дж.;0;initial 26-05-2014-nl
;;І.Е.;0;28-04-2014-nl
;;І.Є.;0;28-04-2014-nl
;;І.Ж.;0;28-04-2014-nl
;;І.З.;0;28-04-2014-nl
;;І.І.;0;28-04-2014-nl
;;І.Ї.;0;28-04-2014-nl
;;І.І.;0;28-04-2014-nl
;;І.Й.;0;28-04-2014-nl
;;І.К.;0;28-04-2014-nl
;;І.Л.;0;28-04-2014-nl
;;І.М.;0;28-04-2014-nl
;;І.Н.;0;28-04-2014-nl
;;І.О.;0;28-04-2014-nl
;;І.П.;0;28-04-2014-nl
;;І.Р.;0;28-04-2014-nl
;;І.С.;0;28-04-2014-nl
;;І.Т.;0;28-04-2014-nl
;;І.У.;0;28-04-2014-nl
;;І.Ф.;0;28-04-2014-nl
;;І.Х.;0;28-04-2014-nl
;;І.Ц.;0;28-04-2014-nl
;;І.Ч.;0;28-04-2014-nl
;;І.Ш.;0;28-04-2014-nl
;;І.Щ.;0;28-04-2014-nl
;;І.Ю.;0;28-04-2014-nl
;;І.Я.;0;28-04-2014-nl
;;Ї.;0;28-04-2014-nl
;;Ї.А.;0;28-04-2014-nl
;;Ї.Б.;0;28-04-2014-nl
;;Ї.В.;0;28-04-2014-nl
;;Ї.Г.;0;28-04-2014-nl
;;Ї.Ґ.;0;28-04-2014-nl
;;Ї.Д.;0;28-04-2014-nl
;;Ї.Дж.;0;initial 26-05-2014-nl
;;Ї.Е.;0;28-04-2014-nl
;;Ї.Є.;0;28-04-2014-nl
;;Ї.Ж.;0;28-04-2014-nl
;;Ї.З.;0;28-04-2014-nl
;;Ї.І.;0;28-04-2014-nl
;;Ї.Ї.;0;28-04-2014-nl
;;Ї.И.;0;28-04-2014-nl
;;Ї.Й.;0;28-04-2014-nl
;;Ї.К.;0;28-04-2014-nl
;;Ї.Л.;0;28-04-2014-nl
;;Ї.М.;0;28-04-2014-nl
;;Ї.Н.;0;28-04-2014-nl
;;Ї.О.;0;28-04-2014-nl
;;Ї.П.;0;28-04-2014-nl
;;Ї.Р.;0;28-04-2014-nl
;;Ї.С.;0;28-04-2014-nl
;;Ї.Т.;0;28-04-2014-nl
;;Ї.У.;0;28-04-2014-nl
;;Ї.Ф.;0;28-04-2014-nl
;;Ї.Х.;0;28-04-2014-nl
;;Ї.Ц.;0;28-04-2014-nl
;;Ї.Ч.;0;28-04-2014-nl
;;Ї.Ш.;0;28-04-2014-nl
;;Ї.Щ.;0;28-04-2014-nl
;;Ї.Ю.;0;28-04-2014-nl
;;Ї.Я.;0;28-04-2014-nl
;;Й.;0;initial
;;Й.А.;0;initial
;;Й.Б.;0;initial
;;Й.В.;0;initial
;;Й.Г.;0;initial
;;Й.Ґ.;0;initial
;;Й.Д.;0;initial
;;Й.Дж.;0;initial 26-05-2014-nl
;;Й.Е.;0;initial
;;Й.Є.;0;initial
;;Й.Ж.;0;initial
;;Й.З.;0;initial
;;Й.І.;0;initial
;;Й.Ї.;0;initial
;;Й.И.;0;initial
;;Й.Й.;0;initial
;;Й.К.;0;initial
;;Й.Л.;0;initial
;;Й.М.;0;initial
;;Й.Н.;0;initial
;;Й.О.;0;initial
;;Й.П.;0;initial
;;Й.Р.;0;initial
;;Й.С.;0;initial
;;Й.Т.;0;initial
;;Й.У.;0;initial
;;Й.Ф.;0;initial
;;Й.Х.;0;initial
;;Й.Ц.;0;initial
;;Й.Ч.;0;initial
;;Й.Ш.;0;initial
;;Й.Щ.;0;initial
;;Й.Ю.;0;initial
;;Й.Я.;0;initial
;;К.;0;initial
;;К.А.;0;initial
;;К.Б.;0;initial
;;К.В.;0;initial
;;К.Г.;0;initial
;;К.Ґ.;0;initial
;;К.Д.;0;initial
;;К.Дж.;0;initial 26-05-2014-nl
;;К.Е.;0;initial
;;К.Є.;0;initial
;;К.Ж.;0;initial
;;К.З.;0;initial
;;К.І.;0;initial
;;К.Ї.;0;initial
;;К.И.;0;initial
;;К.Й.;0;initial
;;К.К.;0;initial
;;К.Л.;0;initial
;;К.М.;0;initial
;;К.Н.;0;initial
;;К.О.;0;initial
;;К.П.;0;initial
;;К.Р.;0;initial
;;К.С.;0;initial
;;К.Т.;0;initial
;;К.У.;0;initial
;;К.Ф.;0;initial
;;К.Х.;0;initial
;;К.Ц.;0;initial
;;К.Ч.;0;initial
;;К.Ш.;0;initial
;;К.Щ.;0;initial
;;К.Ю.;0;initial
;;К.Я.;0;initial
;;Л.;0;initial
;;Л.А.;0;initial
;;Л.Б.;0;initial
;;Л.В.;0;initial
;;Л.Г.;0;initial
;;Л.Ґ.;0;initial
;;Л.Д.;0;initial
;;Л.Дж.;0;initial 26-05-2014-nl
;;Л.Е.;0;initial
;;Л.Є.;0;initial
;;Л.Ж.;0;initial
;;Л.З.;0;initial
;;Л.І.;0;initial
;;Л.Ї.;0;initial
;;Л.И.;0;initial
;;Л.Й.;0;initial
;;Л.К.;0;initial
;;Л.Л.;0;initial
;;Л.М.;0;initial
;;Л.Н.;0;initial
;;Л.О.;0;initial
;;Л.П.;0;initial
;;Л.Р.;0;initial
;;Л.С.;0;initial
;;Л.Т.;0;initial
;;Л.У.;0;initial
;;Л.Ф.;0;initial
;;Л.Х.;0;initial
;;Л.Ц.;0;initial
;;Л.Ч.;0;initial
;;Л.Ш.;0;initial
;;Л.Щ.;0;initial
;;Л.Ю.;0;initial
;;Л.Я.;0;initial
;;М.;0;initial
;;М.А.;0;initial
;;М.Б.;0;initial
;;М.В.;0;initial
;;М.Г.;0;initial
;;М.Ґ.;0;initial
;;М.Д.;0;initial
;;М.Дж.;0;initial 26-05-2014-nl
;;М.Е.;0;initial
;;М.Є.;0;initial
;;М.Ж.;0;initial
;;М.З.;0;initial
;;М.І.;0;initial
;;М.Ї.;0;initial
;;М.И.;0;initial
;;М.Й.;0;initial
;;М.К.;0;initial
;;М.Л.;0;initial
;;М.М.;0;initial
;;М.Н.;0;initial
;;М.О.;0;initial
;;М.П.;0;initial
;;М.Р.;0;initial
;;М.С.;0;initial
;;М.Т.;0;initial
;;М.У.;0;initial
;;М.Ф.;0;initial
;;М.Х.;0;initial
;;М.Ц.;0;initial
;;М.Ч.;0;initial
;;М.Ш.;0;initial
;;М.Щ.;0;initial
;;М.Ю.;0;initial
;;М.Я.;0;initial
;;Н.;0;initial
;;Н.А.;0;initial
;;Н.Б.;0;initial
;;Н.В.;0;initial
;;Н.Г.;0;initial
;;Н.Ґ.;0;initial
;;Н.Д.;0;initial
;;Н.Дж.;0;initial 26-05-2014-nl
;;Н.Е.;0;initial
;;Н.Є.;0;initial
;;Н.Ж.;0;initial
;;Н.З.;0;initial
;;Н.І.;0;initial
;;Н.Ї.;0;initial
;;Н.И.;0;initial
;;Н.Й.;0;initial
;;Н.К.;0;initial
;;Н.Л.;0;initial
;;Н.М.;0;initial
;;Н.Н.;0;initial
;;Н.О.;0;initial
;;Н.П.;0;initial
;;Н.Р.;0;initial
;;Н.С.;0;initial
;;Н.Т.;0;initial
;;Н.У.;0;initial
;;Н.Ф.;0;initial
;;Н.Х.;0;initial
;;Н.Ц.;0;initial
;;Н.Ч.;0;initial
;;Н.Ш.;0;initial
;;Н.Щ.;0;initial
;;Н.Ю.;0;initial
;;Н.Я.;0;initial
;;О.;0;initial
;;О.А.;0;initial
;;О.Б.;0;initial
;;О.В.;0;initial
;;О.Г.;0;initial
;;О.Ґ.;0;initial
;;О.Д.;0;initial
;;О.Дж.;0;initial 26-05-2014-nl
;;О.Е.;0;initial
;;О.Є.;0;initial
;;О.Ж.;0;initial
;;О.З.;0;initial
;;О.І.;0;initial
;;О.Ї.;0;initial
;;О.И.;0;initial
;;О.Й.;0;initial
;;О.К.;0;initial
;;О.Л.;0;initial
;;О.М.;0;initial
;;О.Н.;0;initial
;;О.О.;0;initial
;;О.П.;0;initial
;;О.Р.;0;initial
;;О.С.;0;initial
;;О.Т.;0;initial
;;О.У.;0;initial
;;О.Ф.;0;initial
;;О.Х.;0;initial
;;О.Ц.;0;initial
;;О.Ч.;0;initial
;;О.Ш.;0;initial
;;О.Щ.;0;initial
;;О.Ю.;0;initial
;;О.Я.;0;initial
;;П.;0;initial
;;П.А.;0;initial
;;П.Б.;0;initial
;;П.В.;0;initial
;;П.Г.;0;initial
;;П.Ґ.;0;initial
;;П.Д.;0;initial
;;П.Дж.;0;initial 26-05-2014-nl
;;П.Е.;0;initial
;;П.Є.;0;initial
;;П.Ж.;0;initial
;;П.З.;0;initial
;;П.І.;0;initial
;;П.Ї.;0;initial
;;П.И.;0;initial
;;П.Й.;0;initial
;;П.К.;0;initial
;;П.Л.;0;initial
;;П.М.;0;initial
;;П.Н.;0;initial
;;П.О.;0;initial
;;П.П.;0;initial
;;П.Р.;0;initial
;;П.С.;0;initial
;;П.Т.;0;initial
;;П.У.;0;initial
;;П.Ф.;0;initial
;;П.Х.;0;initial
;;П.Ц.;0;initial
;;П.Ч.;0;initial
;;П.Ш.;0;initial
;;П.Щ.;0;initial
;;П.Ю.;0;initial
;;П.Я.;0;initial
;;Р.;0;initial
;;Р.А.;0;initial
;;Р.Б.;0;initial
;;Р.В.;0;initial
;;Р.Г.;0;initial
;;Р.Ґ.;0;initial
;;Р.Д.;0;initial
;;Р.Дж.;0;initial 26-05-2014-nl
;;Р.Е.;0;initial
;;Р.Є.;0;initial
;;Р.Ж.;0;initial
;;Р.З.;0;initial
;;Р.І.;0;initial
;;Р.Ї.;0;initial
;;Р.И.;0;initial
;;Р.Й.;0;initial
;;Р.К.;0;initial
;;Р.Л.;0;initial
;;Р.М.;0;initial
;;Р.Н.;0;initial
;;Р.О.;0;initial
;;Р.П.;0;initial
;;Р.Р.;0;initial
;;Р.С.;0;initial
;;Р.Т.;0;initial
;;Р.У.;0;initial
;;Р.Ф.;0;initial
;;Р.Х.;0;initial
;;Р.Ц.;0;initial
;;Р.Ч.;0;initial
;;Р.Ш.;0;initial
;;Р.Щ.;0;initial
;;Р.Ю.;0;initial
;;Р.Я.;0;initial
;;С.;0;initial
;;С.А.;0;initial
;;С.Б.;0;initial
;;С.В.;0;initial
;;С.Г.;0;initial
;;С.Ґ.;0;initial
;;С.Д.;0;initial
;;С.Дж.;0;initial 26-05-2014-nl
;;С.Е.;0;initial
;;С.Є.;0;initial
;;С.Ж.;0;initial
;;С.З.;0;initial
;;С.І.;0;initial
;;С.Ї.;0;initial
;;С.И.;0;initial
;;С.Й.;0;initial
;;С.К.;0;initial
;;С.Л.;0;initial
;;С.М.;0;initial
;;С.Н.;0;initial
;;С.О.;0;initial
;;С.П.;0;initial
;;С.Р.;0;initial
;;С.С.;0;initial
;;С.Т.;0;initial
;;С.У.;0;initial
;;С.Ф.;0;initial
;;С.Х.;0;initial
;;С.Ц.;0;initial
;;С.Ч.;0;initial
;;С.Ш.;0;initial
;;С.Щ.;0;initial
;;С.Ю.;0;initial
;;С.Я.;0;initial
;;Т.;0;initial
;;Т.А.;0;initial
;;Т.Б.;0;initial
;;Т.В.;0;initial
;;Т.Г.;0;initial
;;Т.Ґ.;0;initial
;;Т.Д.;0;initial
;;Т.Дж.;0;initial 26-05-2014-nl
;;Т.Е.;0;initial
;;Т.Є.;0;initial
;;Т.Ж.;0;initial
;;Т.З.;0;initial
;;Т.І.;0;initial
;;Т.Ї.;0;initial
;;Т.И.;0;initial
;;Т.Й.;0;initial
;;Т.К.;0;initial
;;Т.Л.;0;initial
;;Т.М.;0;initial
;;Т.Н.;0;initial
;;Т.О.;0;initial
;;Т.П.;0;initial
;;Т.Р.;0;initial
;;Т.С.;0;initial
;;Т.Т.;0;initial
;;Т.У.;0;initial
;;Т.Ф.;0;initial
;;Т.Х.;0;initial
;;Т.Ц.;0;initial
;;Т.Ч.;0;initial
;;Т.Ш.;0;initial
;;Т.Щ.;0;initial
;;Т.Ю.;0;initial
;;Т.Я.;0;initial
;;У.;0;initial
;;У.А.;0;initial
;;У.Б.;0;initial
;;У.В.;0;initial
;;У.Г.;0;initial
;;У.Ґ.;0;initial
;;У.Д.;0;initial
;;У.Дж.;0;initial 26-05-2014-nl
;;У.Е.;0;initial
;;У.Є.;0;initial
;;У.Ж.;0;initial
;;У.З.;0;initial
;;У.І.;0;initial
;;У.Ї.;0;initial
;;У.И.;0;initial
;;У.Й.;0;initial
;;У.К.;0;initial
;;У.Л.;0;initial
;;У.М.;0;initial
;;У.Н.;0;initial
;;У.О.;0;initial
;;У.П.;0;initial
;;У.Р.;0;initial
;;У.С.;0;initial
;;У.Т.;0;initial
;;У.У.;0;initial
;;У.Ф.;0;initial
;;У.Х.;0;initial
;;У.Ц.;0;initial
;;У.Ч.;0;initial
;;У.Ш.;0;initial
;;У.Щ.;0;initial
;;У.Ю.;0;initial
;;У.Я.;0;initial
;;Ф.;0;initial
;;Ф.А.;0;initial
;;Ф.Б.;0;initial
;;Ф.В.;0;initial
;;Ф.Г.;0;initial
;;Ф.Ґ.;0;initial
;;Ф.Д.;0;initial
;;Ф.Дж.;0;initial 26-05-2014-nl
;;Ф.Е.;0;initial
;;Ф.Є.;0;initial
;;Ф.Ж.;0;initial
;;Ф.З.;0;initial
;;Ф.І.;0;initial
;;Ф.Ї.;0;initial
;;Ф.И.;0;initial
;;Ф.Й.;0;initial
;;Ф.К.;0;initial
;;Ф.Л.;0;initial
;;Ф.М.;0;initial
;;Ф.Н.;0;initial
;;Ф.О.;0;initial
;;Ф.П.;0;initial
;;Ф.Р.;0;initial
;;Ф.С.;0;initial
;;Ф.Т.;0;initial
;;Ф.У.;0;initial
;;Ф.Ф.;0;initial
;;Ф.Х.;0;initial
;;Ф.Ц.;0;initial
;;Ф.Ч.;0;initial
;;Ф.Ш.;0;initial
;;Ф.Щ.;0;initial
;;Ф.Ю.;0;initial
;;Ф.Я.;0;initial
;;Х.;0;initial
;;Х.А.;0;initial
;;Х.Б.;0;initial
;;Х.В.;0;initial
;;Х.Г.;0;initial
;;Х.Ґ.;0;initial
;;Х.Д.;0;initial
;;Х.Дж.;0;initial 26-05-2014-nl
;;Х.Е.;0;initial
;;Х.Є.;0;initial
;;Х.Ж.;0;initial
;;Х.З.;0;initial
;;Х.І.;0;initial
;;Х.Ї.;0;initial
;;Х.И.;0;initial
;;Х.Й.;0;initial
;;Х.К.;0;initial
;;Х.Л.;0;initial
;;Х.М.;0;initial
;;Х.Н.;0;initial
;;Х.О.;0;initial
;;Х.П.;0;initial
;;Х.Р.;0;initial
;;Х.С.;0;initial
;;Х.Т.;0;initial
;;Х.У.;0;initial
;;Х.Ф.;0;initial
;;Х.Х.;0;initial
;;Х.Ц.;0;initial
;;Х.Ч.;0;initial
;;Х.Ш.;0;initial
;;Х.Щ.;0;initial
;;Х.Ю.;0;initial
;;Х.Я.;0;initial
;;Ц.;0;initial
;;Ц.А.;0;initial
;;Ц.Б.;0;initial
;;Ц.В.;0;initial
;;Ц.Г.;0;initial
;;Ц.Ґ.;0;initial
;;Ц.Д.;0;initial
;;Ц.Дж.;0;initial 26-05-2014-nl
;;Ц.Е.;0;initial
;;Ц.Є.;0;initial
;;Ц.Ж.;0;initial
;;Ц.З.;0;initial
;;Ц.І.;0;initial
;;Ц.Ї.;0;initial
;;Ц.И.;0;initial
;;Ц.Й.;0;initial
;;Ц.К.;0;initial
;;Ц.Л.;0;initial
;;Ц.М.;0;initial
;;Ц.Н.;0;initial
;;Ц.О.;0;initial
;;Ц.П.;0;initial
;;Ц.Р.;0;initial
;;Ц.С.;0;initial
;;Ц.Т.;0;initial
;;Ц.У.;0;initial
;;Ц.Ф.;0;initial
;;Ц.Х.;0;initial
;;Ц.Ц.;0;initial
;;Ц.Ч.;0;initial
;;Ц.Ш.;0;initial
;;Ц.Щ.;0;initial
;;Ц.Ю.;0;initial
;;Ц.Я.;0;initial
;;Ч.;0;initial
;;Ч.А.;0;initial
;;Ч.Б.;0;initial
;;Ч.В.;0;initial
;;Ч.Г.;0;initial
;;Ч.Ґ.;0;initial
;;Ч.Д.;0;initial
;;Ч.Дж.;0;initial 26-05-2014-nl
;;Ч.Е.;0;initial
;;Ч.Є.;0;initial
;;Ч.Ж.;0;initial
;;Ч.З.;0;initial
;;Ч.І.;0;initial
;;Ч.Ї.;0;initial
;;Ч.И.;0;initial
;;Ч.Й.;0;initial
;;Ч.К.;0;initial
;;Ч.Л.;0;initial
;;Ч.М.;0;initial
;;Ч.Н.;0;initial
;;Ч.О.;0;initial
;;Ч.П.;0;initial
;;Ч.Р.;0;initial
;;Ч.С.;0;initial
;;Ч.Т.;0;initial
;;Ч.У.;0;initial
;;Ч.Ф.;0;initial
;;Ч.Х.;0;initial
;;Ч.Ц.;0;initial
;;Ч.Ч.;0;initial
;;Ч.Ш.;0;initial
;;Ч.Щ.;0;initial
;;Ч.Ю.;0;initial
;;Ч.Я.;0;initial
;;Ш.;0;initial
;;Ш.А.;0;initial
;;Ш.Б.;0;initial
;;Ш.В.;0;initial
;;Ш.Г.;0;initial
;;Ш.Ґ.;0;initial
;;Ш.Д.;0;initial
;;Ш.Дж.;0;initial 26-05-2014-nl
;;Ш.Е.;0;initial
;;Ш.Є.;0;initial
;;Ш.Ж.;0;initial
;;Ш.З.;0;initial
;;Ш.І.;0;initial
;;Ш.Ї.;0;initial
;;Ш.И.;0;initial
;;Ш.Й.;0;initial
;;Ш.К.;0;initial
;;Ш.Л.;0;initial
;;Ш.М.;0;initial
;;Ш.Н.;0;initial
;;Ш.О.;0;initial
;;Ш.П.;0;initial
;;Ш.Р.;0;initial
;;Ш.С.;0;initial
;;Ш.Т.;0;initial
;;Ш.У.;0;initial
;;Ш.Ф.;0;initial
;;Ш.Х.;0;initial
;;Ш.Ц.;0;initial
;;Ш.Ч.;0;initial
;;Ш.Ш.;0;initial
;;Ш.Щ.;0;initial
;;Ш.Ю.;0;initial
;;Ш.Я.;0;initial
;;Щ.;0;initial
;;Щ.А.;0;initial
;;Щ.Б.;0;initial
;;Щ.В.;0;initial
;;Щ.Г.;0;initial
;;Щ.Ґ.;0;initial
;;Щ.Д.;0;initial
;;Щ.Дж.;0;initial 26-05-2014-nl
;;Щ.Е.;0;initial
;;Щ.Є.;0;initial
;;Щ.Ж.;0;initial
;;Щ.З.;0;initial
;;Щ.І.;0;initial
;;Щ.Ї.;0;initial
;;Щ.И.;0;initial
;;Щ.Й.;0;initial
;;Щ.К.;0;initial
;;Щ.Л.;0;initial
;;Щ.М.;0;initial
;;Щ.Н.;0;initial
;;Щ.О.;0;initial
;;Щ.П.;0;initial
;;Щ.Р.;0;initial
;;Щ.С.;0;initial
;;Щ.Т.;0;initial
;;Щ.У.;0;initial
;;Щ.Ф.;0;initial
;;Щ.Х.;0;initial
;;Щ.Ц.;0;initial
;;Щ.Ч.;0;initial
;;Щ.Ш.;0;initial
;;Щ.Щ.;0;initial
;;Щ.Ю.;0;initial
;;Щ.Я.;0;initial
;;Ю.;0;initial
;;Ю.А.;0;initial
;;Ю.Б.;0;initial
;;Ю.В.;0;initial
;;Ю.Г.;0;initial
;;Ю.Ґ.;0;initial
;;Ю.Д.;0;initial
;;Ю.Дж.;0;initial 26-05-2014-nl
;;Ю.Е.;0;initial
;;Ю.Є.;0;initial
;;Ю.Ж.;0;initial
;;Ю.З.;0;initial
;;Ю.І.;0;initial
;;Ю.Ї.;0;initial
;;Ю.И.;0;initial
;;Ю.Й.;0;initial
;;Ю.К.;0;initial
;;Ю.Л.;0;initial
;;Ю.М.;0;initial
;;Ю.Н.;0;initial
;;Ю.О.;0;initial
;;Ю.П.;0;initial
;;Ю.Р.;0;initial
;;Ю.С.;0;initial
;;Ю.Т.;0;initial
;;Ю.У.;0;initial
;;Ю.Ф.;0;initial
;;Ю.Х.;0;initial
;;Ю.Ц.;0;initial
;;Ю.Ч.;0;initial
;;Ю.Ш.;0;initial
;;Ю.Щ.;0;initial
;;Ю.Ю.;0;initial
;;Ю.Я.;0;initial
;;Я.;0;initial
;;Я.А.;0;initial
;;Я.Б.;0;initial
;;Я.В.;0;initial
;;Я.Г.;0;initial
;;Я.Ґ.;0;initial
;;Я.Д.;0;initial
;;Я.Дж.;0;initial 26-05-2014-nl
;;Я.Е.;0;initial
;;Я.Є.;0;initial
;;Я.Ж.;0;initial
;;Я.З.;0;initial
;;Я.І.;0;initial
;;Я.Ї.;0;initial
;;Я.И.;0;initial
;;Я.Й.;0;initial
;;Я.К.;0;initial
;;Я.Л.;0;initial
;;Я.М.;0;initial
;;Я.Н.;0;initial
;;Я.О.;0;initial
;;Я.П.;0;initial
;;Я.Р.;0;initial
;;Я.С.;0;initial
;;Я.Т.;0;initial
;;Я.У.;0;initial
;;Я.Ф.;0;initial
;;Я.Х.;0;initial
;;Я.Ц.;0;initial
;;Я.Ч.;0;initial
;;Я.Ш.;0;initial
;;Я.Щ.;0;initial
;;Я.Ю.;0;initial
;;Я.Я.;0;initial

/* INITIALS FOR WESTERN LANGUAGES

/* Single initials
1;;A.;0;Engelse werkversie
28;;B.;0;Engelse werkversie
55;;C.;0;Engelse werkversie
82;;D.;0;Engelse werkversie
109;;E.;0;Engelse werkversie
136;;F.;0;Engelse werkversie
163;;G.;0;Engelse werkversie
190;;H.;0;Engelse werkversie
217;;I.;0;Engelse werkversie
244;;J.;0;Engelse werkversie
271;;K.;0;Engelse werkversie
298;;L.;0;Engelse werkversie
325;;M.;0;Engelse werkversie
356;;N.;0;Engelse werkversie
383;;O.;0;Engelse werkversie
410;;P.;0;Engelse werkversie
437;;Q.;0;Engelse werkversie
464;;R.;0;Engelse werkversie
491;;S.;0;Engelse werkversie
518;;T.;0;Engelse werkversie
545;;U.;0;Engelse werkversie
572;;V.;0;Engelse werkversie
599;;W.;0;Engelse werkversie
626;;X.;0;Engelse werkversie
653;;Y.;0;Engelse werkversie
680;;Z.;0;Engelse werkversie

/* Double initials
2;;A.A.;0;Engelse werkversie
3;;A.B.;0;Engelse werkversie
4;;A.C.;0;Engelse werkversie
5;;A.D.;0;Engelse werkversie
6;;A.E.;0;Engelse werkversie
7;;A.F.;0;Engelse werkversie
8;;A.G.;0;Engelse werkversie
9;;A.H.;0;Engelse werkversie
10;;A.I.;0;Engelse werkversie
11;;A.J.;0;Engelse werkversie
12;;A.K.;0;Engelse werkversie
13;;A.L.;0;Engelse werkversie
14;;A.M.;0;Engelse werkversie
15;;A.N.;0;Engelse werkversie
16;;A.O.;0;Engelse werkversie
17;;A.P.;0;Engelse werkversie
18;;A.Q.;0;Engelse werkversie
19;;A.R.;0;Engelse werkversie
20;;A.S.;0;Engelse werkversie
21;;A.T.;0;Engelse werkversie
22;;A.U.;0;Engelse werkversie
23;;A.V.;0;Engelse werkversie
24;;A.W.;0;Engelse werkversie
25;;A.X.;0;Engelse werkversie
26;;A.Y.;0;Engelse werkversie
27;;A.Z.;0;Engelse werkversie
29;;B.A.;0;Engelse werkversie
30;;B.B.;0;Engelse werkversie
31;;B.C.;0;Engelse werkversie
32;;B.D.;0;Engelse werkversie
33;;B.E.;0;Engelse werkversie
34;;B.F.;0;Engelse werkversie
35;;B.G.;0;Engelse werkversie
36;;B.H.;0;Engelse werkversie
37;;B.I.;0;Engelse werkversie
38;;B.J.;0;Engelse werkversie
39;;B.K.;0;Engelse werkversie
40;;B.L.;0;Engelse werkversie
41;;B.M.;0;Engelse werkversie
42;;B.N.;0;Engelse werkversie
43;;B.O.;0;Engelse werkversie
44;;B.P.;0;Engelse werkversie
45;;B.Q.;0;Engelse werkversie
46;;B.R.;0;Engelse werkversie
47;;B.S.;0;Engelse werkversie
48;;B.T.;0;Engelse werkversie
49;;B.U.;0;Engelse werkversie
50;;B.V.;0;Engelse werkversie
51;;B.W.;0;Engelse werkversie
52;;B.X.;0;Engelse werkversie
53;;B.Y.;0;Engelse werkversie
54;;B.Z.;0;Engelse werkversie
56;;C.A.;0;Engelse werkversie
57;;C.B.;0;Engelse werkversie
58;;C.C.;0;Engelse werkversie
59;;C.D.;0;Engelse werkversie
60;;C.E.;0;Engelse werkversie
61;;C.F.;0;Engelse werkversie
62;;C.G.;0;Engelse werkversie
63;;C.H.;0;Engelse werkversie
64;;C.I.;0;Engelse werkversie
65;;C.J.;0;Engelse werkversie
66;;C.K.;0;Engelse werkversie
67;;C.L.;0;Engelse werkversie
68;;C.M.;0;Engelse werkversie
69;;C.N.;0;Engelse werkversie
70;;C.O.;0;Engelse werkversie
71;;C.P.;0;Engelse werkversie
72;;C.Q.;0;Engelse werkversie
73;;C.R.;0;Engelse werkversie
74;;C.S.;0;Engelse werkversie
75;;C.T.;0;Engelse werkversie
76;;C.U.;0;Engelse werkversie
77;;C.V.;0;Engelse werkversie
78;;C.W.;0;Engelse werkversie
79;;C.X.;0;Engelse werkversie
80;;C.Y.;0;Engelse werkversie
81;;C.Z.;0;Engelse werkversie
83;;D.A.;0;Engelse werkversie
84;;D.B.;0;Engelse werkversie
85;;D.C.;0;Engelse werkversie
86;;D.D.;0;Engelse werkversie
87;;D.E.;0;Engelse werkversie
88;;D.F.;0;Engelse werkversie
89;;D.G.;0;Engelse werkversie
90;;D.H.;0;Engelse werkversie
91;;D.I.;0;Engelse werkversie
92;;D.J.;0;Engelse werkversie
93;;D.K.;0;Engelse werkversie
94;;D.L.;0;Engelse werkversie
95;;D.M.;0;Engelse werkversie
96;;D.N.;0;Engelse werkversie
97;;D.O.;0;Engelse werkversie
98;;D.P.;0;Engelse werkversie
99;;D.Q.;0;Engelse werkversie
100;;D.R.;0;Engelse werkversie
101;;D.S.;0;Engelse werkversie
102;;D.T.;0;Engelse werkversie
103;;D.U.;0;Engelse werkversie
104;;D.V.;0;Engelse werkversie
105;;D.W.;0;Engelse werkversie
106;;D.X.;0;Engelse werkversie
107;;D.Y.;0;Engelse werkversie
108;;D.Z.;0;Engelse werkversie
110;;E.A.;0;Engelse werkversie
111;;E.B.;0;Engelse werkversie
112;;E.C.;0;Engelse werkversie
113;;E.D.;0;Engelse werkversie
114;;E.E.;0;Engelse werkversie
115;;E.F.;0;Engelse werkversie
116;;E.G.;0;Engelse werkversie
117;;E.H.;0;Engelse werkversie
118;;E.I.;0;Engelse werkversie
119;;E.J.;0;Engelse werkversie
120;;E.K.;0;Engelse werkversie
121;;E.L.;0;Engelse werkversie
122;;E.M.;0;Engelse werkversie
123;;E.N.;0;Engelse werkversie
124;;E.O.;0;Engelse werkversie
125;;E.P.;0;Engelse werkversie
126;;E.Q.;0;Engelse werkversie
127;;E.R.;0;Engelse werkversie
128;;E.S.;0;Engelse werkversie
129;;E.T.;0;Engelse werkversie
130;;E.U.;0;Engelse werkversie
131;;E.V.;0;Engelse werkversie
132;;E.W.;0;Engelse werkversie
133;;E.X.;0;Engelse werkversie
134;;E.Y.;0;Engelse werkversie
135;;E.Z.;0;Engelse werkversie
137;;F.A.;0;Engelse werkversie
138;;F.B.;0;Engelse werkversie
139;;F.C.;0;Engelse werkversie
140;;F.D.;0;Engelse werkversie
141;;F.E.;0;Engelse werkversie
142;;F.F.;0;Engelse werkversie
143;;F.G.;0;Engelse werkversie
144;;F.H.;0;Engelse werkversie
145;;F.I.;0;Engelse werkversie
146;;F.J.;0;Engelse werkversie
147;;F.K.;0;Engelse werkversie
148;;F.L.;0;Engelse werkversie
149;;F.M.;0;Engelse werkversie
150;;F.N.;0;Engelse werkversie
151;;F.O.;0;Engelse werkversie
152;;F.P.;0;Engelse werkversie
153;;F.Q.;0;Engelse werkversie
154;;F.R.;0;Engelse werkversie
155;;F.S.;0;Engelse werkversie
156;;F.T.;0;Engelse werkversie
157;;F.U.;0;Engelse werkversie
158;;F.V.;0;Engelse werkversie
159;;F.W.;0;Engelse werkversie
160;;F.X.;0;Engelse werkversie
161;;F.Y.;0;Engelse werkversie
162;;F.Z.;0;Engelse werkversie
164;;G.A.;0;Engelse werkversie
165;;G.B.;0;Engelse werkversie
166;;G.C.;0;Engelse werkversie
167;;G.D.;0;Engelse werkversie
168;;G.E.;0;Engelse werkversie
169;;G.F.;0;Engelse werkversie
170;;G.G.;0;Engelse werkversie
171;;G.H.;0;Engelse werkversie
172;;G.I.;0;Engelse werkversie
173;;G.J.;0;Engelse werkversie
174;;G.K.;0;Engelse werkversie
175;;G.L.;0;Engelse werkversie
176;;G.M.;0;Engelse werkversie
177;;G.N.;0;Engelse werkversie
178;;G.O.;0;Engelse werkversie
179;;G.P.;0;Engelse werkversie
180;;G.Q.;0;Engelse werkversie
181;;G.R.;0;Engelse werkversie
182;;G.S.;0;Engelse werkversie
183;;G.T.;0;Engelse werkversie
184;;G.U.;0;Engelse werkversie
185;;G.V.;0;Engelse werkversie
186;;G.W.;0;Engelse werkversie
187;;G.X.;0;Engelse werkversie
188;;G.Y.;0;Engelse werkversie
189;;G.Z.;0;Engelse werkversie
191;;H.A.;0;Engelse werkversie
192;;H.B.;0;Engelse werkversie
193;;H.C.;0;Engelse werkversie
194;;H.D.;0;Engelse werkversie
195;;H.E.;0;Engelse werkversie
196;;H.F.;0;Engelse werkversie
197;;H.G.;0;Engelse werkversie
198;;H.H.;0;Engelse werkversie
199;;H.I.;0;Engelse werkversie
200;;H.J.;0;Engelse werkversie
201;;H.K.;0;Engelse werkversie
202;;H.L.;0;Engelse werkversie
203;;H.M.;0;Engelse werkversie
204;;H.N.;0;Engelse werkversie
205;;H.O.;0;Engelse werkversie
206;;H.P.;0;Engelse werkversie
207;;H.Q.;0;Engelse werkversie
208;;H.R.;0;Engelse werkversie
209;;H.S.;0;Engelse werkversie
210;;H.T.;0;Engelse werkversie
211;;H.U.;0;Engelse werkversie
212;;H.V.;0;Engelse werkversie
213;;H.W.;0;Engelse werkversie
214;;H.X.;0;Engelse werkversie
215;;H.Y.;0;Engelse werkversie
216;;H.Z.;0;Engelse werkversie
218;;I.A.;0;Engelse werkversie
219;;I.B.;0;Engelse werkversie
220;;I.C.;0;Engelse werkversie
221;;I.D.;0;Engelse werkversie
222;;I.E.;0;Engelse werkversie
223;;I.F.;0;Engelse werkversie
224;;I.G.;0;Engelse werkversie
225;;I.H.;0;Engelse werkversie
226;;I.I.;0;Engelse werkversie
227;;I.J.;0;Engelse werkversie
228;;I.K.;0;Engelse werkversie
229;;I.L.;0;Engelse werkversie
230;;I.M.;0;Engelse werkversie
231;;I.N.;0;Engelse werkversie
232;;I.O.;0;Engelse werkversie
233;;I.P.;0;Engelse werkversie
234;;I.Q.;0;Engelse werkversie
235;;I.R.;0;Engelse werkversie
236;;I.S.;0;Engelse werkversie
237;;I.T.;0;Engelse werkversie
238;;I.U.;0;Engelse werkversie
239;;I.V.;0;Engelse werkversie
240;;I.W.;0;Engelse werkversie
241;;I.X.;0;Engelse werkversie
242;;I.Y.;0;Engelse werkversie
243;;I.Z.;0;Engelse werkversie
245;;J.A.;0;Engelse werkversie
246;;J.B.;0;Engelse werkversie
247;;J.C.;0;Engelse werkversie
248;;J.D.;0;Engelse werkversie
249;;J.E.;0;Engelse werkversie
250;;J.F.;0;Engelse werkversie
251;;J.G.;0;Engelse werkversie
252;;J.H.;0;Engelse werkversie
253;;J.I.;0;Engelse werkversie
254;;J.J.;0;Engelse werkversie
255;;J.K.;0;Engelse werkversie
256;;J.L.;0;Engelse werkversie
257;;J.M.;0;Engelse werkversie
258;;J.N.;0;Engelse werkversie
259;;J.O.;0;Engelse werkversie
260;;J.P.;0;Engelse werkversie
261;;J.Q.;0;Engelse werkversie
262;;J.R.;0;Engelse werkversie
263;;J.S.;0;Engelse werkversie
264;;J.T.;0;Engelse werkversie
265;;J.U.;0;Engelse werkversie
266;;J.V.;0;Engelse werkversie
267;;J.W.;0;Engelse werkversie
268;;J.X.;0;Engelse werkversie
269;;J.Y.;0;Engelse werkversie
270;;J.Z.;0;Engelse werkversie
272;;K.A.;0;Engelse werkversie
273;;K.B.;0;Engelse werkversie
274;;K.C.;0;Engelse werkversie
275;;K.D.;0;Engelse werkversie
276;;K.E.;0;Engelse werkversie
277;;K.F.;0;Engelse werkversie
278;;K.G.;0;Engelse werkversie
279;;K.H.;0;Engelse werkversie
280;;K.I.;0;Engelse werkversie
281;;K.J.;0;Engelse werkversie
282;;K.K.;0;Engelse werkversie
283;;K.L.;0;Engelse werkversie
284;;K.M.;0;Engelse werkversie
285;;K.N.;0;Engelse werkversie
286;;K.O.;0;Engelse werkversie
287;;K.P.;0;Engelse werkversie
288;;K.Q.;0;Engelse werkversie
289;;K.R.;0;Engelse werkversie
290;;K.S.;0;Engelse werkversie
291;;K.T.;0;Engelse werkversie
292;;K.U.;0;Engelse werkversie
293;;K.V.;0;Engelse werkversie
294;;K.W.;0;Engelse werkversie
295;;K.X.;0;Engelse werkversie
296;;K.Y.;0;Engelse werkversie
297;;K.Z.;0;Engelse werkversie
299;;L.A.;0;Engelse werkversie
300;;L.B.;0;Engelse werkversie
301;;L.C.;0;Engelse werkversie
302;;L.D.;0;Engelse werkversie
303;;L.E.;0;Engelse werkversie
304;;L.F.;0;Engelse werkversie
305;;L.G.;0;Engelse werkversie
306;;L.H.;0;Engelse werkversie
307;;L.I.;0;Engelse werkversie
308;;L.J.;0;Engelse werkversie
309;;L.K.;0;Engelse werkversie
310;;L.L.;0;Engelse werkversie
311;;L.M.;0;Engelse werkversie
312;;L.N.;0;Engelse werkversie
313;;L.O.;0;Engelse werkversie
314;;L.P.;0;Engelse werkversie
315;;L.Q.;0;Engelse werkversie
316;;L.R.;0;Engelse werkversie
317;;L.S.;0;Engelse werkversie
318;;L.T.;0;Engelse werkversie
319;;L.U.;0;Engelse werkversie
320;;L.V.;0;Engelse werkversie
321;;L.W.;0;Engelse werkversie
322;;L.X.;0;Engelse werkversie
323;;L.Y.;0;Engelse werkversie
324;;L.Z.;0;Engelse werkversie
326;;M.A.;0;Engelse werkversie
327;;M.B.;0;Engelse werkversie
328;;M.C.;0;Engelse werkversie
329;;M.D.;0;Engelse werkversie
330;;M.E.;0;Engelse werkversie
331;;M.F.;0;Engelse werkversie
332;;M.G.;0;Engelse werkversie
333;;M.H.;0;Engelse werkversie
334;;M.I.;0;Engelse werkversie
335;;M.J.;0;Engelse werkversie
336;;M.K.;0;Engelse werkversie
337;;M.L.;0;Engelse werkversie
338;;M.M.;0;Engelse werkversie
339;;M.N.;0;Engelse werkversie
340;;M.O.;0;Engelse werkversie
341;;M.P.;0;Engelse werkversie
342;;M.Q.;0;Engelse werkversie
343;;M.R.;0;Engelse werkversie
344;;M.S.;0;Engelse werkversie
345;;M.T.;0;Engelse werkversie
346;;M.U.;0;Engelse werkversie
347;;M.V.;0;Engelse werkversie
348;;M.W.;0;Engelse werkversie
349;;M.X.;0;Engelse werkversie
350;;M.Y.;0;Engelse werkversie
351;;M.Z.;0;Engelse werkversie
357;;N.A.;0;Engelse werkversie
358;;N.B.;0;Engelse werkversie
359;;N.C.;0;Engelse werkversie
360;;N.D.;0;Engelse werkversie
361;;N.E.;0;Engelse werkversie
362;;N.F.;0;Engelse werkversie
363;;N.G.;0;Engelse werkversie
364;;N.H.;0;Engelse werkversie
365;;N.I.;0;Engelse werkversie
366;;N.J.;0;Engelse werkversie
367;;N.K.;0;Engelse werkversie
368;;N.L.;0;Engelse werkversie
369;;N.M.;0;Engelse werkversie
370;;N.N.;0;Engelse werkversie
371;;N.O.;0;Engelse werkversie
372;;N.P.;0;Engelse werkversie
373;;N.Q.;0;Engelse werkversie
374;;N.R.;0;Engelse werkversie
375;;N.S.;0;Engelse werkversie
376;;N.T.;0;Engelse werkversie
377;;N.U.;0;Engelse werkversie
378;;N.V.;0;Engelse werkversie
379;;N.W.;0;Engelse werkversie
380;;N.X.;0;Engelse werkversie
381;;N.Y.;0;Engelse werkversie
382;;N.Z.;0;Engelse werkversie
384;;O.A.;0;Engelse werkversie
385;;O.B.;0;Engelse werkversie
386;;O.C.;0;Engelse werkversie
387;;O.D.;0;Engelse werkversie
388;;O.E.;0;Engelse werkversie
389;;O.F.;0;Engelse werkversie
390;;O.G.;0;Engelse werkversie
391;;O.H.;0;Engelse werkversie
392;;O.I.;0;Engelse werkversie
393;;O.J.;0;Engelse werkversie
394;;O.K.;0;Engelse werkversie
395;;O.L.;0;Engelse werkversie
396;;O.M.;0;Engelse werkversie
397;;O.N.;0;Engelse werkversie
398;;O.O.;0;Engelse werkversie
399;;O.P.;0;Engelse werkversie
400;;O.Q.;0;Engelse werkversie
401;;O.R.;0;Engelse werkversie
402;;O.S.;0;Engelse werkversie
403;;O.T.;0;Engelse werkversie
404;;O.U.;0;Engelse werkversie
405;;O.V.;0;Engelse werkversie
406;;O.W.;0;Engelse werkversie
407;;O.X.;0;Engelse werkversie
408;;O.Y.;0;Engelse werkversie
409;;O.Z.;0;Engelse werkversie
411;;P.A.;0;Engelse werkversie
412;;P.B.;0;Engelse werkversie
413;;P.C.;0;Engelse werkversie
414;;P.D.;0;Engelse werkversie
415;;P.E.;0;Engelse werkversie
416;;P.F.;0;Engelse werkversie
417;;P.G.;0;Engelse werkversie
418;;P.H.;0;Engelse werkversie
419;;P.I.;0;Engelse werkversie
420;;P.J.;0;Engelse werkversie
421;;P.K.;0;Engelse werkversie
422;;P.L.;0;Engelse werkversie
423;;P.M.;0;Engelse werkversie
424;;P.N.;0;Engelse werkversie
425;;P.O.;0;Engelse werkversie
426;;P.P.;0;Engelse werkversie
427;;P.Q.;0;Engelse werkversie
428;;P.R.;0;Engelse werkversie
429;;P.S.;0;Engelse werkversie
430;;P.T.;0;Engelse werkversie
431;;P.U.;0;Engelse werkversie
432;;P.V.;0;Engelse werkversie
433;;P.W.;0;Engelse werkversie
434;;P.X.;0;Engelse werkversie
435;;P.Y.;0;Engelse werkversie
436;;P.Z.;0;Engelse werkversie
438;;Q.A.;0;Engelse werkversie
439;;Q.B.;0;Engelse werkversie
440;;Q.C.;0;Engelse werkversie
441;;Q.D.;0;Engelse werkversie
442;;Q.E.;0;Engelse werkversie
443;;Q.F.;0;Engelse werkversie
444;;Q.G.;0;Engelse werkversie
445;;Q.H.;0;Engelse werkversie
446;;Q.I.;0;Engelse werkversie
447;;Q.J.;0;Engelse werkversie
448;;Q.K.;0;Engelse werkversie
449;;Q.L.;0;Engelse werkversie
450;;Q.M.;0;Engelse werkversie
451;;Q.N.;0;Engelse werkversie
452;;Q.O.;0;Engelse werkversie
453;;Q.P.;0;Engelse werkversie
454;;Q.Q.;0;Engelse werkversie
455;;Q.R.;0;Engelse werkversie
456;;Q.S.;0;Engelse werkversie
457;;Q.T.;0;Engelse werkversie
458;;Q.U.;0;Engelse werkversie
459;;Q.V.;0;Engelse werkversie
460;;Q.W.;0;Engelse werkversie
461;;Q.X.;0;Engelse werkversie
462;;Q.Y.;0;Engelse werkversie
463;;Q.Z.;0;Engelse werkversie
465;;R.A.;0;Engelse werkversie
466;;R.B.;0;Engelse werkversie
467;;R.C.;0;Engelse werkversie
468;;R.D.;0;Engelse werkversie
469;;R.E.;0;Engelse werkversie
470;;R.F.;0;Engelse werkversie
471;;R.G.;0;Engelse werkversie
472;;R.H.;0;Engelse werkversie
473;;R.I.;0;Engelse werkversie
474;;R.J.;0;Engelse werkversie
475;;R.K.;0;Engelse werkversie
476;;R.L.;0;Engelse werkversie
477;;R.M.;0;Engelse werkversie
478;;R.N.;0;Engelse werkversie
479;;R.O.;0;Engelse werkversie
480;;R.P.;0;Engelse werkversie
481;;R.Q.;0;Engelse werkversie
482;;R.R.;0;Engelse werkversie
483;;R.S.;0;Engelse werkversie
484;;R.T.;0;Engelse werkversie
485;;R.U.;0;Engelse werkversie
486;;R.V.;0;Engelse werkversie
487;;R.W.;0;Engelse werkversie
488;;R.X.;0;Engelse werkversie
489;;R.Y.;0;Engelse werkversie
490;;R.Z.;0;Engelse werkversie
492;;S.A.;0;Engelse werkversie
493;;S.B.;0;Engelse werkversie
494;;S.C.;0;Engelse werkversie
495;;S.D.;0;Engelse werkversie
496;;S.E.;0;Engelse werkversie
497;;S.F.;0;Engelse werkversie
498;;S.G.;0;Engelse werkversie
499;;S.H.;0;Engelse werkversie
500;;S.I.;0;Engelse werkversie
501;;S.J.;0;Engelse werkversie
502;;S.K.;0;Engelse werkversie
503;;S.L.;0;Engelse werkversie
504;;S.M.;0;Engelse werkversie
505;;S.N.;0;Engelse werkversie
506;;S.O.;0;Engelse werkversie
507;;S.P.;0;Engelse werkversie
508;;S.Q.;0;Engelse werkversie
509;;S.R.;0;Engelse werkversie
510;;S.S.;0;Engelse werkversie
511;;S.T.;0;Engelse werkversie
512;;S.U.;0;Engelse werkversie
513;;S.V.;0;Engelse werkversie
514;;S.W.;0;Engelse werkversie
515;;S.X.;0;Engelse werkversie
516;;S.Y.;0;Engelse werkversie
517;;S.Z.;0;Engelse werkversie
519;;T.A.;0;Engelse werkversie
520;;T.B.;0;Engelse werkversie
521;;T.C.;0;Engelse werkversie
522;;T.D.;0;Engelse werkversie
523;;T.E.;0;Engelse werkversie
524;;T.F.;0;Engelse werkversie
525;;T.G.;0;Engelse werkversie
526;;T.H.;0;Engelse werkversie
527;;T.I.;0;Engelse werkversie
528;;T.J.;0;Engelse werkversie
529;;T.K.;0;Engelse werkversie
530;;T.L.;0;Engelse werkversie
531;;T.M.;0;Engelse werkversie
532;;T.N.;0;Engelse werkversie
533;;T.O.;0;Engelse werkversie
534;;T.P.;0;Engelse werkversie
535;;T.Q.;0;Engelse werkversie
536;;T.R.;0;Engelse werkversie
537;;T.S.;0;Engelse werkversie
538;;T.T.;0;Engelse werkversie
539;;T.U.;0;Engelse werkversie
540;;T.V.;0;Engelse werkversie
541;;T.W.;0;Engelse werkversie
542;;T.X.;0;Engelse werkversie
543;;T.Y.;0;Engelse werkversie
544;;T.Z.;0;Engelse werkversie
546;;U.A.;0;Engelse werkversie
547;;U.B.;0;Engelse werkversie
548;;U.C.;0;Engelse werkversie
549;;U.D.;0;Engelse werkversie
550;;U.E.;0;Engelse werkversie
551;;U.F.;0;Engelse werkversie
552;;U.G.;0;Engelse werkversie
553;;U.H.;0;Engelse werkversie
554;;U.I.;0;Engelse werkversie
555;;U.J.;0;Engelse werkversie
556;;U.K.;0;Engelse werkversie
557;;U.L.;0;Engelse werkversie
558;;U.M.;0;Engelse werkversie
559;;U.N.;0;Engelse werkversie
560;;U.O.;0;Engelse werkversie
561;;U.P.;0;Engelse werkversie
562;;U.Q.;0;Engelse werkversie
563;;U.R.;0;Engelse werkversie
564;;U.S.;0;Engelse werkversie
565;;U.T.;0;Engelse werkversie
566;;U.U.;0;Engelse werkversie
567;;U.V.;0;Engelse werkversie
568;;U.W.;0;Engelse werkversie
569;;U.X.;0;Engelse werkversie
570;;U.Y.;0;Engelse werkversie
571;;U.Z.;0;Engelse werkversie
573;;V.A.;0;Engelse werkversie
574;;V.B.;0;Engelse werkversie
575;;V.C.;0;Engelse werkversie
576;;V.D.;0;Engelse werkversie
577;;V.E.;0;Engelse werkversie
578;;V.F.;0;Engelse werkversie
579;;V.G.;0;Engelse werkversie
580;;V.H.;0;Engelse werkversie
581;;V.I.;0;Engelse werkversie
582;;V.J.;0;Engelse werkversie
583;;V.K.;0;Engelse werkversie
584;;V.L.;0;Engelse werkversie
585;;V.M.;0;Engelse werkversie
586;;V.N.;0;Engelse werkversie
587;;V.O.;0;Engelse werkversie
588;;V.P.;0;Engelse werkversie
589;;V.Q.;0;Engelse werkversie
590;;V.R.;0;Engelse werkversie
591;;V.S.;0;Engelse werkversie
592;;V.T.;0;Engelse werkversie
593;;V.U.;0;Engelse werkversie
594;;V.V.;0;Engelse werkversie
595;;V.W.;0;Engelse werkversie
596;;V.X.;0;Engelse werkversie
597;;V.Y.;0;Engelse werkversie
598;;V.Z.;0;Engelse werkversie
600;;W.A.;0;Engelse werkversie
601;;W.B.;0;Engelse werkversie
602;;W.C.;0;Engelse werkversie
603;;W.D.;0;Engelse werkversie
604;;W.E.;0;Engelse werkversie
605;;W.F.;0;Engelse werkversie
606;;W.G.;0;Engelse werkversie
607;;W.H.;0;Engelse werkversie
608;;W.I.;0;Engelse werkversie
609;;W.J.;0;Engelse werkversie
610;;W.K.;0;Engelse werkversie
611;;W.L.;0;Engelse werkversie
612;;W.M.;0;Engelse werkversie
613;;W.N.;0;Engelse werkversie
614;;W.O.;0;Engelse werkversie
615;;W.P.;0;Engelse werkversie
616;;W.Q.;0;Engelse werkversie
617;;W.R.;0;Engelse werkversie
618;;W.S.;0;Engelse werkversie
619;;W.T.;0;Engelse werkversie
620;;W.U.;0;Engelse werkversie
621;;W.V.;0;Engelse werkversie
622;;W.W.;0;Engelse werkversie
623;;W.X.;0;Engelse werkversie
624;;W.Y.;0;Engelse werkversie
625;;W.Z.;0;Engelse werkversie
627;;X.A.;0;Engelse werkversie
628;;X.B.;0;Engelse werkversie
629;;X.C.;0;Engelse werkversie
630;;X.D.;0;Engelse werkversie
631;;X.E.;0;Engelse werkversie
632;;X.F.;0;Engelse werkversie
633;;X.G.;0;Engelse werkversie
634;;X.H.;0;Engelse werkversie
635;;X.I.;0;Engelse werkversie
636;;X.J.;0;Engelse werkversie
637;;X.K.;0;Engelse werkversie
638;;X.L.;0;Engelse werkversie
639;;X.M.;0;Engelse werkversie
640;;X.N.;0;Engelse werkversie
641;;X.O.;0;Engelse werkversie
642;;X.P.;0;Engelse werkversie
643;;X.Q.;0;Engelse werkversie
644;;X.R.;0;Engelse werkversie
645;;X.S.;0;Engelse werkversie
646;;X.T.;0;Engelse werkversie
647;;X.U.;0;Engelse werkversie
648;;X.V.;0;Engelse werkversie
649;;X.W.;0;Engelse werkversie
650;;X.X.;0;Engelse werkversie
651;;X.Y.;0;Engelse werkversie
652;;X.Z.;0;Engelse werkversie
654;;Y.A.;0;Engelse werkversie
655;;Y.B.;0;Engelse werkversie
656;;Y.C.;0;Engelse werkversie
657;;Y.D.;0;Engelse werkversie
658;;Y.E.;0;Engelse werkversie
659;;Y.F.;0;Engelse werkversie
660;;Y.G.;0;Engelse werkversie
661;;Y.H.;0;Engelse werkversie
662;;Y.I.;0;Engelse werkversie
663;;Y.J.;0;Engelse werkversie
664;;Y.K.;0;Engelse werkversie
665;;Y.L.;0;Engelse werkversie
666;;Y.M.;0;Engelse werkversie
667;;Y.N.;0;Engelse werkversie
668;;Y.O.;0;Engelse werkversie
669;;Y.P.;0;Engelse werkversie
670;;Y.Q.;0;Engelse werkversie
671;;Y.R.;0;Engelse werkversie
672;;Y.S.;0;Engelse werkversie
673;;Y.T.;0;Engelse werkversie
674;;Y.U.;0;Engelse werkversie
675;;Y.V.;0;Engelse werkversie
676;;Y.W.;0;Engelse werkversie
677;;Y.X.;0;Engelse werkversie
678;;Y.Y.;0;Engelse werkversie
679;;Y.Z.;0;Engelse werkversie
681;;Z.A.;0;Engelse werkversie
682;;Z.B.;0;Engelse werkversie
683;;Z.C.;0;Engelse werkversie
684;;Z.D.;0;Engelse werkversie
685;;Z.E.;0;Engelse werkversie
686;;Z.F.;0;Engelse werkversie
687;;Z.G.;0;Engelse werkversie
688;;Z.H.;0;Engelse werkversie
689;;Z.I.;0;Engelse werkversie
690;;Z.J.;0;Engelse werkversie
691;;Z.K.;0;Engelse werkversie
692;;Z.L.;0;Engelse werkversie
693;;Z.M.;0;Engelse werkversie
694;;Z.N.;0;Engelse werkversie
695;;Z.O.;0;Engelse werkversie
696;;Z.P.;0;Engelse werkversie
697;;Z.Q.;0;Engelse werkversie
698;;Z.R.;0;Engelse werkversie
699;;Z.S.;0;Engelse werkversie
700;;Z.T.;0;Engelse werkversie
701;;Z.U.;0;Engelse werkversie
702;;Z.V.;0;Engelse werkversie
703;;Z.W.;0;Engelse werkversie
704;;Z.X.;0;Engelse werkversie
705;;Z.Y.;0;Engelse werkversie
706;;Z.Z.;0;Engelse werkversie


;;а.с.;0;авторське свідоцтво 26-05-2014-nl
/*		а.с. // Рішенням господарського суду Харківської області від 02.06.2008 р. у задоволенні позову відмовлено (том 1 а.с. 20-23).
;;абет.;0;абетка 26-05-2014-nl
/*		абет. // Анімована абет. для найменших.
;;авт.;0;автор 26-05-2014-nl
/*		авт. // авт. аркуш.
;;автобіогр.;0;автобіографія 26-05-2014-nl
/*		автобіогр. // Моя автобіогр. зразок.
;;автомоб.;0;автомобільний 26-05-2014-nl
/*		автомоб. // від автомоб. світу.
;;автореф.;0;автореферат 26-05-2014-nl
/*		автореф. // автореф. дисертації.
;;агр.;0;агрономічний 26-05-2014-nl
/*		агр. // агр. факультет.
;;аграр.;0;аграрний 26-05-2014-nl
/*		аграр. // аграр. університет.
;;адапт.;0;адаптація 26-05-2014-nl
/*		адапт. // професійна адапт. військовослужбовців.
;;адм.;0;адміністративний 26-05-2014-nl
/*		адм. // з розгляду адм. справ.
;;адмін.;0;адміністрація 26-05-2014-nl
/*		адмін. // адмін. Одеської області.
;;акад.;0;академік, академія 26-05-2014-nl
/*		акад. // Національної акад. наук України.
;;акомп.;0;акомпанемент 26-05-2014-nl
/*		акомп. // під акомп. грози.
;;алф.;0;алфавіт 26-05-2014-nl
/*		алф. // алф. російської мови.
;;альб.;0;альбом 26-05-2014-nl
/*		альб. // альб. для студентів.
;;альм.;0;альманах 26-05-2014-nl
/*		альм. // поетичний альм. 45-я паралель.
;;амер.;0;американський 26-05-2014-nl
/*		амер. // амер. футбол. 
;;аналіт.;0;аналітичний 26-05-2014-nl
/*		аналіт. //Незалежний аналіт. центр.
;;англ.;0;англійська 18-04-2014-nl
/*		англ. // від англ. master budget.
;;анот.;0;анотація 26-05-2014-nl
/*		анот. // функціонально анот. була присутня.
;;антол.;0;антологія 26-05-2014-nl
/*		антол. // Першим упорядником антол. вважають еллінського поета Мелеагра.
;;арк.;0;аркуша 26-05-2014-nl
/*		арк. // Дорівнює половині паперового арк. при стандартних форматах.
;;арх.;0;архів, архітектор 26-05-2014-nl
/*		арх. // Готель «Хрещатик», арх. Л. Філенко.
;;археол.;0;археологія, археологический 26-05-2014-nl
/*		археол. // Сіракузи археол. музей.
;;архіт.;0;архітектура, архітектурне 26-05-2014-nl
/*		архіт. // з початком діяльності архіт. факультету.
;;асист.;0;асистент 26-05-2014-nl
/*		асист. // У Параджанова був асист. Михайло. 
;;асоц.;0;асоціація 26-05-2014-nl
/*		асоц. // Напередодні офіційний сайт Всесвітньої боксерської асоц. (WBA).
;;асп.;0;аспірант 26-05-2014-nl
/*		асп. // Якийсь асп. факультету.
;;атл.;0;атлас 26-05-2014-nl
/*		атл. // атл. з 28 успішних бізнес-практик.
;;б.;0;без, будинок 26-05-2014-nl
/*		б. // б. 14 секція 4.
;;б.д.;0;без даних 26-05-2014-nl
/*		б.д. // б.д. із однієї дільниці.
;;б.в.;0;без видавництва 26-05-2014-nl
/*		б.в. // сучасний університет б.в. досить складно.
;;б.м.;0;без місця 26-05-2014-nl
/*		б.м. // б.м. (без місця).
;;б.р.;0;без року 26-05-2014-nl
/*		б.р. // б.р. (без року).
;;б.т.;0;без тиражу 26-05-2014-nl
/*		б.т. // б.т. (без тиражу).
;;безкошт.;0;безкоштовно 26-05-2014-nl
/*		безкошт. // Онлайн ігри безкошт. для усієї сім'ї. 
;;безпл.;0;безплатно 26-05-2014-nl
/*		безпл. // безпл. смс.
;;берез.;0;березень 26-05-2014-nl
/*		берез. // Календар берез. 2014 року.
;;болг.;0;болгарський 26-05-2014-nl
/*		болг. // болг. мова.
;;брош.;0;брошура 26-05-2014-nl
/*		брош. // брош. під назвою.
;;буд.;0;будівельний, будинок 26-05-2014-nl
/*		буд. // буд. 20-а.
;;будів.;0;будівний 26-05-2014-nl
/*		будів. // будів. визначення.
;;бух.;0;бухгалтерський 26-05-2014-nl
/*		бух. // на базі даних бух. обліку.
;;бюдж.;0;бюджетний 26-05-2014-nl
/*		бюдж. // Из бюдж. орган -ций.
;;бюл.;0;бюлетень 26-05-2014-nl
/*		бюл. // Корпорація Майкрософт випустила бюл. із безпеки. 
;;бібл.;0;бібліотечний 26-05-2014-nl
/*		бібл. // наш бібл. відео-марафон.
;;біблійн.;0;біблійний 26-05-2014-nl
/*		біблійн. // біблійн. родовід.
;;бібліогр.;0;бібліографія 26-05-2014-nl
/*		бібліогр. // бібліогр. довід.
;;бібліографозн.;0;бібліографознавство 26-05-2014-nl
/*		бібліографозн. // Бібліотекозн., бібліографозн., книгозн.
;;бібліол.;0;бібліологія 26-05-2014-nl
/*		бібліол. // місячник, присвяч. бібліол. та бібліофільству.
;;біобібліогр.;0;біобібліографія 26-05-2014-nl
/*		біобібліогр. // біобібліогр. покажч. 
;;біогр.;0;біографія 26-05-2014-nl
/*		біогр. // біогр. нарис.
;;в.;0;виконуючий, вік 26-05-2014-nl
/*		в. // В XX в. такий підхід одержав розвиток у теоріях.
;;в.о.;0;04-08-2014-nl
/*		в.о. // У цей же день президент ФФУ Григорій Суркіс підписав із в.о. Президента Прем'єр-ліги Віталієм Даніловим договір про співпрацю.
;;В.о.;0;04-08-2014-nl
/*		В.о. // 86.	В.о. глави «Батьківщини».
;;введ.;0;введення 26-05-2014-nl
/*		введ. // будь-яке введ. російських військ.
;;ввод.;0;вводиться 26-05-2014-nl
/*		ввод. // в медіа ввод. загальна цензура.
;;вдоскон.;0;вдосконалення 26-05-2014-nl
/*		вдоскон. // із вдоскон. бізнес-освіти.
;;вет.;0;ветеринарний 26-05-2014-nl
/*		вет. // вет. центр.
;;вивч.;0;вивчення 26-05-2014-nl   
/*		вивч. // центр вивч. громадської думки.
;;вид.;0;видання, видавець, видавничий 26-05-2014-nl
/*		вид. // Тип вид.: тверда палітурка.
;;викл.;0;викладач 26-05-2014-nl
/*		викл. // викл. - доцент.
;;викон.;0;виконавець, виконання 26-05-2014-nl
/*		викон. // Проблема викон. рішень Європейського суду.
;;використ.;0;використання 26-05-2014-nl
/*		використ. // за спеціальне використ. поверхневих.
;;виникн.;0;виникнення 26-05-2014-nl
/*		виникн. // Дата виникн. заборгов.
;;вип.;0;випуск 26-05-2014-nl
/*		вип. // вип. xxx.
;;випр.;0;виправлення 26-05-2014-nl
/*		випр. // випр. перспективи.
;;вироб.;0;виробничий 26-05-2014-nl
/*		вироб. // Дитяча гойдалка (вироб. Польща).
;;вист.;0;виставка 26-05-2014-nl
/*		вист. // Міжнародна туристична вист. UІTT Україна.
;;вих.;0;вихідні 26-05-2014-nl
/*		вих. // вих. дні в червні 2014 року.
;;вищ.;0;вищий 26-05-2014-nl
/*		вищ. // вищ. адміністративний суд.
;;вкл.;0;вкладений, включаючи 26-05-2014-nl
/*		вкл. // групи дітей 30-35 осіб, вкл. опікунів. 
;;включ.;0;включаючи 26-05-2014-nl
/*		включ. // групи дітей 30-35 осіб, включ. опікунів.
;;внутр.;0;внутрішній 26-05-2014-nl
/*		внутр. // валовий внутр. продукт Росії за 2013 рік.
;;Волин.;0;Волинський 26-05-2014-nl
/*		волин. // Волин. батальйон.
;;впровадж.;0;впроваджування 26-05-2014-nl
/*		впровадж. // впровадж. фірма.
;;вугіл.;0;вугільний 26-05-2014-nl
/*		вугіл. // Фільтр вугіл. салона.
;;вул.;0;вулиця 26-05-2014-nl
/*		вул. // Голубнича В. М.*, Зайцева Т. О., 1Зайцева Г.С. Сумський державний університет, вул. Р-Корсакова, 2, 40007, Суми, Україна.
;;вчен.;0;вчений 26-05-2014-nl
/*		вчен. // вчен. Г. Сковорода.
;;від.;0;відділ 26-05-2014-nl
/*		від. // від. зв'язків.
;;відб.;0;відбиток 26-05-2014-nl
/*		відб. // відб. журналів.
;;відеофоногр.;0;відеофонограма 26-05-2014-nl
/*		відеофоногр. // відеофоногр. у навчанні іноземних.
;;відкр.;0;відкриття 26-05-2014-nl
/*		відкр. // відкр. чемпіонат.
;;відом.;0;відомості 26-05-2014-nl
/*		відом. // Як виключити відом. про батька.
;;відродж.;0;відродження 26-05-2014-nl
/*		відродж. // Розробка спільно з товариством Національного плану відродж. України.
;;відп.;0;відповідальний 26-05-2014-nl
/*		відп. // для комфортного відп. Киев.
;;відред.;0;відредаговано 26-05-2014-nl
/*		відред. // відред. версія.
;;вінниц.;0;вінницький 26-05-2014-nl
/*		вінниц. // вінниц. замок.
;;віршов.;0;віршований 26-05-2014-nl
/*		віршов. // у витонченій віршов. формі.
;;вісн.;0;вісник 26-05-2014-nl
/*		вісн. // Поштовий вісн. №1.
;;вітчизн.;0;вітчизняний 26-05-2014-nl
/*		вітчизн. // на 85% вітчизн. ринок.
;;генет.;0;генетичний 26-05-2014-nl
/*		генет. // Змінену тканину легені направляємо в лабораторію на генет. аналіз.
;;геодез.;0;геодезія 26-05-2014-nl
/*		геодез. // Цей підручник написаний на основі багаторічного досвіду викладання курсу геодез. в НУ "Львівська політехніка". 
;;гл.;0;глава 26-05-2014-nl
/*		гл. // вечером гл. МИД Украины встретится.
;;глобал.;0;глобальний 26-05-2014-nl
/*		глобал. // глобал. комітет.
;;голланд.;0;голландський 26-05-2014-nl
/*		голланд. // до голланд. парламенту.
;;гологр.;0;голографія 26-05-2014-nl
/*		гологр. // художественной гологр., изготовленные физиками.
;;госп.;0;господарський 26-05-2014-nl
/*		госп. // Вищий госп. суд України.
;;господарч.;0;господарчий 26-05-2014-nl
/*		господарч. // у господарч. будівлі.
;;гр.;0;гривня,грецька 26-05-2014-nl
/*		гр. // По Україні за 2007 рік, яка складала 1197,91 гр., а не за 2010 рік, яка по Україні склала 1982 гр. 63 коп.
;;грн.;0;гривня 26-05-2014-nl
/*		грн. // Позивач надає відповідачу кредит в сумі 1 500 000 грн. із кінцевим терміном повернення не пізніше 22.05.2006р.
;;груд.;0;грудень 26-05-2014-nl
/*		груд. // на груд. 2014 року.
;;гуманіт.;0;гуманітарний 26-05-2014-nl
/*		гуманіт. // гуманіт. конвою.
;;гірн.;0;гірничий 26-05-2014-nl
/*		гірн. // гірн. інженер-електромеханік.
;;гірничорят.;0;гірничорятувальний 26-05-2014-nl
/*		гірничорят. // На шахті працюють 4 відділення військового гірничорят. загону.
;;дeп.;0;депутат 26-05-2014-nl
/*		дeп. // деп. Верховной Рады.
;;дан.;0;дані 26-05-2014-nl
/*		дан. // засекречені дан. від відомої компанії.
;;демокр.;0;демократія 26-05-2014-nl
/*		демокр. // з усім демокр. миром.
;;депоз.;0;депозитарій 26-05-2014-nl
/*		депоз. // депоз. банка.
;;депон.;0;депонований 26-05-2014-nl
/*		депон. // депон. вуглець.
;;держ.;0;державний 26-05-2014-nl
/*		держ. // держ. службовці, які відслужили передбачену законом кількість років.
;;держадмін.;0;державна адміністрація 26-05-2014-nl
/*		держадмін. // держадмін. м. Києва.
;;деф.;0;дефектний 26-05-2014-nl
/*		деф. // деф. акт.
;;див.;0;дивись 18-04-2014-nl
/*		див. // див. постанову Запорізького апеляційного господарського суду.
;;дип.;0;дипломатичний 26-05-2014-nl
/*		дип. // дип. роботі.
;;дир.;0;директор 26-05-2014-nl
/*		дир. // дир. ООО
;;дириг.;0;диригент 26-05-2014-nl
/*		дириг. // головний дириг. Стокгольмської опери.
;;дис.;0;дисертація 26-05-2014-nl
/*		дис. // кандидатська дис. захищена у 2004 р.
;;дит.;0;дитячий 26-05-2014-nl
/*		дит. // в дит. будинок.
;;Дніпропетр.;0;Дніпропетровський 26-05-2014-nl
/*		Дніпропетр. // Дніпропетр. області.
;;довід.;0;довідник 26-05-2014-nl
/*		довід. // Телефонний довід. системи МОЗ.
;;дод.;0;додаток 26-05-2014-nl
/*		дод. // Завантажити дод. для iOS. 
;;додрук.;0;додрукування 26-05-2014-nl
/*		додрук. // Термотрансферне додрук. інформації.
;;док.;0;документ 26-05-2014-nl
/*		док. // це офіційний док., який необхідний для посвідчення особи.
;;докум.;0;документальний 26-05-2014-nl
/*		докум. // цікавий докум. фільм.
;;дол.;0;долар 26-05-2014-nl
/*		дол. // залучити в бюджет штату додатково до 70 млн дол. у рік.
;;донец.;0;донецький 26-05-2014-nl
/*		донец. // донец. клан.
;;доопрац.;0;доопрацьований 26-05-2014-nl
/*		доопрац. // доопрац. законопроект.
;;доп.;0;доповідь 26-05-2014-nl
/*		доп. // доп. Голови СБУ Президенту.
;;допов.;0;доповнення 26-05-2014-nl
/*		допов. // допов. до статті 35 закону України. 
;;допом.;0;допоміжний 26-05-2014-nl
/*		допом. // допом. орган.
;;дор.;0;дорожній 26-05-2014-nl
/*		дор. // дор. патруль.
;;доруч.;0;доручення 26-05-2014-nl
/*		доруч. // доруч. президента.
;;дослід.;0;дослідний 26-05-2014-nl
/*		дослід. // урядовий дослід. інститут.
;;дослідж.;0;дослідження 26-05-2014-nl
/*		дослідж. // Соціологи Центру дослідж. суспільства.
;;доц.;0;доцент 26-05-2014-nl
/*		доц. // доц. факультету журналістики.
;;духовн.;0;духовний 26-05-2014-nl
/*		духовн. // до Московської духовн. семінарії.
;;діагр.;0;діаграма 26-05-2014-nl
/*		діагр. // Створюйте діагр. і графіки.
;;діапоз.;0;діапозитив 26-05-2014-nl
/*		діапоз. // встановлюють перший діапоз. проти кадрового вікна.
;;діяльн.;0;діяльність 26-05-2014-nl
/*		діяльн. // свою діяльн. в останні дні.
;;екол.;0;екологія 26-05-2014-nl
/*		екол. // екол. xxx.
;;екон.;0;економічний 26-05-2014-nl
/*		екон. // екон. xxx.
;;експерим.;0;експериментальний 26-05-2014-nl
/*		експерим. // експерим. xxx.
;;електрон.;0;електроніка 26-05-2014-nl
/*		електрон. // електрон. xxx.
;;енерг.;0;енергетичний 26-05-2014-nl
/*		енерг. // енерг. xxx.
;;енцикл.;0;енциклопедія 26-05-2014-nl
/*		енцикл. // енцикл. xxx.
;;євр.;0;єврейський 26-05-2014-nl
/*		євр. // євр. xxx.
;;європ.;0;європейський 26-05-2014-nl
/*		європ. // європ. xxx.
;;жовт.;0;жовтень 26-05-2014-nl
/*		жовт. // жовт. xxx.
;;журн.;0;журнал 26-05-2014-nl
/*		журн. // журн. xxx.
;;зв.;0;так званий/звана/зване 18-04-2014-nl
/*		зв. // Утворено т. зв. Комітет Національного порятунку.
;;ім.;0;імені 18-04-2014-nl
/*		ім. // Сільськогосподарського виробничого кооперативу ім. Ватутіна.
;;інж.;0;інженерний 26-05-2014-nl
/*		інж. // інж. xxx.
;;інозем.;0;іноземний 26-05-2014-nl
/*		інозем. // інозем. xxx.
;;інсп.;0;інспектор 26-05-2014-nl
/*		інсп. // інсп. xxx.
;;інспек.;0;інспекція 26-05-2014-nl
/*		інспек. // інспек. xxx.
;;інстр.;0;інструкція 26-05-2014-nl
/*		інстр. // інстр. xxx.
;;інструкт.;0;інструктивний 26-05-2014-nl
/*		інструкт. // інструкт. xxx.
;;інструм.;0;інструмент 26-05-2014-nl
/*		інструм. // інструм. xxx.
;;інтегр.;0;інтеграція 26-05-2014-nl
/*		інтегр. // інтегр. xxx.
;;інтенс.;0;інтенсивний 26-05-2014-nl
/*		інтенс. // інтенс. xxx.
;;інтерн.;0;інтернаціональний 26-05-2014-nl
/*		інтерн. // інтерн. xxx.
;;інфл.;0;інфляція 26-05-2014-nl
/*		інфл. // інфл. xxx.
;;інформ.;0;інформаційний 26-05-2014-nl
/*		інформ. // інформ. xxx.
;;ісп.;0;іспанський 26-05-2014-nl
/*		ісп. // ісп. cigarro «те саме» утворене від слова з мови майя siqar «курити скручене тютюнове листя».
;;іст.;0;історичний 26-05-2014-nl
/*		іст. // іст. xxx.
;;історіогр.;0;історіографія 26-05-2014-nl
/*		історіогр. // історіогр. xxx.
;;італ.;0;італійський 26-05-2014-nl
/*		італ. // італ. opera.
;;к.;0;карта, копійка 26-05-2014-nl
/*		к. // к. xxx.
;;каб.;0;кабінет 26-05-2014-nl
/*		каб. // каб. xxx.
;;канд.;0;кандидат 26-05-2014-nl
/*		канд. // канд. xxx.
;;картогр.;0;картографія 26-05-2014-nl
/*		картогр. // картогр. xxx.
;;картограф.;0;картографування 26-05-2014-nl
/*		картограф. // картограф. xxx.
;;кат.;0;каталог 26-05-2014-nl
/*		кат. // кат. xxx.
;;каф.;0;кафедра 26-05-2014-nl
/*		каф. // каф. xxx.
;;кв.;0;квартал 26-05-2014-nl
/*		кв. //  Позивачем надані докази прийняття нежитлових приміщень за адресами: кв. 50 лєт Октября, 23а, кв. Дзержинського, 16.
;;квіт.;0;квітень 26-05-2014-nl
/*		квіт. // квіт. xxx.
;;кер.;0;керівник 26-05-2014-nl
/*		кер. // кер. xxx.
;;керівн.;0;керівництво 26-05-2014-nl
/*		керівн. // керівн. xxx.
;;кл.;0;клас 26-05-2014-nl
/*		кл. // кл. xxx.
;;класиф.;0;класифікація 26-05-2014-nl
/*		класиф. // класиф. xxx.
;;класич.;0;класичний 26-05-2014-nl
/*		класич. // класич. xxx.
;;клін.-експерим.;0;клініко-експериментальний 26-05-2014-nl
/*		клін.-експерим. // клін.-експерим. xxx.
;;клініч.;0;клінічний 26-05-2014-nl
/*		клініч. // клініч. xxx.
;;кн.;0;книга (книжка, книжечка) 26-05-2014-nl
/*		кн. // кн. 1.
;;книгозн.;0;книгознавство 26-05-2014-nl
/*		книгозн. // книгозн. xxx.
;;коеф.;0;коефіцієнт 26-05-2014-nl
/*		коеф. // коеф. xxx.
;;кол.;0;колектив 26-05-2014-nl
/*		кол. // кол. xxx.
;;колоніал.;0;колоніальний 26-05-2014-nl
/*		колоніал. // колоніал. xxx.
;;ком.;0;комітет 26-05-2014-nl
/*		ком. // ком. xxx.
;;комент.;0;коментар 26-05-2014-nl
/*		комент. // комент. xxx.
;;комерц.;0;комерція 26-05-2014-nl
/*		комерц. // комерц. xxx.
;;комп'ют.;0;комп'ютер 26-05-2014-nl
/*		комп'ют. // комп'ют. xxx.
;;комп.;0;композитор 26-05-2014-nl
/*		комп. // комп. xxx.
;;компенс.;0;компенсація 26-05-2014-nl
/*		компенс. // компенс. xxx.
;;композ.;0;композиція 26-05-2014-nl
/*		композ. // композ. xxx.
;;коміс.;0;комісія 26-05-2014-nl
/*		коміс. // коміс. xxx.
;;коміч.;0;комічний 26-05-2014-nl
/*		коміч. // коміч. xxx.
;;конгр.;0;конгрес 26-05-2014-nl
/*		конгр. // конгр. xxx.
;;конф.;0;конференція 26-05-2014-nl
/*		конф. // конф. xxx.
;;концеп.;0;концепція 26-05-2014-nl
/*		концеп. // концеп. xxx.
;;кооп.;0;кооперація 26-05-2014-nl
/*		кооп. // кооп. xxx.
;;кор.;0;кореспондент 26-05-2014-nl
/*		кор. // кор. xxx.
;;корпор.;0;корпорація 26-05-2014-nl
/*		корпор. // корпор. xxx.
;;косм.;0;космічний 26-05-2014-nl
/*		косм. // косм. xxx.
;;крб.;0;карбованець 26-05-2014-nl
/*		крб. // Визначивши для цієї мети 300 крб. та зобов'язавши його надіслати для Товариства один примірник першого випуску видання.
;;кресл.;0;креслення 26-05-2014-nl
/*		кресл. // кресл. xxx.
;;кримськотатар.;0;кримськотатарський 26-05-2014-nl
/*		кримськотатар. // кримськотатар. xxx.
;;кримін.;0;кримінальний 26-05-2014-nl
/*		кримін. // кримін. xxx.
;;критич.;0;критичний 26-05-2014-nl
/*		критич. // критич. xxx.
;;ксерокоп.;0;ксерокопія 26-05-2014-nl
/*		ксерокоп. // ксерокоп. xxx.
;;куб.;0;кубічний 26-05-2014-nl
/*		куб. // $ 470 за 1 тис. куб. метрів.
;;культ.;0;культурний 26-05-2014-nl
/*		культ. // культ. xxx.
;;кіберн.;0;кібернетичний 26-05-2014-nl
/*		кіберн. // кіберн. xxx.
;;кінематогр.;0;кінематографія 26-05-2014-nl
/*		кінематогр. // кінематогр. xxx.
;;кіровогр.;0;кіровоградський 26-05-2014-nl
/*		кіровогр. // кіровогр. xxx.
;;лаб.;0;лабораторія 26-05-2014-nl
/*		лаб. // лаб. xxx.
;;латин.;0;латинський 26-05-2014-nl
/*		латин. // латин. xxx.
;;лекс.;0;лексичний 26-05-2014-nl
/*		лекс. // лекс. xxx.
;;лип.;0;липень 26-05-2014-nl
/*		лип. // лип. xxx.
;;листоп.;0;листопад 26-05-2014-nl
/*		листоп. // листоп. xxx.
;;луган.;0;луганський 26-05-2014-nl
/*		луган. // луган. xxx.
;;луц.;0;луцький 26-05-2014-nl
/*		луц. // луц. xxx.
;;лют.;0;лютий 26-05-2014-nl
/*		лют. // лют. xxx.
;;лібр.;0;лібретто 26-05-2014-nl
/*		лібр. // лібр. xxx.
;;лікув.;0;лікувальний 26-05-2014-nl
/*		лікув. // лікув. xxx.
;;лінгв.;0;лінгвістичний 26-05-2014-nl
/*		лінгв. // лінгв. xxx.
;;лірич.;0;ліричний 26-05-2014-nl
/*		лірич. // лірич. xxx.
;;літ.;0;літературний 26-05-2014-nl
/*		літ. // літ. xxx.
;;літогр.;0;літографія 26-05-2014-nl
/*		літогр. // літогр. xxx.
;;м.;0;місто 26-05-2014-nl
/*		літ. // літ. xxx.
;;магістрал.;0;магістральний 26-05-2014-nl
/*		літ. // літ. xxx.
;;макс.;0;максимальний 26-05-2014-nl
/*		літ. // літ. xxx.
;;мал.;0;малюнок 26-05-2014-nl
/*		літ. // літ. xxx.
;;мат.;0;математичний 26-05-2014-nl
/*		літ. // літ. xxx.
;;матер.;0;матеріальний 26-05-2014-nl
/*		літ. // літ. xxx.
;;машинобуд.;0;машинобудування 26-05-2014-nl
/*		літ. // літ. xxx.
;;мед.;0;медичний 26-05-2014-nl
/*		літ. // літ. xxx.
;;меліор.;0;меліоративний 26-05-2014-nl
/*		літ. // літ. xxx.
;;мемор.;0;меморіальний 26-05-2014-nl
/*		літ. // літ. xxx.
;;менедж.;0;менеджмент 26-05-2014-nl
/*		літ. // літ. xxx.
;;металоріз.;0;металорізальний 26-05-2014-nl
/*		літ. // літ. xxx.
;;метод.;0;методичний 26-05-2014-nl
/*		літ. // літ. xxx.
;;мех.;0;механічний 26-05-2014-nl
/*		літ. // літ. xxx.
;;механіз.;0;механізований 26-05-2014-nl
/*		літ. // літ. xxx.
;;мистец.;0;мистецтво 26-05-2014-nl
/*		літ. // літ. xxx.
;;мистецтвознав.;0;мистецтвознавство 26-05-2014-nl
/*		літ. // літ. xxx.
;;мкоп.;0;мікрокопія 26-05-2014-nl
/*		літ. // літ. xxx.
;;млн.;0; мільйон 26-05-2014-nl
/*		млн. // щорічні втрати від ССЗ в світі складають 17,5 млн. людських життів.
;;млрд.;0;мільярд 26-05-2014-nl
/*		млрд. // в сумі понад 10,6 млрд. грн, передбачених розпорядженням Кабміну, Нафтогаз поки не отримав.
;;мовознав.;0;мовознавство 26-05-2014-nl
/*		мовознав. // мовознав. xxx.
;;мол.;0;молодший 26-05-2014-nl
/*		мол. // мол. xxx.
;;моногр.;0;монографія 26-05-2014-nl
/*		моногр. // моногр. xxx.
;;морал.;0;моральний 26-05-2014-nl
/*		морал. // морал. xxx.
;;муз.;0;музичний 26-05-2014-nl
/*		муз. // муз. xxx.
;;мф/кас.;0;магнітна фонограма на касеті 26-05-2014-nl
/*		мф/кас. // мф/кас. xxx.
;;мф/кат.;0;магнітна фонограма на катушціv
/*		мф/кат. // мф/кат. xxx.
;;мфотокоп.;0;мікрофотокопія 26-05-2014-nl
/*		мфотокоп. // мфотокоп. xxx.
;;міжвід.;0;міжвідомчий 26-05-2014-nl
/*		міжвід. // міжвід. xxx.
;;міжнар.;0;міжнародний 26-05-2014-nl
/*		міжнар. // міжнар. xxx.
;;мінер.;0;мінеральний 26-05-2014-nl
/*		мінер. // мінер. xxx.
;;міс.;0;місяць 26-05-2014-nl
/*		міс. // міс. xxx.
;;міськ.;0;міський 26-05-2014-nl
/*		міськ. // міськ. xxx.
;;міськдержадмін.;0;міська державна адміністрація 26-05-2014-nl
/*		міськдержадмін. // міськдержадмін. xxx.
;;місяч.;0;місячний 26-05-2014-nl
/*		місяч. // місяч. xxx.
;;н.;0;до нашої ери
/*		н. // до н. е.
;;н.-д.;0;науково-дослідний 26-05-2014-nl
/*		н.-д. // н.-д. xxx.
;;наб.;0;набережна, набір 26-05-2014-nl
/*		наб. // наб. xxx.
;;навч.;0;навчальний 26-05-2014-nl
/*		навч. // навч. xxx.
;;надзаг.;0;надзаголовок 26-05-2014-nl
/*		надзаг. // надзаг. xxx.
;;надзв.;0;надзвичайний 26-05-2014-nl
/*		надзв. // надзв. xxx.
;;напр.;0;наприклад 18-04-2014-nl
/*		напр. // напр. фортепіано
;;нар.;0;народний 26-05-2014-nl
/*		нар. // в окремих галузях нар. господарства.
;;народж.;0;народження 26-05-2014-nl
/*		народж. // народж. xxx.
;;народознав.;0;народознавство 26-05-2014-nl
/*		народознав. // народознав. xxx.
;;наст.;0;наступний 26-05-2014-nl
/*		наст. // наст. xxx.
;;нац.;0;національний 26-05-2014-nl
/*		нац. // нац. xxx.
;;нормат.;0;нормативний 26-05-2014-nl
/*		нормат. // нормат. xxx.
;;нім.;0;німецький 26-05-2014-nl
/*		нім. // нім. der gebrannte Wein.
;;о.;0;обов'язки 26-05-2014-nl
/*		о. // о. xxx.
;;обкл.;0;обкладинка 26-05-2014-nl
/*		обкл. // обкл. xxx.
;;обл.-вид.;0;обліково-видавничий 26-05-2014-nl
/*		обл.-вид. // обл.-вид. xxx.
;;обл.;0;область 26-05-2014-nl
/*		обл. // А також Київська обл. разом з Києвом.
;;обладн.;0;обладнання 26-05-2014-nl
/*		обладн. // обладн. xxx.
;;облдержадмін.;0;обласна державна адміністрація 26-05-2014-nl
/*		облдержадмін. // облдержадмін. xxx.
;;образотв.;0;образотворчий 26-05-2014-nl
/*		образотв. // образотв. xxx.
;;оброб.;0;обробка 26-05-2014-nl
/*		оброб. // оброб. xxx.
;;обслуг.;0;обслуговування 26-05-2014-nl
/*		обслуг. // обслуг. xxx.
;;обчисл.;0;обчислювальний 26-05-2014-nl
/*		обчисл. // обчисл. xxx.
;;оголош.;0;оголошення 26-05-2014-nl
/*		оголош. // оголош. xxx.
;;од.;0;одиниця 26-05-2014-nl
/*		од. // од. xxx.
;;одес.;0;одеський 26-05-2014-nl
/*		одес. // одес. xxx.
;;окр.;0;окремий 26-05-2014-nl
/*		окр. // окр. xxx.
;;оповід.;0;оповідання 26-05-2014-nl
/*		оповід. // оповід. xxx.
;;опр.;0;оправа 26-05-2014-nl
/*		опр. // опр. xxx.
;;опрац.;0;опрацював 26-05-2014-nl
/*		опрац. // опрац. xxx.
;;оптич.;0;оптичний 26-05-2014-nl
/*		оптич. // оптич. xxx.
;;опубл.;0;опублікував 26-05-2014-nl
/*		опубл. // опубл. xxx.
;;опублік.;0;опублікований 26-05-2014-nl
/*		опублік. // опублік. xxx.
;;орг.;0;організація 26-05-2014-nl
/*		орг. // орг. xxx.
;;ориг.;0;оригінал 26-05-2014-nl
/*		ориг. // ориг. xxx.
;;орк.;0;оркестр 26-05-2014-nl
/*		орк. // орк. xxx.
;;оформ.;0;оформлення 26-05-2014-nl
/*		оформ. // оформ. xxx.
;;офіц.;0;офіційний 26-05-2014-nl
/*		офіц. // офіц. xxx.
;;п.;0;пан (пані), пункт 26-05-2014-nl - "тому подібні" at end sentence gives bad effects, but more good effects 22-09-2014-nl
/*		п. // п. xxx.
;;паг.;0;пагінація 26-05-2014-nl
/*		паг. // паг. xxx.
;;парлам.;0;парламентський 26-05-2014-nl
/*		парлам. // парлам. xxx.
;;партит.;0;партитура 26-05-2014-nl
/*		партит. // партит. xxx.
;;пед.;0;педагогічний 26-05-2014-nl
/*		пед. // пед. xxx.
;;пер.;0;перекладач, переклад 26-05-2014-nl
/*		пер. // пер. xxx.
;;перевид.;0;перевидання 26-05-2014-nl
/*		перевид. // перевид. xxx.
;;перегл.;0;переглянутий 26-05-2014-nl
/*		перегл. // перегл. xxx.
;;передм.;0;передмова 26-05-2014-nl
/*		передм. // передм. xxx.
;;перероб.;0;переробка 26-05-2014-nl
/*		перероб. // перероб. xxx.
;;переробл.;0;перероблено 26-05-2014-nl
/*		переробл. // переробл. xxx.
;;персп.;0;перспективний 26-05-2014-nl
/*		персп. // персп. xxx.
;;письм.;0;письменник 26-05-2014-nl
/*		письм. // письм. xxx.
;;пл.;0;площа 26-05-2014-nl
/*		пл. // визнання права власності на земельну ділянку пл. 0,016 га на майдані Незалежності в м. Дубно.
;;планув.;0;планування 26-05-2014-nl
/*		планув. // планув. xxx.
;;пластич.;0;пластичний 26-05-2014-nl
/*		пластич. // пластич. xxx.
;;плем.;0;племінний 26-05-2014-nl
/*		плем. // плем. xxx.
;;повідомл.;0;повідомлення 26-05-2014-nl
/*		повідомл. // повідомл. xxx.
;;поетич.;0;поетичний 26-05-2014-nl
/*		поетич. // поетич. xxx.
;;покажч.;0;покажчик 26-05-2014-nl
/*		покажч. // покажч. xxx.
;;показн.;0;показник 26-05-2014-nl
/*		показн. // показн. xxx.
;;полігр.;0;поліграфічний 26-05-2014-nl
/*		полігр. // полігр. xxx.
;;політол.;0;політологія 26-05-2014-nl
/*		політол. // політол. xxx.
;;пом.;0;помічник 26-05-2014-nl
/*		пом. // Кирилом Єрусалимським (пом. 386), котрий, у своїй «Проповіді на Таїнство Хрещення» описує практично таку ж службу.
;;попул.;0;популярний 26-05-2014-nl
/*		попул. // попул. xxx.
;;пор.;0;порядковий 26-05-2014-nl
/*		пор. // пор. xxx.
;;портр.;0;портрет 26-05-2014-nl
/*		портр. // портр. xxx.
;;посіб.;0;посібник 26-05-2014-nl
/*		посіб. // посіб. xxx.
;;поч.;0;початку 18-04-2014-nl
/*		поч. // на поч. 18 ст. 
;;почат.;0;початковий 26-05-2014-nl
/*		почат. // почат. xxx.
;;поясн.;0;пояснення 26-05-2014-nl
/*		поясн. // поясн. xxx.
;;пр.;0;праці, примірник 26-05-2014-nl
/*		пр. // до таких цінностей як людське життя, мир і пр. в поствоєнних період.
;;правл.;0;правління 26-05-2014-nl
/*		правл. // правл. xxx.
;;правознав.;0;правознавство 26-05-2014-nl
/*		правознав. // правознав. xxx.
;;практ.;0;практичний 26-05-2014-nl
/*		практ. // практ. xxx.
;;предм.;0;предметний 26-05-2014-nl
/*		предм. // предм. xxx.
;;препр.;0;препринт 26-05-2014-nl
/*		препр. // препр. xxx.
;;приватиз.;0;приватизація 26-05-2014-nl
/*		приватиз. // приватиз. xxx.
;;прикл.;0;приклад 26-05-2014-nl
/*		прикл. // прикл. xxx.
;;присвяч.;0;присвячується 26-05-2014-nl
/*		присвяч. // присвяч. xxx.
;;пробл.;0;проблема 26-05-2014-nl
/*		пробл. // пробл. xxx.
;;пров.;0;провулок 26-05-2014-nl
/*		пров. // пров. xxx.
;;прогр.;0;програма 26-05-2014-nl
/*		прогр. // прогр. xxx.
;;прод.;0;продовольчий 26-05-2014-nl
/*		прод. // прод. xxx.
;;продовж.;0;продовження 26-05-2014-nl
/*		продовж. // продовж. xxx.
;;проектув.;0;проектування 26-05-2014-nl
/*		проектув. // проектув. xxx.
;;пром.;0;промисловий 26-05-2014-nl
/*		пром. // пром. xxx.
;;пропоз.;0;пропозиція 26-05-2014-nl
/*		пропоз. // пропоз. xxx.
;;просп.;0;проспект 26-05-2014-nl
/*		просп. // просп. xxx.
;;проф.-викл.;0;професорсько-викладацький 26-05-2014-nl
/*		проф.-викл. // проф.-викл. xxx.
;;проф.;0;професор, професійний 26-05-2014-nl
/*		проф. // проф. xxx.
;;псевд.;0;псевдонім 26-05-2014-nl
/*		псевд. // псевд. xxx.
;;публ.;0;публікація 26-05-2014-nl
/*		публ. // публ. xxx.
;;публіц.;0;публіцистика 26-05-2014-nl
/*		публіц. // публіц. xxx.
;;публіч.;0;публічний 26-05-2014-nl
/*		публіч. // публіч. xxx.
;;півд.;0;південний 26-05-2014-nl
/*		півд. // півд. xxx.
;;півн.;0;північний 26-05-2014-nl
/*		півн. // півн. xxx.
;;підвищ.;0;підвищення 26-05-2014-nl
/*		підвищ. // підвищ. xxx.
;;підгот.;0;підготував 26-05-2014-nl
/*		підгот. // підгот. xxx.
;;підготов.;0;підготовка 26-05-2014-nl
/*		підготов. // підготов. xxx.
;;підзаг.;0;підзаголовок 26-05-2014-nl
/*		підзаг. // підзаг. xxx.
;;підп.;0;підписано 26-05-2014-nl
/*		підп. // підп. xxx.
;;підруч.;0;підручник 26-05-2014-nl
/*		підруч. // підруч. xxx.
;;р.;0;рік 26-05-2014-nl
/*		р. // першою економічною кризою вважають кризу 1825 р. в Англії.
;;радіоелектрон.;0;радіоелектроніка 26-05-2014-nl
/*		радіоелектрон. // радіоелектрон. xxx.
;;райдержадмін.;0;районна державна адміністрація 26-05-2014-nl
/*		райдержадмін. // райдержадмін. xxx.
;;район.;0;районний 26-05-2014-nl
/*		район. // район. xxx.
;;рац.;0;раціоналізаторський 26-05-2014-nl
/*		рац. // рац. xxx.
;;редкол.;0;редакційна колегія (редколегія) 26-05-2014-nl
/*		редкол. // редкол. xxx.
;;реж.;0;режисер 26-05-2014-nl
/*		реж. // реж. xxx.
;;рез.;0;резюме 26-05-2014-nl
/*		рез. // рез. xxx.
;;рек.;0;рекомендація 26-05-2014-nl
/*		рек. // рек. xxx.
;;рекл.;0;реклама 26-05-2014-nl
/*		рекл. // рекл. xxx.
;;реком.;0;рекомендаційний 26-05-2014-nl
/*		реком. // реком. xxx.
;;реліг.;0;релігійний 26-05-2014-nl
/*		реліг. // реліг. xxx.
;;репр.;0;репринт 26-05-2014-nl
/*		репр. // репр. xxx.
;;репрод.;0;репродукція 26-05-2014-nl
/*		репрод. // репрод. xxx.
;;реставр.;0;реставрація 26-05-2014-nl
/*		реставр. // реставр. xxx.
;;ретросп.;0;ретроспективний 26-05-2014-nl
/*		ретросп. // ретросп. xxx.
;;реф.;0;реферат 26-05-2014-nl
/*		реф. // реф. xxx.
;;рец.;0;рецензія 26-05-2014-nl
/*		рец. // рец. xxx.
;;рис.;0;рисунок 16-05-2014-nl
/*		рис.  // зображено на рис. 1.
;;розв'яз.;0;розв'язування 26-05-2014-nl
/*		розв'яз. // розв'яз. xxx.
;;розв.;0;розвиток 26-05-2014-nl
/*		розв. // розв. xxx.
;;розд.;0;розділ 26-05-2014-nl
/*		розд. // розд. xxx.
;;розповсюдж.;0;розповсюдження 26-05-2014-nl
/*		розповсюдж. // розповсюдж. xxx.
;;розроб.;0;розробив 26-05-2014-nl
/*		розроб. // розроб. xxx.
;;розробл.;0;розроблено 26-05-2014-nl
/*		розробл. // розробл. xxx.
;;розшир.;0;розширений 26-05-2014-nl
/*		розшир. // розшир. xxx.
;;рос.;0;російський 26-05-2014-nl
/*		рос. // рос. окраину
;;pp.;0;років, роки 24-03-2014-nl - latin alphabet
/*		pp. // В українській поезії в 20-х pp. існували авагардиські групи «Аспанфут».
;;рр.;0;років, роки 24-03-2014-nl
/*		рр. // В українській поезії в 20-х pp. існували авагардиські групи «Аспанфут».
;;рубр.;0;рубрика 26-05-2014-nl
/*		рубр. // рубр. xxx.
;;рукоп.;0;рукописний 26-05-2014-nl
/*		рукоп. // рукоп. xxx.
;;рум.;0;румунський 26-05-2014-nl
/*		рум. // рум. xxx.
;;рівнен.;0;рівненський 26-05-2014-nl
/*		рівнен. // рівнен. xxx.
;;с.-г.;0;сільськогосподарський 26-05-2014-nl
/*		с.-г. // с.-г. xxx.
;;с.;0;село, сторінка 26-05-2014-nl
/*		с. // с. xxx.
;;сан.;0;санітарний 26-05-2014-nl
/*		сан. // сан. xxx.
;;сатир.;0;сатиричний 26-05-2014-nl
/*		сатир. // сатир. xxx.
;;св.;0;святий 26-05-2014-nl
/*		св. // в стилі класицизму Миколи Доброго, Різдва, св. Ольги тощо.
;;секр.;0;секретар 26-05-2014-nl
/*		секр. // секр. xxx.
;;сенсац.;0;сенсаційний 26-05-2014-nl
/*		сенсац. // сенсац. xxx.
;;сер.;0;серія, середина 26-05-2014-nl
/*		сер. // на недовгий час торки і з сер. XI століття половці.
;;серп.;0;серпень 26-05-2014-nl
/*		серп. // серп. xxx.
;;сес.;0;сесія 26-05-2014-nl
/*		сес. // сес. xxx.
;;симп.;0;симпозіум 26-05-2014-nl
/*		симп. // симп. xxx.
;;симф.;0;симфонічний 26-05-2014-nl
/*		симф. // симф. xxx.
;;сист.;0;систематичний 26-05-2014-nl
/*		сист. // сист. xxx.
;;сканд.;0;скандинавський 26-05-2014-nl
/*		сканд. // сканд. xxx.
;;склад.;0;складання 26-05-2014-nl
/*		склад. // склад. xxx.
;;скор.;0;скорочення 26-05-2014-nl
/*		скор. // скор. xxx.
;;сл.;0;слово 26-05-2014-nl
/*		сл. // сл. xxx.
;;слов.;0;словник 26-05-2014-nl
/*		слов. // слов. xxx.
;;словац.;0;словацький 26-05-2014-nl
/*		словац. // словац. xxx.
;;словен.;0;словенський 26-05-2014-nl
/*		словен. // словен. xxx.
;;соц.;0;соціальний 26-05-2014-nl
/*		соц. // соц. політика
;;соціол.;0;соціологія 26-05-2014-nl
/*		соціол. // соціол. xxx.
;;спец.;0;спеціальність 26-05-2014-nl
/*		спец. // спец. xxx.
;;специф.;0;специфікація 26-05-2014-nl
/*		специф. // специф. xxx.
;;спорудж.;0;спорудження 26-05-2014-nl
/*		спорудж. // спорудж. xxx.
;;співавт.;0;співавтор 26-05-2014-nl
/*		співавт. // Аналогічні дані були отримані Янковською та співавт. (2012 р.) при обстеженні 135 жителів.
;;співроб.;0;співробітник 26-05-2014-nl
/*		співроб. // співроб. xxx.
;;ст.;0;станція, стаття, століття, сторіччя,сторінка    26-05-2014-nl
/*		ст. // Згідно ст. 1 даної Конвенції лізингодавець.
;;старш.;0;старший 26-05-2014-nl
/*		старш. // старш. xxx.
;;стат.;0;статистичний 26-05-2014-nl
/*		стат. // стат. xxx.
;;стер.;0;стереотипний 26-05-2014-nl
/*		стер. // стер. xxx.
;;стереофон.;0;стереофонічний 26-05-2014-nl
/*		стереофон. // стереофон. xxx.
;;студ.;0;студент 26-05-2014-nl
/*		студ. // студ. xxx.
;;cx.;0;східний 26-05-2014-nl
/*		cx. // cx. xxx.
;;сум.;0;сумський 26-05-2014-nl
/*		сум. // сум. xxx.
;;суспіл.;0;суспільний 26-05-2014-nl
/*		суспіл. // суспіл. xxx.
;;січ.;0;січень 26-05-2014-nl
/*		січ. // січ. xxx.
;;Сімф.;0;Сімферополь 26-05-2014-nl
/*		Сімф. // Сімф. xxx.
;;СПб.;0;Санкт-Петербург 26-05-2014-nl
/*		СПб. // СПб. xxx.
;;т.;0;том (томи), тому (подібні) 26-05-2014-nl
/*		т. // і т. п.
;;т.зв.;0;так званий 07-07-2014-nl
/*		т.зв. // Підтримку і суспільства, не лише т.зв. активістів залишків Майдану.
;;т.ч.;0; тому числі (таким чином) 26-05-2014-nl
/*		т.ч. // в т.ч. по заробітній платі.
;;табл.;0;таблиця 26-05-2014-nl
/*		табл. // (табл. 1).
;;творч.;0;творчий 26-05-2014-nl
/*		творч. // творч. xxx.
;;тез.;0;тезиси 26-05-2014-nl
/*		тез. // тез. xxx.
;;телегр.;0;телеграфний 26-05-2014-nl
/*		телегр. // телегр. xxx.
;;теорет.;0;теоретичний 26-05-2014-nl
/*		теорет. // теорет. xxx.
;;терит.;0;територіальний 26-05-2014-nl
/*		терит. // терит. xxx.
;;терміч.;0;термічний 26-05-2014-nl
/*		терміч. // терміч. xxx.
;;терноп.;0;тернопільський 26-05-2014-nl
/*		терноп. // терноп. xxx.
;;техн.;0;технічний 26-05-2014-nl
/*		техн. // техн. xxx.
;;технол.;0;технологічний 26-05-2014-nl
/*		технол. // технол. xxx.
;;тиж.;0;тижневий 26-05-2014-nl
/*		тиж. // тиж. xxx.
;;тижд.;0;тиждень 26-05-2014-nl
/*		тижд. // тижд. xxx.
;;тис.;0;тисячі 18-04-2014-nl
/*		тис. // від 250 до 500 тис. летальних випадків.
;;тит.;0;титульного 26-05-2014-nl
/*		тит. // тит. xxx.
;;торг.;0;торговельний 26-05-2014-nl
/*		торг. // торг. xxx.
;;тракт.;0;тракторний 26-05-2014-nl
/*		тракт. // тракт. xxx.
;;транскр.;0;транскрипція 26-05-2014-nl
/*		транскр. // транскр. xxx.
;;трансліт.;0;транслітерація 26-05-2014-nl
/*		трансліт. // трансліт. xxx.
;;трансп.;0;транспорт 26-05-2014-nl
/*		трансп. // трансп. xxx.
;;турец.;0;турецький 26-05-2014-nl
/*		турец. // турец. xxx.
;;увед.;0;уведення 26-05-2014-nl
/*		увед. // увед. xxx.
;;увод.;0;уводиться 26-05-2014-nl
/*		увод. // увод. xxx.
;;угор.;0;угорський 26-05-2014-nl
/*		угор. // угор. xxx.
;;удоскон.;0;удосконалення 26-05-2014-nl
/*		удоскон. // удоскон. xxx.
;;укр.;0;український 26-05-2014-nl
/*		укр. // письменники укр. діаспори.
;;українознав.;0;українознавство 26-05-2014-nl
/*		українознав. // українознав. xxx.
;;унів.;0;університетський 26-05-2014-nl
/*		унів. // унів. xxx.
;;упоряд.;0;упорядкував, упорядник 26-05-2014-nl
/*		упоряд. // упоряд. xxx.
;;упорядкув.;0;упорядкування 26-05-2014-nl
/*		упорядкув. // упорядкув. xxx.
;;упр.;0;управління 26-05-2014-nl
/*		упр. // упр. xxx.
;;урив.;0;уривок 26-05-2014-nl
/*		урив. // урив. xxx.
;;устатк.;0;устаткування 26-05-2014-nl
/*		устатк. // устатк. xxx.
;;yчасн.;0;учасник 26-05-2014-nl
/*		yчасн. // yчасн. xxx.
;;факс.;0;факсиміле 26-05-2014-nl
/*		факс. // факс. xxx.
;;факульт.;0;факультативний 26-05-2014-nl
/*		факульт. // факульт. xxx.
;;фантаст.;0;фантастика 26-05-2014-nl
/*		фантаст. // фантаст. xxx.
;;фармац.;0;фармацевтичний 26-05-2014-nl
/*		фармац. // фармац. xxx.
;;федер.;0;федерація 26-05-2014-nl
/*		федер. // федер. xxx.
;;фест.;0;фестиваль 26-05-2014-nl
/*		фест. // фест. xxx.
;;фоногр.;0;фонограма 26-05-2014-nl
/*		фоногр. // фоногр. xxx.
;;формув.;0;формування 26-05-2014-nl
/*		формув. // формув. xxx.
;;фотогр.;0;фотографія 26-05-2014-nl
/*		фотогр. // фотогр. xxx.
;;фотокоп.;0;фотокопія 26-05-2014-nl
/*		фотокоп. // фотокоп. xxx.
;;фр.;0;французький 26-05-2014-nl
/*		фр. // фр. mode.
;;фрагм.;0;фрагмент 26-05-2014-nl
/*		фрагм. // фрагм. xxx.
;;футл.;0;футляр 26-05-2014-nl
/*		футл. // футл. xxx.
;;фіз.;0;фізичний 26-05-2014-nl
/*		фіз. // фіз. xxx.
;;філ.;0;філіал (філія) 26-05-2014-nl
/*		філ. // філ. xxx.
;;філол.;0;філологія 26-05-2014-nl
/*		філол. // філол. xxx.
;;філос.;0;філософія 26-05-2014-nl
/*		філос. // філос. xxx.
;;фільмогр.;0;фільмографія 26-05-2014-nl
/*		фільмогр. // фільмогр. xxx.
;;фін.;0;фінансовий 26-05-2014-nl
/*		фін. // фін. xxx.
;;харк.;0;харківський 26-05-2014-nl
/*		харк. // харк. xxx.
;;xерсон.;0;херсонський 26-05-2014-nl
/*		xерсон. // xерсон. xxx.
;;хорв.;0;хорватський 26-05-2014-nl
/*		хорв. // хорв. xxx.
;;хореогр.;0;хореографія 26-05-2014-nl
/*		хореогр. // хореогр. xxx.
;;худож.;0;художник 26-05-2014-nl
/*		худож. // худож. xxx.
;;хім.;0;хімічний 26-05-2014-nl
/*		хім. // хім. xxx.
;;Хмельниц.;0;Хмельницький 26-05-2014-nl
/*		Хмельниц. // Хмельниц. xxx.
;;ц.;0;ціни 26-05-2014-nl
/*		ц. // ц. xxx.
;;церк.;0;церковний 26-05-2014-nl
/*		церк. // церк. xxx.
;;цит.;0;цитований 26-05-2014-nl
/*		цит. // цит. xxx.
;;ч.;0;частина 26-05-2014-nl
/*		ч. // ч. xxx.
;;часоп.;0;часопис 26-05-2014-nl
/*		часоп. // часоп. xxx.
;;чернів.;0;чернівецький 26-05-2014-nl
/*		чернів. // чернів. xxx.
;;черніг.;0;чернігівський 26-05-2014-nl
/*		черніг. // черніг. xxx.
;;чес.;0;чеський 26-05-2014-nl
/*		чес. // чес. xxx.
;;чис.;0;число 26-05-2014-nl
/*		чис. // чис. xxx.
;;чл.-кор.;0;член-кореспондент 26-05-2014-nl
/*		чл.-кор. // чл.-кор. xxx.
;;чл.;0; член 26-05-2014-nl
/*		чл. // чл. xxx.
;;шк.;0;школа 26-05-2014-nl
/*		шк. // шк. xxx.
;;щодекад.;0;щодекадний (щодекадно) 26-05-2014-nl
/*		щодекад. // щодекад. xxx.
;;щоден.;0;щоденний (щоденно) 26-05-2014-nl
/*		щоден. // щоден. xxx.
;;щокв.;0;щоквартальний (щоквартально) 26-05-2014-nl
/*		щокв. // щокв. xxx.
;;щомісяч.;0;щомісячний (щомісячно) 26-05-2014-nl
/*		щомісяч. // щомісяч. xxx.
;;щоріч.;0;щорічний (щорічно) 26-05-2014-nl
/*		щоріч. // щоріч. xxx.
;;щотиж.;0;щотижневий (щотижнево) 26-05-2014-nl
/*		щотиж. // щотиж. xxx.
;;ювіл.;0;ювілейний 26-05-2014-nl
/*		ювіл. // ювіл. xxx.
;;юнац.;0;юнацький 26-05-2014-nl
/*		юнац. // юнац. xxx.
;;яп.;0;японський 26-05-2014-nl
/*		яп. // яп. xxx.



/* UNUSED RULES

/*;;ген.;0;генеральний, also full word 26-05-2014-nl
/*;;гір.;0;гірський, also full word  26-05-2014-nl
/*;;друк.;0;друкарня also full word 26-05-2014-nl
/*;;коп.;0;копія, копійка only example at end sentence 26-05-2014-nl
/*;;мін.;0;мінімальний  also full word 26-05-2014-nl
/*;;прим.;0;примітка in corpus at end sentence 26-05-2014-nl
/*;;ред.;0;редакція, редактор at end sentence 26-05-2014-nl
/*;;ін.;0;та інше/інша/інше 18-04-2014-nl, usually at end sentence
/*;;е.;0;до н. е., often at end of sentence 09-09-2014-nl

/*;;Э.;0;initial
/*;;Э.А.;0;initial
/*;;Э.Б.;0;initial
/*;;Э.В.;0;initial
/*;;Э.Г.;0;initial
/*;;Э.Ґ.;0;initial
/*;;Э.Д.;0;initial
/*;;Э.Дж.;0;initial 26-05-2014-nl
/*;;Э.Е.;0;initial
/*;;Э.Є.;0;initial
/*;;Э.Ж.;0;initial
/*;;Э.З.;0;initial
/*;;Э.І.;0;initial
/*;;Э.Ї.;0;initial
/*;;Э.И.;0;initial
/*;;Э.Й.;0;initial
/*;;Э.К.;0;initial
/*;;Э.Л.;0;initial
/*;;Э.М.;0;initial
/*;;Э.Н.;0;initial
/*;;Э.О.;0;initial
/*;;Э.П.;0;initial
/*;;Э.Р.;0;initial
/*;;Э.С.;0;initial
/*;;Э.Т.;0;initial
/*;;Э.У.;0;initial
/*;;Э.Ф.;0;initial
/*;;Э.Х.;0;initial
/*;;Э.Ц.;0;initial
/*;;Э.Ч.;0;initial
/*;;Э.Ш.;0;initial
/*;;Э.Щ.;0;initial
/*;;Э.Ю.;0;initial
/*;;Э.Я.;0;initial